approve (Y/N/edit),proposed_action,circle_space,circle_space_id,circle_section,order,lesson_title,vimeo_id,vimeo_title,vimeo_folder,created,duration,upload_gb,privacy,notes,description
,MIGRATE,Classical Yoga & the Yoga Sūtras,2897811,2. Classical Yoga,1,Week 2 - Classical Yoga Philosophy - Sāṃkhya and Yoga Darṣana,1026665599,Week 2 - Classical Yoga Philosophy - Sāṃkhya and Yoga Darṣana,PUBLIC 200-Hour YTT / 3. Fall 2024 Weekly Sessions,2024-11-05,2:26:56,1.1,nobody,YTT Fall 2024 Week 2 (with slides),
,MIGRATE,Classical Yoga & the Yoga Sūtras,2897811,6. The Yoga Canon,1,The Yoga Canon Seminar,1016554463,The Yoga Canon Seminar,(no folder),2024-10-05,1:41:12,0.71,disable,,
,MIGRATE,"Death, Dreams & the Luminous Mind",2897814,1. Study the Tibetan Book of the Dead: Stages of Dissolution,1,Seminar: Tibetan Book of the Dead,583220238,Seminar: Tibetan Book of the Dead,(no folder),2021-08-05,1:56:29,1.072,disable,,
,MIGRATE,"Death, Dreams & the Luminous Mind",2897814,3. Dream Yoga,1,Dream Yoga,1140133013,Dream Yoga,Sadhana School / Fall 2025 Sadhana School,2025-11-24,2:24:11,2.659,unlisted,from Fall 2025 Sadhana School,
,MIGRATE,Meditation for Real Life,2897437,1. The Benefits of a Meditation Practice,1,The Benefits of a Meditation Practice,631243254,The Benefits of a Meditation Practice,(no folder),2021-10-13,0:10:12,0.272,disable,,
,MIGRATE,Meditation for Real Life,2897437,2. Spiritual Microdosing,1,"Spiritual Microdosing- How to Weave Short, Potent Practices into Everyday Life",1128046946,"Spiritual Microdosing- How to Weave Short, Potent Practices into Everyday Life",Living Room Lectures / Four Pathways - Tantrik Practice,2025-10-16,1:36:58,0.911,unlisted,,
,MIGRATE,Meditation for Real Life,2897437,"3. Working with Metaphor, Mantra & Meditation",1,"Working with Metaphor, Mantra, and Meditation (Workshop March 22)",1176391516,"Working with Metaphor, Mantra, and Meditation (Workshop March 22)",Wisdom School 2026 - Pilgrimage / WS 2026 Weekend Workshops,2026-03-24,2:28:41,1.76,nobody,also a Pilgrimage workshop,
,MIGRATE,Meditation for Real Life,2897437,4. Healing Stress,1,"Class 1_ Three components of anxiety_ Neurobiological, Psychological & Spiritual_Pilar Jennings_V1 ACC",899959348,"Class 1_ Three components of anxiety_ Neurobiological, Psychological & Spiritual_Pilar Jennings_V1 ACC",Blitz 2023 / Healing Stress - Pilar,2024-01-04,0:09:32,0.244,unlisted,"Pilar Jennings, 8 short classes",
,MIGRATE,Meditation for Real Life,2897437,4. Healing Stress,2,Class 2_ Mind & its Developmental Formation_ Links to early anxiety_Pilar Jennings_V1 _ACC,899959719,Class 2_ Mind & its Developmental Formation_ Links to early anxiety_Pilar Jennings_V1 _ACC,Blitz 2023 / Healing Stress - Pilar,2024-01-04,0:10:48,0.246,disable,"Pilar Jennings, 8 short classes",
,MIGRATE,Meditation for Real Life,2897437,4. Healing Stress,3,Class 3_ Healing Relational Sources of anxiety_Pilar Jennings_V1_ACC,899960117,Class 3_ Healing Relational Sources of anxiety_Pilar Jennings_V1_ACC,Blitz 2023 / Healing Stress - Pilar,2024-01-04,0:11:36,0.265,disable,"Pilar Jennings, 8 short classes",
,MIGRATE,Meditation for Real Life,2897437,4. Healing Stress,4,Class 4_ Why & How a separate self develops_ Buddhist origins of anxiety_Pilar Jennings_V1_ACC,899960552,Class 4_ Why & How a separate self develops_ Buddhist origins of anxiety_Pilar Jennings_V1_ACC,Blitz 2023 / Healing Stress - Pilar,2024-01-04,0:12:39,0.305,disable,"Pilar Jennings, 8 short classes",
,MIGRATE,Meditation for Real Life,2897437,4. Healing Stress,5,Class 5_ Healing Existential & Spiritual sources of anxiety_Pilar Jennings_V1_ACC,899961088,Class 5_ Healing Existential & Spiritual sources of anxiety_Pilar Jennings_V1_ACC,Blitz 2023 / Healing Stress - Pilar,2024-01-04,0:13:36,0.278,unlisted,"Pilar Jennings, 8 short classes",
,MIGRATE,Meditation for Real Life,2897437,4. Healing Stress,6,Class 6_ Building a Bridge_ Contemplative Psychotherapy and its methods for reducing anxiety_Pilar Jennings_V1_ACC,899961799,Class 6_ Building a Bridge_ Contemplative Psychotherapy and its methods for reducing anxiety_Pilar Jennings_V1_ACC,Blitz 2023 / Healing Stress - Pilar,2024-01-04,0:13:34,0.288,disable,"Pilar Jennings, 8 short classes",
,MIGRATE,Meditation for Real Life,2897437,4. Healing Stress,7,"Class 7_ Linking Self, early development, & Somatic Responses to anxiety_Pilar Jennings_V1_ACC",899962236,"Class 7_ Linking Self, early development, & Somatic Responses to anxiety_Pilar Jennings_V1_ACC",Blitz 2023 / Healing Stress - Pilar,2024-01-04,0:14:15,0.325,disable,"Pilar Jennings, 8 short classes",
,MIGRATE,Meditation for Real Life,2897437,4. Healing Stress,8,Class 8 _ Healing individual anxiety in an anxious world_Pilar Jennings_V1_ACC,899962574,Class 8 _ Healing individual anxiety in an anxious world_Pilar Jennings_V1_ACC,Blitz 2023 / Healing Stress - Pilar,2024-01-04,0:14:11,0.312,disable,"Pilar Jennings, 8 short classes",
,MIGRATE,"Myth, Shadow & the Inner Journey",2897815,5. The Alchemy of Longing,1,The Alchemy of Longing,1119287925,The Alchemy of Longing,Living Room Lectures / Four Pathways - Tantrik Practice,2025-09-17,1:20:12,1.225,disable,,
,MIGRATE,"Sound, Mantra & Sacred Speech",2897813,2. The Sound Bath Experience,1,Sound Bath for Peace in Uncertain Times,731151720,Sound Bath for Peace in Uncertain Times,(no folder),2022-07-18,0:29:53,0.931,nobody,one of three sound baths; pick one,"Sound Bath for Peace in Uncertain Times
Shawn Moore

Sound Bath for Peace in Uncertain Times is guided by the affirmation, I chose gratitude, tenderness, peace in this moment, embracing what happened, what is happening, and what will happen. In this experience, the practice will open with guided relaxation to ease the body into a restful state, followed by the sound and vibration created by quartz crystal singing bowls, designed  to support you through this journey. This accessible restorative p"
,MIGRATE,"Sound, Mantra & Sacred Speech",2897813,2. The Sound Bath Experience,2,Sound Bath for Self Compassion,734479212,Sound Bath for Self Compassion,(no folder),2022-07-28,0:45:09,1.607,nobody,one of three sound baths; pick one,"Sound Bath for Self Compassion is guided by Pema Chodron’s quote on self-compassion.  She says, Having compassion starts and ends with having compassion for all those unwanted parts of ourselves, all those imperfections that we don’t even want to look at. Compassion isn’t some kind of self-improvement project or ideal that we’re trying to live up to.” In this experience, the practice will open with guided relaxation to ease the body into a restful state, followed by the sound and vibration creat"
,MIGRATE,"Sound, Mantra & Sacred Speech",2897813,2. The Sound Bath Experience,3,Deep Relaxation & Sound Bath to Reconnect to our Basic Goodness,737281765,Deep Relaxation & Sound Bath to Reconnect to our Basic Goodness.mp4,(no folder),2022-08-07,0:58:05,2.516,nobody,one of three sound baths; pick one,"Deep Relaxation & Sound Bath to Reconnect to our Basic Goodness is guided by a Chogyam Trungpa Rinpoche quote about gentleness. In this experience, the practice will open with longer guided relaxation to ease the body into a restful state, followed by the sound and vibration created by Himalayan singing bowls, hapi drum, and chimes, designed  to support you through this journey. This accessible restorative practice uses the power of sound, intention, and silence to tap into your parasympathetic "
,MIGRATE,"Sound, Mantra & Sacred Speech",2897813,3. Yoga of Sound,1,"Yoga of Sound Seminar - January 5, 2021",663053075,"Yoga of Sound Seminar - January 5, 2021.mp4",(no folder),2022-01-06,1:46:05,1.829,nobody,,
,MIGRATE,"Sound, Mantra & Sacred Speech",2897813,4. Sanskrit Chanting,1,Seminar: Sanskrit Chanting,562574035,Seminar: Sanskrit Chanting,(no folder),2021-06-14,1:24:03,0.357,disable,,
,MIGRATE,"Sound, Mantra & Sacred Speech",2897813,5. Om Namah Shivaya: Why Mantra Matters,1,Om Namah Shivaya - Why mantra matters and how to practice it (Nataraj Chaitanya),401656218,Om Namah Shivaya - Why mantra matters and how to practice it (Nataraj Chaitanya),EPTV,2020-03-28,1:39:50,0.677,nobody,,
,MIGRATE,The Pilgrimage Project 2026,2897436,April · Sacred Companions and Guides,1,Sacred Companions and Guides - You don't walk alone...,1181278961,Sacred Companions and Guides - You don't walk alone...,Wisdom School 2026 - Pilgrimage,2026-04-08,1:03:03,0.399,nobody,,
,MIGRATE,The Pilgrimage Project 2026,2897436,April · Sacred Companions and Guides,2,Book Club: The Hero with a Thousand Faces,1182759393,Book Club: The Hero with a Thousand Faces,Wisdom School 2026 - Pilgrimage / Book Club Meet-Ups,2026-04-13,1:00:04,0.387,nobody,,
,MIGRATE,The Pilgrimage Project 2026,2897436,April · Sacred Companions and Guides,3,Module 1: Mystical Roots of Philosophia & Science Mode of Knowing,1183959373,Module 1: Mystical Roots of Philosophia & Science Mode of Knowing,Wisdom School 2026 - Pilgrimage / Hellenism Learning Pathway,2026-04-17,2:16:49,2.066,nobody,,
,MIGRATE,The Pilgrimage Project 2026,2897436,April · Sacred Companions and Guides,4,Module 2: Awakening the Philosophical Mind,1185951228,Module 2: Awakening the Philosophical Mind,Wisdom School 2026 - Pilgrimage / Hellenism Learning Pathway,2026-04-23,2:34:09,2.098,unlisted,,
,MIGRATE,The Pilgrimage Project 2026,2897436,April · Sacred Companions and Guides,5,Module 3: The Oracle Within,1188136367,Module 3: The Oracle Within,Wisdom School 2026 - Pilgrimage / Hellenism Learning Pathway,2026-04-30,2:18:56,1.647,unlisted,,
,MIGRATE,The Pilgrimage Project 2026,2897436,August · The Trials of Integration,1,"Trials of Integration - ""The Nothing"" (August Lecture)",1215937067,"Trials of Integration - ""The Nothing"" (August Lecture)",Wisdom School 2026 - Pilgrimage,2026-08-05,1:52:20,1.163,nobody,,
,MIGRATE,The Pilgrimage Project 2026,2897436,August · The Trials of Integration,2,Book Club: Pilgrimage: Past and Present in the World Religions,1216673950,Book Club: Pilgrimage: Past and Present in the World Religions,Wisdom School 2026 - Pilgrimage / Book Club Meet-Ups,2026-08-08,1:12:57,1.443,nobody,,
,MIGRATE,The Pilgrimage Project 2026,2897436,February · Refusal and Resistance,1,"Refusal and Resistance Surely not me, not this, not now... (February Lecture)",1162623024,"Refusal and Resistance Surely not me, not this, not now... (February Lecture)",Wisdom School 2026 - Pilgrimage,2026-02-06,1:30:27,0.953,nobody,,
,MIGRATE,The Pilgrimage Project 2026,2897436,January · The Call to Depth,1,"The Call to Depth: ""Something in me has stirred..."" (January Lecture)",1153021115,"The Call to Depth: ""Something in me has stirred..."" (January Lecture)",Wisdom School 2026 - Pilgrimage,2026-01-09,1:30:57,0.966,nobody,"also fits Myth, Shadow course › 1. The Call to Depth (second copy)",
,MIGRATE,The Pilgrimage Project 2026,2897436,July · Revelation,1,Revelation: “Everything I thought I knew is dissolving.” (July Lecture),1213701032,Revelation: “Everything I thought I knew is dissolving.” (July Lecture),Wisdom School 2026 - Pilgrimage,2026-07-28,1:51:11,1.404,nobody,"also fits Myth, Shadow course › 4. Revelation (second copy)",
,MIGRATE,The Pilgrimage Project 2026,2897436,June · Sacrifice and Letting Go,1,Sacrifice and Letting Go: “What must die for me to live?” (June Lecture),1198231701,Sacrifice and Letting Go: “What must die for me to live?” (June Lecture),Wisdom School 2026 - Pilgrimage,2026-06-03,1:33:57,0.51,nobody,,
,MIGRATE,The Pilgrimage Project 2026,2897436,June · Sacrifice and Letting Go,2,The Image as Portal Workshop,1203239780,The Image as Portal Workshop,Wisdom School 2026 - Pilgrimage / WS 2026 Weekend Workshops,2026-06-21,2:16:48,1.206,nobody,,
,MIGRATE,The Pilgrimage Project 2026,2897436,March · Crossing the Threshold,1,Crossing the Threshold - There’s no turning back now... (March Lecture),1170964173,Crossing the Threshold - There’s no turning back now... (March Lecture),Wisdom School 2026 - Pilgrimage,2026-03-06,1:29:43,0.773,nobody,"also fits Myth, Shadow course › 2. Crossing the Threshold (second copy)",
,MIGRATE,The Pilgrimage Project 2026,2897436,May · The Descent into the Shadow,1,Module 4: Embodiment & Arete,1189458687,Module 4: Embodiment & Arete,Wisdom School 2026 - Pilgrimage / Hellenism Learning Pathway,2026-05-05,2:36:23,2.028,nobody,,
,MIGRATE,The Pilgrimage Project 2026,2897436,May · The Descent into the Shadow,2,The Descent into the Shadow: “To know light is to experience darkness.” (May Lecture),1189610636,The Descent into the Shadow: “To know light is to experience darkness.” (May Lecture),Wisdom School 2026 - Pilgrimage,2026-05-06,1:30:41,0.729,unlisted,"also fits Myth, Shadow course › 3. The Descent into the Shadow (second copy)",
,MIGRATE,The Pilgrimage Project 2026,2897436,September · The Gift of the Real,1,Tantric Buddhism: Inner and Outer Pilgrimage (September Lecture),1223532655,Tantric Buddhism: Inner and Outer Pilgrimage (September Lecture),Wisdom School 2026 - Pilgrimage,2026-09-03,1:28:05,0.756,nobody,,
,MIGRATE,"The Subtle Body: Chakras, Prāṇa & Breath",2897812,1. Subtle Body Anatomy,1,Week 4 - Subtle Body Anatomy,1055773645,Week 4 - Subtle Body Anatomy,PUBLIC 200-Hour YTT / 4. Winter 2025 Weekly Sessions,2025-02-12,2:14:36,1.854,nobody,YTT Winter 2025 Week 4 (with slides),
,MIGRATE,"The Subtle Body: Chakras, Prāṇa & Breath",2897812,2. Neuroecopsychology of the Subtle Body,1,Neuroecopsychology of the Subtle Body,827779144,Neuroecopsychology of the Subtle Body,Buddhist Psychology Cert,2023-05-17,1:23:41,0.852,unlisted,,
,MIGRATE,"The Subtle Body: Chakras, Prāṇa & Breath",2897812,3. Chakras Illuminated,1,Chakras Illuminated - Module 1,465504448,Chakras Illuminated - Module 1,EP_Courses,2020-10-06,2:08:18,1.368,unlisted,Module 1 of 4,
,MIGRATE,"The Subtle Body: Chakras, Prāṇa & Breath",2897812,3. Chakras Illuminated,2,Chakras Illuminated - Module 2,465508270,Chakras Illuminated - Module 2,EP_Courses,2020-10-06,2:16:55,1.094,unlisted,Module 2 of 4,
,MIGRATE,"The Subtle Body: Chakras, Prāṇa & Breath",2897812,3. Chakras Illuminated,3,Chakras Illuminated - Module 3,465512215,Chakras Illuminated - Module 3,EP_Courses,2020-10-06,2:12:31,1.486,unlisted,Module 3 of 4,
,MIGRATE,"The Subtle Body: Chakras, Prāṇa & Breath",2897812,3. Chakras Illuminated,4,Chakras Illuminated - Module 4,465516168,Chakras Illuminated - Module 4,EP_Courses,2020-10-06,2:29:57,1.638,unlisted,Module 4 of 4,
,MIGRATE,"The Subtle Body: Chakras, Prāṇa & Breath",2897812,4. Breath Mechanics,1,17. Breath Mechanics - Breath + The Central Channel,1136787753,17. Breath Mechanics - Breath + The Central Channel,PUBLIC 200-Hour YTT / 6. Weekend Immersions,2025-11-14,3:59:35,5.109,nobody,5.1 GB at 1080p is over Circle’s 4 GB limit: upload 720p,
,MIGRATE,"The Subtle Body: Chakras, Prāṇa & Breath",2897812,4. Breath Mechanics,2,18. Breath Mechanics - Alignment + Proprioception,1136733586,18. Breath Mechanics - Alignment + Proprioception,PUBLIC 200-Hour YTT / 6. Weekend Immersions,2025-11-14,4:04:55,5.168,nobody,5.2 GB at 1080p is over Circle’s 4 GB limit: upload 720p,
,SUGGEST,Fall Recordings & Readings,2896663,Fall 2025 recordings,1,Orientation - Fall 2025 Sadhana School,1128986830,Orientation - Fall 2025 Sadhana School,Sadhana School / Fall 2025 Sadhana School,2025-10-20,1:54:15,1.963,nobody,last cohort’s recordings as this year’s library?,
,SUGGEST,Fall Recordings & Readings,2896663,Fall 2025 recordings,2,Week 1 - The Exegesis of Kashmir Śaivism,1129992768,Week 1 - The Exegesis of Kashmir Śaivism,Sadhana School / Fall 2025 Sadhana School,2025-10-23,2:17:15,1.454,unlisted,last cohort’s recordings as this year’s library?,
,SUGGEST,Fall Recordings & Readings,2896663,Fall 2025 recordings,3,Week 2 - The Birth of the Spanda School,1133212343,Week 2 - The Birth of the Spanda School,Sadhana School / Fall 2025 Sadhana School,2025-11-03,2:17:13,1.406,unlisted,last cohort’s recordings as this year’s library?,
,SUGGEST,Fall Recordings & Readings,2896663,Fall 2025 recordings,4,Week 3 - A Tantrik Theory of Mantra,1134075982,Week 3 - A Tantrik Theory of Mantra,Sadhana School / Fall 2025 Sadhana School,2025-11-06,1:56:49,0.944,unlisted,last cohort’s recordings as this year’s library?,
,SUGGEST,Fall Recordings & Readings,2896663,Fall 2025 recordings,5,Week 4 - Bondage and Limitation,1136638109,Week 4 - Bondage and Limitation,Sadhana School / Fall 2025 Sadhana School,2025-11-13,2:37:53,2.081,nobody,last cohort’s recordings as this year’s library?,
,SUGGEST,Fall Recordings & Readings,2896663,Fall 2025 recordings,6,Week 5 - The Body that Knows,1138731682,Week 5 - The Body that Knows,Sadhana School / Fall 2025 Sadhana School,2025-11-20,2:29:57,1.206,nobody,last cohort’s recordings as this year’s library?,
,SUGGEST,Fall Recordings & Readings,2896663,Fall 2025 recordings,7,Week 6 - Vertical Causality,1142193307,Week 6 - Vertical Causality,Sadhana School / Fall 2025 Sadhana School,2025-12-01,1:56:54,1.441,nobody,last cohort’s recordings as this year’s library?,
,SUGGEST,Fall Recordings & Readings,2896663,Fall 2025 recordings,8,Week 7 - The Bliss of Beatitude,1143211151,Week 7 - The Bliss of Beatitude,Sadhana School / Fall 2025 Sadhana School,2025-12-03,2:04:09,1.033,nobody,last cohort’s recordings as this year’s library?,
,SUGGEST,Fall Recordings & Readings,2896663,Fall 2025 recordings,9,SS Fall 2025 - Integration Session,1148701631,SS Fall 2025 - Integration Session,Sadhana School / Fall 2025 Sadhana School,2025-12-22,2:13:56,2.617,nobody,last cohort’s recordings as this year’s library?,
,SUGGEST,Fall Recordings & Readings,2896663,Fall 2025 recordings,10,Week 8 - The Existential Consequences of Spanda Theory,1148704750,Week 8 - The Existential Consequences of Spanda Theory,Sadhana School / Fall 2025 Sadhana School,2025-12-22,3:08:09,2.337,nobody,last cohort’s recordings as this year’s library?,
,SUGGEST,Meditation Mondays · Library,2897426,April 2026,1,April 6th Meditation,1180570103,April 6th Meditation,Wisdom School 2026 - Pilgrimage / Meditation Mondays,2026-04-06,0:53:23,0.544,nobody,adds month sections Jan–Sep 2026 (only Oct–Dec exist),
,SUGGEST,Meditation Mondays · Library,2897426,April 2026,2,April 13 Meditation,1182759392,April 13 Meditation,Wisdom School 2026 - Pilgrimage / Meditation Mondays,2026-04-13,1:00:40,1.099,nobody,adds month sections Jan–Sep 2026 (only Oct–Dec exist),
,SUGGEST,Meditation Mondays · Library,2897426,April 2026,3,April 20th Meditation,1184957969,April 20th Meditation,Wisdom School 2026 - Pilgrimage / Meditation Mondays,2026-04-20,0:58:44,1.163,nobody,adds month sections Jan–Sep 2026 (only Oct–Dec exist),
,SUGGEST,Meditation Mondays · Library,2897426,April 2026,4,April 27 Meditation,1189204010,April 27 Meditation,Wisdom School 2026 - Pilgrimage / Meditation Mondays,2026-05-04,1:03:09,0.53,nobody,adds month sections Jan–Sep 2026 (only Oct–Dec exist),
,SUGGEST,Meditation Mondays · Library,2897426,August 2026,1,August 3rd Meditation,1215936981,August 3rd Meditation,Wisdom School 2026 - Pilgrimage / Meditation Mondays,2026-08-05,0:41:23,0.762,nobody,adds month sections Jan–Sep 2026 (only Oct–Dec exist),
,SUGGEST,Meditation Mondays · Library,2897426,August 2026,2,August 10th Meditation,1217379813,August 10th Meditation,Wisdom School 2026 - Pilgrimage / Meditation Mondays,2026-08-11,0:36:09,0.315,nobody,adds month sections Jan–Sep 2026 (only Oct–Dec exist),
,SUGGEST,Meditation Mondays · Library,2897426,August 2026,3,August 18th Meditation,1219261805,August 18th Meditation,Wisdom School 2026 - Pilgrimage / Meditation Mondays,2026-08-18,0:56:00,0.661,nobody,adds month sections Jan–Sep 2026 (only Oct–Dec exist),
,SUGGEST,Meditation Mondays · Library,2897426,August 2026,4,August 24th Meditation,1221229123,August 24th Meditation,Wisdom School 2026 - Pilgrimage / Meditation Mondays,2026-08-25,0:59:04,0.47,unlisted,adds month sections Jan–Sep 2026 (only Oct–Dec exist),
,SUGGEST,Meditation Mondays · Library,2897426,August 2026,5,August 31st Meditation,1223533033,August 31st Meditation,Wisdom School 2026 - Pilgrimage / Meditation Mondays,2026-09-03,1:00:35,0.376,unlisted,adds month sections Jan–Sep 2026 (only Oct–Dec exist),
,SUGGEST,Meditation Mondays · Library,2897426,February 2026,1,February 2 Meditation,1162619628,February 2 Meditation,Wisdom School 2026 - Pilgrimage / Meditation Mondays,2026-02-06,0:59:57,0.728,nobody,adds month sections Jan–Sep 2026 (only Oct–Dec exist),
,SUGGEST,Meditation Mondays · Library,2897426,February 2026,2,February 9 Meditation,1163468205,February 9 Meditation,Wisdom School 2026 - Pilgrimage / Meditation Mondays,2026-02-10,0:56:55,0.767,nobody,adds month sections Jan–Sep 2026 (only Oct–Dec exist),
,SUGGEST,Meditation Mondays · Library,2897426,February 2026,3,February 16 Meditation,1165839517,February 16 Meditation,Wisdom School 2026 - Pilgrimage / Meditation Mondays,2026-02-17,0:59:31,0.784,nobody,adds month sections Jan–Sep 2026 (only Oct–Dec exist),
,SUGGEST,Meditation Mondays · Library,2897426,February 2026,4,February 23 Meditation,1167507500,February 23 Meditation,Wisdom School 2026 - Pilgrimage / Meditation Mondays,2026-02-23,0:52:27,0.879,nobody,adds month sections Jan–Sep 2026 (only Oct–Dec exist),
,SUGGEST,Meditation Mondays · Library,2897426,January 2026,1,January 19 Meditation,1156694262,January 19 Meditation,Wisdom School 2026 - Pilgrimage / Meditation Mondays,2026-01-21,0:55:52,0.9,nobody,adds month sections Jan–Sep 2026 (only Oct–Dec exist),
,SUGGEST,Meditation Mondays · Library,2897426,January 2026,2,January 26 Meditation,1162621020,January 26 Meditation,Wisdom School 2026 - Pilgrimage / Meditation Mondays,2026-02-06,0:49:03,0.776,nobody,adds month sections Jan–Sep 2026 (only Oct–Dec exist),
,SUGGEST,Meditation Mondays · Library,2897426,July 2026,1,July 20th Meditation,1213741279,July 20th Meditation,Wisdom School 2026 - Pilgrimage / Meditation Mondays,2026-07-28,1:00:23,1.248,nobody,adds month sections Jan–Sep 2026 (only Oct–Dec exist),
,SUGGEST,Meditation Mondays · Library,2897426,July 2026,2,July 27th Meditation,1213741280,July 27th Meditation,Wisdom School 2026 - Pilgrimage / Meditation Mondays,2026-07-28,0:59:41,0.42,nobody,adds month sections Jan–Sep 2026 (only Oct–Dec exist),
,SUGGEST,Meditation Mondays · Library,2897426,June 2026,1,June 1st Meditation,1197512117,June 1st Meditation,Wisdom School 2026 - Pilgrimage / Meditation Mondays,2026-06-01,1:03:05,0.529,nobody,adds month sections Jan–Sep 2026 (only Oct–Dec exist),
,SUGGEST,Meditation Mondays · Library,2897426,June 2026,2,June 8th Meditation,1199796325,June 8th Meditation,Wisdom School 2026 - Pilgrimage / Meditation Mondays,2026-06-09,0:38:53,0.512,nobody,adds month sections Jan–Sep 2026 (only Oct–Dec exist),
,SUGGEST,Meditation Mondays · Library,2897426,June 2026,3,June 15th Meditation,1201549452,June 15th Meditation,Wisdom School 2026 - Pilgrimage / Meditation Mondays,2026-06-15,0:43:41,0.487,nobody,adds month sections Jan–Sep 2026 (only Oct–Dec exist),
,SUGGEST,Meditation Mondays · Library,2897426,June 2026,4,June 22nd Meditation,1203604854,June 22nd Meditation,Wisdom School 2026 - Pilgrimage / Meditation Mondays,2026-06-22,0:57:24,0.797,nobody,adds month sections Jan–Sep 2026 (only Oct–Dec exist),
,SUGGEST,Meditation Mondays · Library,2897426,March 2026,1,March 9 Meditation,1171940795,March 9 Meditation,Wisdom School 2026 - Pilgrimage / Meditation Mondays,2026-03-09,0:55:38,0.814,nobody,adds month sections Jan–Sep 2026 (only Oct–Dec exist),
,SUGGEST,Meditation Mondays · Library,2897426,March 2026,2,March 16 Meditation,1174212330,March 16 Meditation,Wisdom School 2026 - Pilgrimage / Meditation Mondays,2026-03-17,1:02:35,0.99,nobody,adds month sections Jan–Sep 2026 (only Oct–Dec exist),
,SUGGEST,Meditation Mondays · Library,2897426,March 2026,3,March 23 Meditation,1176388577,March 23 Meditation,Wisdom School 2026 - Pilgrimage / Meditation Mondays,2026-03-24,0:58:24,0.975,nobody,adds month sections Jan–Sep 2026 (only Oct–Dec exist),
,SUGGEST,Meditation Mondays · Library,2897426,March 2026,4,March 30th Meditation,1178586842,March 30th Meditation,Wisdom School 2026 - Pilgrimage / Meditation Mondays,2026-03-30,0:54:27,0.885,nobody,adds month sections Jan–Sep 2026 (only Oct–Dec exist),
,SUGGEST,Meditation Mondays · Library,2897426,May 2026,1,May 4th Meditation,1189196547,May 4th Meditation,Wisdom School 2026 - Pilgrimage / Meditation Mondays,2026-05-04,0:42:22,0.603,nobody,adds month sections Jan–Sep 2026 (only Oct–Dec exist),
,SUGGEST,Meditation Mondays · Library,2897426,May 2026,2,May 11th Meditation,1191271382,May 11th Meditation,Wisdom School 2026 - Pilgrimage / Meditation Mondays,2026-05-11,0:43:54,0.655,nobody,adds month sections Jan–Sep 2026 (only Oct–Dec exist),
,SUGGEST,Meditation Mondays · Library,2897426,May 2026,3,May 18th Meditation,1193628160,May 18th Meditation,Wisdom School 2026 - Pilgrimage / Meditation Mondays,2026-05-19,0:55:07,1.044,nobody,adds month sections Jan–Sep 2026 (only Oct–Dec exist),
,SUGGEST,Meditation Mondays · Library,2897426,May 2026,4,May 25th Meditation,1195722330,May 25th Meditation,Wisdom School 2026 - Pilgrimage / Meditation Mondays,2026-05-26,1:15:00,0.948,nobody,adds month sections Jan–Sep 2026 (only Oct–Dec exist),
,SUGGEST,Meditation Mondays · Library,2897426,September 2026,1,September 14th Meditation,1226805592,September 14th Meditation,Wisdom School 2026 - Pilgrimage / Meditation Mondays,2026-09-15,0:43:40,0.236,unlisted,adds month sections Jan–Sep 2026 (only Oct–Dec exist),
,SUGGEST,Navarātri · Recordings & Reflections,2896982,Navarātri 2025,1,Navarātri - Opening Session,1120940418,Navarātri - Opening Session,Navaratri Fall 2025,2025-09-22,1:39:55,1.164,nobody,basic space: one post per video,
,SUGGEST,Navarātri · Recordings & Reflections,2896982,Navarātri 2025,2,Navarātri - Session 2 - Brahmāṇī,1123371456,Navarātri - Session 2 - Brahmāṇī,Navaratri Fall 2025,2025-09-30,0:41:06,0.567,nobody,basic space: one post per video,
,SUGGEST,Navarātri · Recordings & Reflections,2896982,Navarātri 2025,3,Navarātri - Session 3 - Varāhī,1123371831,Navarātri - Session 3 - Varāhī,Navaratri Fall 2025,2025-09-30,0:48:25,0.678,nobody,basic space: one post per video,
,SUGGEST,Navarātri · Recordings & Reflections,2896982,Navarātri 2025,4,Navarātri - Session 4 - Indrānī,1123371691,Navarātri - Session 4 - Indrānī,Navaratri Fall 2025,2025-09-30,0:32:39,0.549,nobody,basic space: one post per video,
,SUGGEST,Navarātri · Recordings & Reflections,2896982,Navarātri 2025,5,Navarātri - Session 5 - Maheśvarī,1123371579,Navarātri - Session 5 - Maheśvarī,Navaratri Fall 2025,2025-09-30,0:32:58,0.472,nobody,basic space: one post per video,
,SUGGEST,Navarātri · Recordings & Reflections,2896982,Navarātri 2025,6,Navarātri - Session 6 - Kaumārī,1123371554,Navarātri - Session 6 - Kaumārī,Navaratri Fall 2025,2025-09-30,0:05:57,0.055,nobody,basic space: one post per video,
,SUGGEST,Navarātri · Recordings & Reflections,2896982,Navarātri 2025,7,Navaratri - Session 6.B - Kaumari,1123384794,Navaratri - Session 6.B - Kaumari,Navaratri Fall 2025,2025-09-30,0:03:17,0.012,nobody,basic space: one post per video,
,SUGGEST,Navarātri · Recordings & Reflections,2896982,Navarātri 2025,8,Navarātri - Session 6c - Kaumārī,1123384746,Navarātri - Session 6c - Kaumārī,Navaratri Fall 2025,2025-09-30,0:11:50,0.141,nobody,basic space: one post per video,
,SUGGEST,Navarātri · Recordings & Reflections,2896982,Navarātri 2025,9,Navarātri - Session 7a - Vaiṣṇavī,1123384673,Navarātri - Session 7a - Vaiṣṇavī,Navaratri Fall 2025,2025-09-30,0:22:40,0.255,nobody,basic space: one post per video,
,SUGGEST,Navarātri · Recordings & Reflections,2896982,Navarātri 2025,10,Navarātri - Session 7b - Vaiṣṇavī,1123384642,Navarātri - Session 7b - Vaiṣṇavī,Navaratri Fall 2025,2025-09-30,0:06:06,0.032,nobody,basic space: one post per video,
,SUGGEST,Navarātri · Recordings & Reflections,2896982,Navarātri 2025,11,Navarātri - Session 7c - Vaiṣṇavī,1123384584,Navarātri - Session 7c - Vaiṣṇavī,Navaratri Fall 2025,2025-09-30,0:09:47,0.19,nobody,basic space: one post per video,
,SUGGEST,Navarātri · Recordings & Reflections,2896982,Navarātri 2025,12,Navarātri - Session 8a - Cāmuṇḍā,1123384549,Navarātri - Session 8a - Cāmuṇḍā,Navaratri Fall 2025,2025-09-30,0:11:52,0.115,nobody,basic space: one post per video,
,SUGGEST,Navarātri · Recordings & Reflections,2896982,Navarātri 2025,13,Navarātri - Session 8b - Cāmuṇḍā,1123384532,Navarātri - Session 8b - Cāmuṇḍā,Navaratri Fall 2025,2025-09-30,0:06:34,0.035,nobody,basic space: one post per video,
,SUGGEST,Navarātri · Recordings & Reflections,2896982,Navarātri 2025,14,Navarātri - Session 8c - Cāmuṇḍā,1123384432,Navarātri - Session 8c - Cāmuṇḍā,Navaratri Fall 2025,2025-09-30,0:13:28,0.299,nobody,basic space: one post per video,
,SUGGEST,Navarātri · Recordings & Reflections,2896982,Navarātri 2025,15,Navarātri - Session 9a - Caṇḍikā,1123372057,Navarātri - Session 9a - Caṇḍikā,Navaratri Fall 2025,2025-09-30,0:25:00,0.235,nobody,basic space: one post per video,
,SUGGEST,Navarātri · Recordings & Reflections,2896982,Navarātri 2025,16,Navarātri - Session 9b - Caṇḍikā,1123372115,Navarātri - Session 9b - Caṇḍikā,Navaratri Fall 2025,2025-09-30,0:07:53,0.04,nobody,basic space: one post per video,
,SUGGEST,Navarātri · Recordings & Reflections,2896982,Navarātri 2025,17,Navarātri - Session 9c - Caṇḍikā,1123371977,Navarātri - Session 9c - Caṇḍikā,Navaratri Fall 2025,2025-09-30,0:17:43,0.349,nobody,basic space: one post per video,
,SUGGEST,Navarātri · Recordings & Reflections,2896982,Navarātri 2025,18,Navarātri - Closing Session,1123656719,Navarātri - Closing Session,Navaratri Fall 2025,2025-10-01,1:44:32,1.444,nobody,basic space: one post per video,
,SUGGEST,Spring Recordings & Readings,2896667,Spring 2026 recordings,1,Week 1 - The Eye that Sees Itself,1188275336,Week 1 - The Eye that Sees Itself,Sadhana School / Spring 2026 Sadhana School,2026-04-30,2:34:08,1.474,nobody,last cohort’s recordings as this year’s library?,
,SUGGEST,Spring Recordings & Readings,2896667,Spring 2026 recordings,2,Week 2 - The Three Yogas of the Netra Tantra,1190185914,Week 2 - The Three Yogas of the Netra Tantra,Sadhana School / Spring 2026 Sadhana School,2026-05-07,2:38:21,1.955,nobody,last cohort’s recordings as this year’s library?,
,SUGGEST,Spring Recordings & Readings,2896667,Spring 2026 recordings,3,Week 3 - Meditative Techniques from the Vijñāna-bhairava,1192039656,Week 3 - Meditative Techniques from the Vijñāna-bhairava,Sadhana School / Spring 2026 Sadhana School,2026-05-13,2:38:48,2.642,nobody,last cohort’s recordings as this year’s library?,
,SUGGEST,Spring Recordings & Readings,2896667,Spring 2026 recordings,4,"Week 4 - To Illuminate, Nourish, and Dissolve",1194511302,"Week 4 - To Illuminate, Nourish, and Dissolve",Sadhana School / Spring 2026 Sadhana School,2026-05-21,2:26:22,1.93,nobody,last cohort’s recordings as this year’s library?,
,SUGGEST,Spring Recordings & Readings,2896667,Spring 2026 recordings,5,The Way of Srividya,1195716858,The Way of Srividya,Sadhana School / Spring 2026 Sadhana School,2026-05-26,2:14:56,3.097,nobody,last cohort’s recordings as this year’s library?,
,SUGGEST,Spring Recordings & Readings,2896667,Spring 2026 recordings,6,Week 5 - The Nectar of Deities,1196413664,Week 5 - The Nectar of Deities,Sadhana School / Spring 2026 Sadhana School,2026-05-28,2:18:26,1.335,nobody,last cohort’s recordings as this year’s library?,
,SUGGEST,Spring Recordings & Readings,2896667,Spring 2026 recordings,7,Week 6 - The Aesthetics of Recognition,1198445432,Week 6 - The Aesthetics of Recognition,Sadhana School / Spring 2026 Sadhana School,2026-06-04,2:50:08,2.28,nobody,last cohort’s recordings as this year’s library?,
,SUGGEST,Spring Recordings & Readings,2896667,Spring 2026 recordings,8,The Inner Saboteur,1198941326,The Inner Saboteur,Sadhana School / Spring 2026 Sadhana School,2026-06-06,2:58:23,2.476,nobody,last cohort’s recordings as this year’s library?,
,SUGGEST,Spring Recordings & Readings,2896667,Spring 2026 recordings,9,Week 7 - Week 7 - The Third Eye Across Traditions: A Cross-Cultural Perspective,1200599385,Week 7 - Week 7 - The Third Eye Across Traditions: A Cross-Cultural Perspective,Sadhana School / Spring 2026 Sadhana School,2026-06-11,2:16:30,0.963,nobody,last cohort’s recordings as this year’s library?,
,SUGGEST,Spring Recordings & Readings,2896667,Spring 2026 recordings,10,Week 8 - Satsanga - Living from the Truth of the Third Eye,1202551559,Week 8 - Satsanga - Living from the Truth of the Third Eye,Sadhana School / Spring 2026 Sadhana School,2026-06-18,2:38:50,3.109,nobody,last cohort’s recordings as this year’s library?,
,SUGGEST,Summer Recordings & Readings,2896669,Summer Retreat 2025,1,GMT20250710-123627 Recording avo 1920x1080,1104008888,GMT20250710-123627_Recording_avo_1920x1080,Sadhana School / Summer Retreat 2025 SS / Summer Retreat 2025 - NO SLIDES,2025-07-24,2:56:24,2.703,nobody,only a no-slides version exists; Zoom file name: needs a proper lesson title,
,SUGGEST,Summer Recordings & Readings,2896669,Summer Retreat 2025,2,GMT20250710-164955 Recording avo 1920x1080,1104008107,GMT20250710-164955_Recording_avo_1920x1080,Sadhana School / Summer Retreat 2025 SS / Summer Retreat 2025 - NO SLIDES,2025-07-24,2:48:15,2.595,nobody,only a no-slides version exists; Zoom file name: needs a proper lesson title,
,SUGGEST,Summer Recordings & Readings,2896669,Summer Retreat 2025,3,GMT20250711-124919 Recording avo 1920x1080,1104007587,GMT20250711-124919_Recording_avo_1920x1080,Sadhana School / Summer Retreat 2025 SS / Summer Retreat 2025 - NO SLIDES,2025-07-24,2:42:45,2.931,nobody,only a no-slides version exists; Zoom file name: needs a proper lesson title,
,SUGGEST,Summer Recordings & Readings,2896669,Summer Retreat 2025,4,GMT20250711-164911 Recording avo 1920x1080,1104007250,GMT20250711-164911_Recording_avo_1920x1080,Sadhana School / Summer Retreat 2025 SS / Summer Retreat 2025 - NO SLIDES,2025-07-24,2:43:56,2.032,nobody,only a no-slides version exists; Zoom file name: needs a proper lesson title,
,SUGGEST,Summer Recordings & Readings,2896669,Summer Retreat 2025,5,GMT20250712-125202 Recording avo 1920x1080,1104006962,GMT20250712-125202_Recording_avo_1920x1080,Sadhana School / Summer Retreat 2025 SS / Summer Retreat 2025 - NO SLIDES,2025-07-24,2:39:06,2.015,nobody,only a no-slides version exists; Zoom file name: needs a proper lesson title,
,SUGGEST,Summer Recordings & Readings,2896669,Summer Retreat 2025,6,GMT20250712-164841 Recording avo 1920x1080,1104006280,GMT20250712-164841_Recording_avo_1920x1080,Sadhana School / Summer Retreat 2025 SS / Summer Retreat 2025 - NO SLIDES,2025-07-24,2:49:43,2.428,nobody,only a no-slides version exists; Zoom file name: needs a proper lesson title,
,SUGGEST,Summer Recordings & Readings,2896669,Summer Retreat 2025,7,GMT20250713-124840 Recording avo 1920x1080,1104005896,GMT20250713-124840_Recording_avo_1920x1080,Sadhana School / Summer Retreat 2025 SS / Summer Retreat 2025 - NO SLIDES,2025-07-24,2:48:49,2.959,nobody,only a no-slides version exists; Zoom file name: needs a proper lesson title,
,SUGGEST,Summer Recordings & Readings,2896669,Summer Retreat 2025,8,GMT20250713-164944 Recording avo 1920x1080,1104005557,GMT20250713-164944_Recording_avo_1920x1080,Sadhana School / Summer Retreat 2025 SS / Summer Retreat 2025 - NO SLIDES,2025-07-24,2:51:29,2.613,nobody,only a no-slides version exists; Zoom file name: needs a proper lesson title,
,SUGGEST,Summer Recordings & Readings,2896669,Summer Retreat 2025,9,GMT20250714-124605 Recording avo 1280x720,1104005329,GMT20250714-124605_Recording_avo_1280x720,Sadhana School / Summer Retreat 2025 SS / Summer Retreat 2025 - NO SLIDES,2025-07-24,2:45:43,1.44,nobody,only a no-slides version exists; Zoom file name: needs a proper lesson title,
,SUGGEST,Summer Recordings & Readings,2896669,Summer Retreat 2025,10,GMT20250714-165538 Recording avo 1920x1080,1104005041,GMT20250714-165538_Recording_avo_1920x1080,Sadhana School / Summer Retreat 2025 SS / Summer Retreat 2025 - NO SLIDES,2025-07-24,2:43:40,2.55,nobody,only a no-slides version exists; Zoom file name: needs a proper lesson title,
,SUGGEST,Summer Recordings & Readings,2896669,Summer Retreat 2025,11,GMT20250715-125159 Recording avo 1920x1080,1104004613,GMT20250715-125159_Recording_avo_1920x1080,Sadhana School / Summer Retreat 2025 SS / Summer Retreat 2025 - NO SLIDES,2025-07-24,2:44:45,3.376,nobody,only a no-slides version exists; Zoom file name: needs a proper lesson title,
,SUGGEST,Summer Recordings & Readings,2896669,Summer Retreat 2025,12,GMT20250715-164949 Recording avo 1920x1080,1104004158,GMT20250715-164949_Recording_avo_1920x1080,Sadhana School / Summer Retreat 2025 SS / Summer Retreat 2025 - NO SLIDES,2025-07-24,2:44:18,2.943,nobody,only a no-slides version exists; Zoom file name: needs a proper lesson title,
,SUGGEST,Summer Recordings & Readings,2896669,Summer Retreat 2025,13,GMT20250716-125333 Recording avo 1920x1080,1104003679,GMT20250716-125333_Recording_avo_1920x1080,Sadhana School / Summer Retreat 2025 SS / Summer Retreat 2025 - NO SLIDES,2025-07-24,2:40:55,2.668,nobody,only a no-slides version exists; Zoom file name: needs a proper lesson title,
,SUGGEST,Summer Recordings & Readings,2896669,Summer Retreat 2025,14,GMT20250716-164712 Recording avo 1920x1080,1104003184,GMT20250716-164712_Recording_avo_1920x1080,Sadhana School / Summer Retreat 2025 SS / Summer Retreat 2025 - NO SLIDES,2025-07-24,3:07:29,3.73,nobody,only a no-slides version exists; Zoom file name: needs a proper lesson title,
,SUGGEST,Winter Recordings & Readings,2896665,Winter 2026 recordings,1,Week 1 - Orientation to Matrika Theory + Matrika Nyasa,1162641126,Week 1 - Orientation to Matrika Theory + Matrika Nyasa,Sadhana School / Winter 2026 Sadhana School,2026-02-06,2:29:21,1.426,nobody,last cohort’s recordings as this year’s library?,
,SUGGEST,Winter Recordings & Readings,2896665,Winter 2026 recordings,2,"Week 2 - Speech, Reality, and the Alchemy of Mantra",1162625625,"Week 2 - Speech, Reality, and the Alchemy of Mantra",Sadhana School / Winter 2026 Sadhana School,2026-02-06,2:23:50,2.046,nobody,last cohort’s recordings as this year’s library?,
,SUGGEST,Winter Recordings & Readings,2896665,Winter 2026 recordings,3,Week 3 - The Subtle Certainty of Supreme Speech,1164165653,Week 3 - The Subtle Certainty of Supreme Speech,Sadhana School / Winter 2026 Sadhana School,2026-02-11,2:15:38,1.277,nobody,last cohort’s recordings as this year’s library?,
,SUGGEST,Winter Recordings & Readings,2896665,Winter 2026 recordings,4,Week 4 - Sound as Prayer and Presence,1166173697,Week 4 - Sound as Prayer and Presence,Sadhana School / Winter 2026 Sadhana School,2026-02-19,2:16:33,1.562,nobody,last cohort’s recordings as this year’s library?,
,SUGGEST,Winter Recordings & Readings,2896665,Winter 2026 recordings,5,Matrika-Nyasa,1167481989,Matrika-Nyasa,Sadhana School / Winter 2026 Sadhana School,2026-02-23,0:27:56,0.129,nobody,last cohort’s recordings as this year’s library?,
,SUGGEST,Winter Recordings & Readings,2896665,Winter 2026 recordings,6,Week 5 - Settling Into the Subtle Sentence as Song,1168585837,Week 5 - Settling Into the Subtle Sentence as Song,Sadhana School / Winter 2026 Sadhana School,2026-02-26,2:24:13,1.497,nobody,last cohort’s recordings as this year’s library?,
,SUGGEST,Winter Recordings & Readings,2896665,Winter 2026 recordings,7,Week 6 - The Collapse of the Alphabet,1170965328,Week 6 - The Collapse of the Alphabet,Sadhana School / Winter 2026 Sadhana School,2026-03-06,2:32:16,1.641,nobody,last cohort’s recordings as this year’s library?,
,SUGGEST,Winter Recordings & Readings,2896665,Winter 2026 recordings,8,Week 7 - Phonematic Emanation + Linguistic Mysticism,1172766848,Week 7 - Phonematic Emanation + Linguistic Mysticism,Sadhana School / Winter 2026 Sadhana School,2026-03-12,2:40:14,1.981,nobody,last cohort’s recordings as this year’s library?,
,SUGGEST,Winter Recordings & Readings,2896665,Winter 2026 recordings,9,Week 8 - Mātṛkā Satsaṅga,1175625992,Week 8 - Mātṛkā Satsaṅga,Sadhana School / Winter 2026 Sadhana School,2026-03-20,2:41:36,1.961,nobody,last cohort’s recordings as this year’s library?,
,SUGGEST,Winter Recordings & Readings,2896665,Winter 2026 recordings,10,Mātṛkā  Integration Session,1176593283,Mātṛkā  Integration Session,Sadhana School / Winter 2026 Sadhana School,2026-03-24,1:51:25,2.188,nobody,last cohort’s recordings as this year’s library?,
,DECIDE,,,,,,152244353,Alex Auder 4,(no folder),2016-01-19,0:00:39,0.003,anybody,not in any folder,
,DECIDE,,,,,,152244354,Alex Auder 5,(no folder),2016-01-19,0:00:34,0.002,anybody,not in any folder,
,DECIDE,,,,,,152244355,Alex Auder 6,(no folder),2016-01-19,0:01:41,0.007,anybody,not in any folder,
,DECIDE,,,,,,152244357,Alex Auder 2,(no folder),2016-01-19,0:00:45,0.005,anybody,not in any folder,
,DECIDE,,,,,,152244358,Alex Auder 7,(no folder),2016-01-19,0:03:03,0.013,anybody,not in any folder,
,DECIDE,,,,,,152244360,Alex Auder 3,(no folder),2016-01-19,0:00:56,0.005,anybody,not in any folder,
,DECIDE,,,,,,152244766,Alex Auder 1,(no folder),2016-01-19,0:00:45,0.004,anybody,not in any folder,
,DECIDE,,,,,,161985395,Conference Starts Soon...,(no folder),2016-04-07,0:03:48,0.075,anybody,not in any folder,This video is about the Radical Practice Conference on the Yoga Sutras and the Bhagavad Gita.
,DECIDE,,,,,,162083385,"Radical Practice // RAGHUNATH - ""Yoga: Religion or Spirituality""",(no folder),2016-04-08,1:13:11,1.002,unlisted,not in any folder,
,DECIDE,,,,,,162132512,"Radical Practice // REVEREND JAGANATH CARRERA - ""Yoga Sutras: Mastering the Game of Life""",(no folder),2016-04-08,1:31:06,1.713,unlisted,not in any folder,
,DECIDE,,,,,,162140941,"Radical Practice // PANDIT DASA - ""The Bhagavad Gita: Understanding the Self, Duty, Death, Reincarnation, and God""",(no folder),2016-04-08,1:14:11,1.534,unlisted,not in any folder,
,DECIDE,,,,,,162141698,"Radical Practice // NIKKI COSTELLO - ""One Sutra for a Lifetime""",(no folder),2016-04-08,1:18:45,1.387,unlisted,not in any folder,
,DECIDE,,,,,,162145166,"Radical Practice // JOSHUA M. GREENE - ""The Hero's Journey: the Bhagavad Gita as Monomyth""",(no folder),2016-04-09,1:14:54,1.546,unlisted,not in any folder,
,DECIDE,,,,,,162147062,"Radical Practice // MATTHEW REMSKI - ""Transcendent Urges: Brilliant Anxiety in the Yoga Sutras""",(no folder),2016-04-09,1:34:52,0.787,unlisted,not in any folder,
,DECIDE,,,,,,162172802,"Radical Practice // MANORAMA - ""The Rishis' Wisdom: Yoga Sutra & Bhagavad Gita""",(no folder),2016-04-09,1:08:30,1.27,unlisted,not in any folder,
,DECIDE,,,,,,162174586,"Radical Practice // DHANURDHARA SWAMI - ""Surrender Unto Me: The Theme of the Gita and the Essence of Yoga""",(no folder),2016-04-09,1:13:25,1.519,unlisted,not in any folder,
,DECIDE,,,,,,162178323,"Radical Practice // EDWIN BRYANT - ""Astanga Yoga in Patanjali and the Gita: a Comparison""",(no folder),2016-04-09,1:43:17,2.138,unlisted,not in any folder,
,DECIDE,,,,,,162184414,"Radical Practice // MATTHEW REMSKI - ""Arjuna and Climate Change: a Thought Experiment Inspired by the Bhagavad Gita""",(no folder),2016-04-09,1:42:34,0.797,unlisted,not in any folder,
,DECIDE,,,,,,162192662,10 Life Hacks from the Yoga Sutras and the Bhagavad Gita,(no folder),2016-04-09,1:17:51,0.441,unlisted,not in any folder,
,DECIDE,,,,,,162258955,"Radical Practice // CHRISTOPHER TOMPKINS - ""Aversion vs. Connection: the Goal of Yoga and its Evolution""",(no folder),2016-04-10,1:03:14,0.446,unlisted,not in any folder,
,DECIDE,,,,,,166267996,FB Intro to Video Series,(no folder),2016-05-11,0:01:31,0.076,nobody,not in any folder,This video is about FB Intro to Video Series
,DECIDE,,,,,,166270315,Landing Page Video for Video Series Campaign,(no folder),2016-05-11,0:02:37,0.131,disable,not in any folder,This video is about Landing Page Video for Video Series Campaign
,DECIDE,,,,,,166567942,RP Video Series #3 Edwin,(no folder),2016-05-13,0:06:56,0.246,disable,not in any folder,This video is about RP Edwin SHORT wo static
,DECIDE,,,,,,166569049,RP Video Series #1 Jaganath Carrera,(no folder),2016-05-13,0:07:08,0.126,disable,not in any folder,This video is about RP Jaganath SHORT
,DECIDE,,,,,,166570205,RP Video Series #2 Manorama,(no folder),2016-05-13,0:05:00,0.095,disable,not in any folder,This video is about RP Manorama SHORT 1
,DECIDE,,,,,,168702406,CYS - Sunyata,(no folder),2016-05-30,0:05:51,0.207,disable,not in any folder,This video is about CYS - Sunyata
,DECIDE,,,,,,168778291,RP Edwin Bryant,(no folder),2016-05-31,1:42:55,2.131,unlisted,not in any folder,This video is about RP Edwin Bryant
,DECIDE,,,,,,170182744,"Abuse of Power Panel // Yoga Union, New York City, May 4th, 2016 // Sponsored by YogaCityNYC",(no folder),2016-06-10,1:40:22,1.883,anybody,not in any folder,
,DECIDE,,,,,,174753187,"Radical Presence // ORGYEN CHOWANG RINPOCHE - ""Our Pristine Mind""",(no folder),2016-07-15,1:08:20,2.435,disable,not in any folder,
,DECIDE,,,,,,174775956,RADICAL PRESENCE // Conference Begins Soon...,(no folder),2016-07-15,0:03:49,0.078,disable,not in any folder,
,DECIDE,,,,,,174824664,"Radical Presence // LODRO RINZLER - ""How to Love Yourself (And Sometimes Other People)""",(no folder),2016-07-15,1:12:04,1.492,disable,not in any folder,
,DECIDE,,,,,,174830274,"Radical Presence // SYDNEY FAITH ROSE - ""Mindful Consumption and Sobriety: The 5th Precept as a Practice in Generosity of Spirit",(no folder),2016-07-15,1:21:14,1.682,disable,not in any folder,This video is about RPresence 3 - Sydney Faith Rose
,DECIDE,,,,,,174843572,Radical Presence // JOSHUA BEE ALAFIA - Standing for Love: Courage and the Generous Heart,(no folder),2016-07-15,1:22:18,1.704,disable,not in any folder,This video is about RPresence 6 - Joshua Bee Alafia
,DECIDE,,,,,,174848236,"Radical Presence // DR. JOE LOIZZO - ""The Third Wave of Contemplative Life: The Embodied Art and Science of the Tantras""",(no folder),2016-07-15,1:16:05,1.575,unlisted,not in any folder,
,DECIDE,,,,,,174849803,"Radical Presence // THANISSARA - ""An Integrated Awakening: From Separation to Seamless Reality""",(no folder),2016-07-15,1:28:00,1.267,disable,not in any folder,
,DECIDE,,,,,,174900212,"Radical Presence // RALPH DE LA ROSA - ""Touching the Earth: The Neuroscience of Natural Awakening""",(no folder),2016-07-16,1:16:07,1.576,disable,not in any folder,This video is about RPresence 4 - Ralph De La Rosa
,DECIDE,,,,,,174937962,"Radical Presence // MILES NEALE - ""Beyond McMindfulness""",(no folder),2016-07-16,1:18:56,1.636,unlisted,not in any folder,
,DECIDE,,,,,,174948288,"Radical Presence //  ADREANNA LIMBACH - ""Honey on a Razorblade : Desire as a Path of Practice""",(no folder),2016-07-16,1:06:55,1.38,disable,not in any folder,
,DECIDE,,,,,,174953677,"Radical Presence // REV. ANGEL KYODO WILLIAMS - ""Radical Dharma: Talking Race, Love, and Liberation""",(no folder),2016-07-16,0:53:47,0.784,unlisted,not in any folder,
,DECIDE,,,,,,177108601,"""What is our dharma?"" with Pandit Das",(no folder),2016-08-01,0:04:40,0.096,unlisted,not in any folder,This video is about RP - Pandit Dasa (short)
,DECIDE,,,,,,177110510,"""Truth is Everywhere"" with Raghunath",(no folder),2016-08-01,0:03:17,0.044,nobody,not in any folder,This video is about RP Raghunath (short)
,DECIDE,,,,,,177111717,"""What is a Monomyth?"" with Joshua M. Greene",(no folder),2016-08-01,0:05:10,0.102,unlisted,not in any folder,This video is about RP - Joshua Greene (short)
,DECIDE,,,,,,177113307,"""Truth is Everywhere"" with Raghunath (again)",(no folder),2016-08-01,0:03:29,0.045,unlisted,not in any folder,This video is about RP Raghunath (short)
,DECIDE,,,,,,177113650,"""Do you believe what the mind is selling?"" with Manorama",(no folder),2016-08-01,0:05:19,0.091,unlisted,not in any folder,This video is about RP Manorama SHORT 1
,DECIDE,,,,,,177114101,"""What is the nature of suffering?"" with Jaganath Carrera",(no folder),2016-08-01,0:07:27,0.126,nobody,not in any folder,This video is about RP Jaganath SHORT
,DECIDE,,,,,,177116569,"""Why is surrender a hard sell in the West?"" with Dhanurdhara Swami",(no folder),2016-08-01,0:05:03,0.096,unlisted,not in any folder,This video is about RPractice SHORT - DDS
,DECIDE,,,,,,177120333,"""How to Have a Relationship with Yoga Philosophy"" with Nikki Costello",(no folder),2016-08-01,0:03:18,0.062,unlisted,not in any folder,This video is about RPractice SHORT - Nikki C.
,DECIDE,,,,,,177125837,"""What's the Role of Moksha in a Scientific Society?"" with Matthew Remski",(no folder),2016-08-01,0:05:12,0.076,unlisted,not in any folder,This video is about RPractice SHORT - Matthew YS
,DECIDE,,,,,,177133245,"""How is Action Relevant to Spiritual Life?"" with Matthew Remski",(no folder),2016-08-01,0:07:50,0.045,unlisted,not in any folder,This video is about RPractice SHORT - Matthew BG
,DECIDE,,,,,,177140124,"""What does Tantra have to say about Renunciation?"" with Christopher Tompkins",(no folder),2016-08-01,0:04:35,0.029,unlisted,not in any folder,This video is about RPractice SHORT - Christopher Tompkins
,DECIDE,,,,,,180362482,MC Short - Miles Neale,(no folder),2016-08-26,0:02:57,0.057,unlisted,not in any folder,This video is about RPres - Miles (short)
,DECIDE,,,,,,180363452,MC Short - Angel Kyodo,(no folder),2016-08-26,0:07:21,0.103,unlisted,not in any folder,This video is about RPres - Angel (short)
,DECIDE,,,,,,180364373,MC Short - Thanissara,(no folder),2016-08-26,0:06:19,0.089,unlisted,not in any folder,This video is about RPres - Thanissara (short)
,DECIDE,,,,,,180365270,MC Short - Joe Loizzo,(no folder),2016-08-26,0:05:42,0.118,unlisted,not in any folder,This video is about RPresence - SHORT Dr. Loizzo
,DECIDE,,,,,,180793596,RPresent short - Lodro (edited audio),(no folder),2016-08-30,0:03:18,0.066,unlisted,not in any folder,This video is about RPresent short - Lodro (edited audio)
,DECIDE,,,,,,180797216,RPres short - Rinpoche,(no folder),2016-08-30,0:05:07,0.106,unlisted,not in any folder,This video is about RPres short - Rinpoche
,DECIDE,,,,,,180802500,RPres Short - Ralph,(no folder),2016-08-30,0:05:31,0.114,unlisted,not in any folder,This video is about RPres Short - Ralph
,DECIDE,,,,,,180803838,RPres Short - Adreanna,(no folder),2016-08-30,0:05:02,0.103,unlisted,not in any folder,This video is about RPres Short - Adreanna
,DECIDE,,,,,,180811272,RPres short - Joshua Bee,(no folder),2016-08-30,0:04:12,0.086,unlisted,not in any folder,This video is about RPres short - Joshua Bee
,DECIDE,,,,,,180812059,RPres short - Sydney Faith Rose,(no folder),2016-08-30,0:02:28,0.047,unlisted,not in any folder,This video is about RPres short - Sydney Faith Rose
,DECIDE,,,,,,182332637,EP Library Post-Download Video,(no folder),2016-09-12,0:03:56,0.053,unlisted,not in any folder,This video is about EP Library Post-Download Video
,DECIDE,,,,,,182750956,CYS - Viveka (11),(no folder),2016-09-14,0:06:53,0.115,nobody,not in any folder,This video is about CYS - Viveka (11)
,DECIDE,,,,,,183242924,10000000_141024883019899_877373392_n,(no folder),2016-09-19,0:32:23,0.149,anybody,not in any folder,
,DECIDE,,,,,,183242925,10000000_1032352466871908_735238948_n,(no folder),2016-09-19,0:35:29,0.117,anybody,not in any folder,
,DECIDE,,,,,,187264805,14616286_378941239160498_8961924862012555264_n,(no folder),2016-10-13,0:14:15,0.072,anybody,not in any folder,
,DECIDE,,,,,,187265681,CYS - Sankalpa (12),(no folder),2016-10-13,0:05:51,0.103,anybody,not in any folder,
,DECIDE,,,,,,200595259,Radical Body Information,(no folder),2017-01-22,0:10:16,0.046,unlisted,not in any folder,
,DECIDE,,,,,,200607808,Rebekah Nagy - Superorganism,(no folder),2017-01-23,0:03:47,0.078,unlisted,not in any folder,This video is about Rebekah Nagy - Superorganism
,DECIDE,,,,,,202686203,RBody - Pandit Tigunait 1,(no folder),2017-02-06,1:19:37,1.047,unlisted,not in any folder,This video is about RBody 1 - Pandit Tigunait
,DECIDE,,,,,,202687265,RBody 3 - Mary Reilly Nichols,(no folder),2017-02-06,0:44:18,0.843,unlisted,not in any folder,This video is about RBody 3 - Mary Reilly Nichols
,DECIDE,,,,,,202689307,RBody - Swami Khecaranatha,(no folder),2017-02-06,1:14:08,1.048,unlisted,not in any folder,This video is about RBody - Swami Khecaranatha
,DECIDE,,,,,,202692498,"RADICAL BODY / Sally Kempton - ""Following the Nondual Path of the Divine Feminine""",(no folder),2017-02-06,1:16:00,0.858,unlisted,not in any folder,This video is about RBody - Sally Kempton
,DECIDE,,,,,,202693290,"RADICAL BODY / Shambhavi Sarasvati - ""How to Feel Goodness When Everything is Going Wrong""",(no folder),2017-02-06,0:59:07,0.72,unlisted,not in any folder,
,DECIDE,,,,,,205332983,"RADICAL BODY / Hareesh Wallis - ""On Recognition""",(no folder),2017-02-23,1:02:04,0.655,unlisted,not in any folder,
,DECIDE,,,,,,205689823,RBody - Christopher Tompkins,(no folder),2017-02-25,1:02:49,0.442,unlisted,not in any folder,This video is about RBody - Christopher Tompkins
,DECIDE,,,,,,205760435,RBody - Ramesh,(no folder),2017-02-26,1:13:29,0.792,unlisted,not in any folder,This video is about RBody - Ramesh
,DECIDE,,,,,,205763384,RBody - Hari,(no folder),2017-02-26,0:50:51,0.886,unlisted,not in any folder,This video is about RBody - Hari
,DECIDE,,,,,,205764942,RBody - Chris Tompkins 2,(no folder),2017-02-26,0:39:36,0.53,unlisted,not in any folder,This video is about RBody - Chris Tompkins 2
,DECIDE,,,,,,205766997,RBody - Lorin Roche,(no folder),2017-02-26,1:03:48,0.796,unlisted,not in any folder,This video is about RBody - Lorin Roche
,DECIDE,,,,,,205769769,RBody - Anodea Judith,(no folder),2017-02-26,0:59:27,0.709,unlisted,not in any folder,This video is about RBody - Anodea Judith
,DECIDE,,,,,,205814697,Tantric Shaivism Mini-Training [Day 3],(no folder),2017-02-27,1:03:55,0.187,unlisted,not in any folder,
,DECIDE,,,,,,205814822,Tantric Shaivism Mini-Training [Day 5],(no folder),2017-02-27,1:05:14,0.239,unlisted,not in any folder,
,DECIDE,,,,,,205814964,Tantric Shaivism Mini-Training [Day 4],(no folder),2017-02-27,1:01:42,0.236,unlisted,not in any folder,
,DECIDE,,,,,,205815105,Tantric Shaivism Mini-Training [Day 1],(no folder),2017-02-27,1:06:06,0.26,unlisted,not in any folder,
,DECIDE,,,,,,205815250,Tantric Shaivism Mini-Training [Day 2],(no folder),2017-02-27,1:04:48,0.21,unlisted,not in any folder,
,DECIDE,,,,,,208170481,What is Eastern Philosophy?,(no folder),2017-03-13,0:45:39,0.153,anybody,not in any folder,"Jacob honors a general definition of Eastern Philosophy - those that arose out of India, China, Tibet and Southeast Asia, and that they have a practical component. These philosophies contrast with western ones in having a practical component. 

Jacob discusses why he word Eastern is a misnomer as it implies a homogeneity where there is none. Nonetheless he explores how the term Eastern Philosophy can be an illuminating term. He reimagines the word Eastern to encompass all those traditions that f"
,DECIDE,,,,,,214072748,2extro-RadPractice RL,(no folder),2017-04-20,0:01:51,0.013,nobody,not in any folder,This video is about 2extro-RadPractice RL
,DECIDE,,,,,,214084161,REVEREND JAGANATH CARRERA (RL) -Yoga Sutras- Mastering the Game,(no folder),2017-04-20,1:32:58,1.553,unlisted,not in any folder,This video is about REVEREND JAGANATH CARRERA (RL) -Yoga Sutras- Mastering the Game
,DECIDE,,,,,,214207392,Radical Practice (RL)- NIKKI COSTELLO - -One Sutra for a Lifetime,(no folder),2017-04-21,1:18:09,1.305,unlisted,not in any folder,This video is about Radical Practice (RL)- NIKKI COSTELLO - -One Sutra for a Lifetime
,DECIDE,,,,,,214228167,"Radical Practice (RL) // RAGHUNATH - ""Yoga: Religion or Spirituality""",(no folder),2017-04-21,1:12:22,0.957,unlisted,not in any folder,This video is about Raghunath
,DECIDE,,,,,,214248207,Radical Practice (RL) MATTHEW REMSKI - -Arjuna and Climate Change- a Thought Experiment Inspired by the Bhagavad Gita,(no folder),2017-04-21,1:41:44,0.79,unlisted,not in any folder,This video is about Raghunath
,DECIDE,,,,,,214303215,joshua green,(no folder),2017-04-22,1:14:02,1.397,unlisted,not in any folder,This video is about joshua green
,DECIDE,,,,,,214307515,"Christopher ""Hareesh"" Wallis",(no folder),2017-04-22,1:34:06,0.921,nobody,not in any folder,"This video is about Christopher ""Hareesh"" Wallis"
,DECIDE,,,,,,214313270,"RADICAL PRACTICE (RL) / Pandit Dasa - ""The Bhagavad Gita: Understanding...""",(no folder),2017-04-22,1:13:25,1.52,unlisted,not in any folder,"This video is about Christopher ""Hareesh"" Wallis"
,DECIDE,,,,,,214318470,"RADICAL PRACTICE (RL) / Christopher Hareesh Wallis - ""New Findings that Change our Understanding of the Yoga-Sutra""",(no folder),2017-04-22,1:35:13,0.959,unlisted,not in any folder,"This video is about Radical Practice -- Christopher ""Hareesh"" Wallis"
,DECIDE,,,,,,214388667,"RADICAL PRACTICE (RL) / Manorama - ""The Rishis' Wisdom""",(no folder),2017-04-23,1:07:45,1.226,unlisted,not in any folder,
,DECIDE,,,,,,214393173,"RADICAL PRACTICE (RL) / Christopher Tompkins - ""Aversion vs. Connection""",(no folder),2017-04-23,1:02:19,0.486,unlisted,not in any folder,
,DECIDE,,,,,,214394953,"RADICAL PRACTICE (RL) / Dhanurdhara Swami - ""Surrender Unto Me: The Essence of the Gita and the Goal of Yoga""",(no folder),2017-04-23,1:12:38,1.372,unlisted,not in any folder,
,DECIDE,,,,,,214782655,Samkhya Mini-Training #1,(no folder),2017-04-26,1:01:40,0.626,anybody,not in any folder,This video is about Samkhya Mini-Training #1
,DECIDE,,,,,,214785031,Samkhya Mini-Training #2,(no folder),2017-04-26,1:03:19,0.698,unlisted,not in any folder,This video is about Samkhya Mini-Training #2
,DECIDE,,,,,,214871715,Samkhya Mini-Training #3,(no folder),2017-04-26,1:15:13,0.817,unlisted,not in any folder,This video is about Samkhya Mini-Training #3
,DECIDE,,,,,,214874741,Samkhya Mini-Training #4,(no folder),2017-04-26,1:22:34,0.913,unlisted,not in any folder,This video is about Samkhya Mini-Training #4
,DECIDE,,,,,,214877070,Samkhya Mini-Training #5,(no folder),2017-04-26,1:08:38,0.728,unlisted,not in any folder,This video is about Samkhya Mini-Training #5
,DECIDE,,,,,,215108609,RADICAL PRACTICE (RL2) Christopher Hareesh Wallis,(no folder),2017-04-28,1:34:56,0.978,unlisted,not in any folder,
,DECIDE,,,,,,224595259,EDIT1-DoctorK Upload 2,(no folder),2017-07-07,1:25:02,4.633,unlisted,not in any folder,
,DECIDE,,,,,,225525400,RadTherapies-JoeLoizzo,(no folder),2017-07-14,1:15:43,1.562,unlisted,not in any folder,Upload 1
,DECIDE,,,,,,225527086,Radical Therapies - David Courchene,(no folder),2017-07-14,0:46:30,0.737,unlisted,not in any folder,This video is about Radical Therapies - David Courchene
,DECIDE,,,,,,225530639,Radical Therapies - David Vago,(no folder),2017-07-14,1:08:03,0.34,unlisted,not in any folder,This video is about Radical Therapies - David Vago
,DECIDE,,,,,,225584232,Radical Therapies - Loren Fishman,(no folder),2017-07-14,1:11:50,1.175,unlisted,not in any folder,This video is about Radical Therapies - Loren Fishman
,DECIDE,,,,,,225594108,Radical Therapies - Lena Falth,(no folder),2017-07-14,0:52:00,1.078,unlisted,not in any folder,This video is about lena intro
,DECIDE,,,,,,225601330,Radical Therapies - Joe Loizzo,(no folder),2017-07-14,1:18:42,1.648,unlisted,not in any folder,This video is about Radical Therapies - Joe Loizzo
,DECIDE,,,,,,225610231,Radical Therapies - David Berceli,(no folder),2017-07-14,0:51:22,0.558,unlisted,not in any folder,This video is about David Berceli
,DECIDE,,,,,,225619635,Radical Therapies - Angela Warburton,(no folder),2017-07-14,1:35:46,1.134,unlisted,not in any folder,This video is about Radical Therapies - Angela Warburton
,DECIDE,,,,,,225625169,Radical Therapies - Michael Lee,(no folder),2017-07-14,0:54:20,0.918,unlisted,not in any folder,This video is about Radical Therapies - Michael Lee
,DECIDE,,,,,,225628911,Radical Therapies - Sameet Kumar,(no folder),2017-07-14,0:56:10,0.721,unlisted,not in any folder,This video is about Radical Therapies - Sameet Kumar
,DECIDE,,,,,,225639144,Radical Therapies - Sensei Koshin Paley Ellison,(no folder),2017-07-15,0:45:39,0.947,unlisted,not in any folder,This video is about Radical Therapies - Sensei Koshin Paley Ellison
,DECIDE,,,,,,225645651,Radical Therapies - Miles Neale,(no folder),2017-07-15,1:33:23,1.935,unlisted,not in any folder,This video is about Radical Therapies - Miles Neale
,DECIDE,,,,,,225669278,Radical Therapies - Neal Goldsmith,(no folder),2017-07-15,1:37:52,2.028,unlisted,not in any folder,
,DECIDE,,,,,,225683257,Radical Therapies - Kamau Kokayi,(no folder),2017-07-15,1:29:06,1.843,unlisted,not in any folder,
,DECIDE,,,,,,225684511,Radical Therapies - Lobsang Rapgay,(no folder),2017-07-15,0:42:03,0.466,unlisted,not in any folder,This video is about Radical Therapies - Lobsang Rapgay
,DECIDE,,,,,,225693137,Radical Therapies - Christine Hoar,(no folder),2017-07-15,1:23:12,0.774,unlisted,not in any folder,
,DECIDE,,,,,,225770700,Joe Loizzo - Third Wave (Part 1),(no folder),2017-07-16,0:20:18,0.42,unlisted,not in any folder,This video is about Joe Loizzo - Third Wave of Contemplative Life
,DECIDE,,,,,,226079340,Masterclass - Joe Loizzo (2 of 3),(no folder),2017-07-18,0:24:50,0.514,unlisted,not in any folder,This video is about Masterclass - Joe Loizzo (2 of 3)
,DECIDE,,,,,,226172657,Masterclass - Joe Loizzo (3 of 3),(no folder),2017-07-19,0:26:56,0.558,unlisted,not in any folder,This video is about Masterclass - Joe Loizzo (3 of 3)
,DECIDE,,,,,,226469998,5 Myths Mini-Course [Day 1],(no folder),2017-07-21,0:54:24,0.211,unlisted,not in any folder,
,DECIDE,,,,,,226470055,5 Myths Mini-Course [Day 2],(no folder),2017-07-21,1:04:42,0.241,unlisted,not in any folder,
,DECIDE,,,,,,226470087,5 Myths Mini-Course [Day 3],(no folder),2017-07-21,0:49:27,0.182,unlisted,not in any folder,
,DECIDE,,,,,,226470120,5 Myths Mini-Course [Day 4],(no folder),2017-07-21,0:54:31,0.166,unlisted,not in any folder,
,DECIDE,,,,,,226470157,5 Myths Mini-Course [Day 5],(no folder),2017-07-21,0:52:31,0.19,unlisted,not in any folder,
,DECIDE,,,,,,230999757,& Contemplative Psychotherapy - Module 4,(no folder),2017-08-24,1:56:19,1.388,unlisted,not in any folder,
,DECIDE,,,,,,249520293,Nalanda Long FB Live Video Edited,(no folder),2018-01-03,1:40:11,0.991,anybody,not in any folder,
,DECIDE,,,,,,249521930,Nalanda FB Live Commercial,(no folder),2018-01-03,0:00:26,0.001,anybody,not in any folder,
,DECIDE,,,,,,250334980,Nalanda FB Live Video 2 (with commercials/edits),(no folder),2018-01-09,0:52:30,0.863,anybody,not in any folder,
,DECIDE,,,,,,251428862,Nalanda FB Live Video 3 (with edits:commercials),(no folder),2018-01-17,1:53:32,1.597,anybody,not in any folder,
,DECIDE,,,,,,256221115,YR Videos - Debashish (again),(no folder),2018-02-17,1:17:08,0.533,unlisted,not in any folder,
,DECIDE,,,,,,256227734,MVI_0134,(no folder),2018-02-17,0:12:18,0.485,nobody,not in any folder,
,DECIDE,,,,,,256227735,MVI_0131,(no folder),2018-02-17,0:03:44,0.147,nobody,not in any folder,
,DECIDE,,,,,,256227736,MVI_0133,(no folder),2018-02-17,0:14:01,0.553,nobody,not in any folder,
,DECIDE,,,,,,256236261,MVI_0132,(no folder),2018-02-17,0:23:45,0.937,nobody,not in any folder,
,DECIDE,,,,,,256239987,MVI_0135,(no folder),2018-02-17,0:02:24,0.095,anybody,not in any folder,
,DECIDE,,,,,,256240287,MVI_0138,(no folder),2018-02-17,0:07:21,0.29,nobody,not in any folder,
,DECIDE,,,,,,256241217,MVI_0137,(no folder),2018-02-17,0:23:45,0.937,nobody,not in any folder,
,DECIDE,,,,,,256244716,MVI_0139,(no folder),2018-02-17,0:01:59,0.078,nobody,not in any folder,
,DECIDE,,,,,,256244977,MVI_0140,(no folder),2018-02-17,0:23:45,0.937,nobody,not in any folder,
,DECIDE,,,,,,256247729,MVI_0141,(no folder),2018-02-17,0:15:09,0.597,nobody,not in any folder,
,DECIDE,,,,,,256249795,MVI_0142,(no folder),2018-02-17,0:11:09,0.44,nobody,not in any folder,
,DECIDE,,,,,,261839526,Course Onboarding Video,(no folder),2018-03-26,0:20:23,0.128,anybody,not in any folder,
,DECIDE,,,,,,272731175,Session 4 Video,(no folder),2018-05-31,2:29:57,2.882,anybody,not in any folder,
,DECIDE,,,,,,284019582,Yogini Course - Session 1 Video,(no folder),2018-08-08,1:57:20,0.716,unlisted,not in any folder,
,DECIDE,,,,,,284381906,Tibetan Buddhism - Session 1 Video,(no folder),2018-08-10,2:05:01,2.561,unlisted,not in any folder,
,DECIDE,,,,,,284482342,Tibetam Buddhism_Modul 1_Video,(no folder),2018-08-11,2:01:26,0.772,nobody,not in any folder,This video is the first session of the Tibetan Buddhism: a Path of Becoming Fully Human course. 08/09/2018
,DECIDE,,,,,,285484650,Tibetan Buddhism_Modul2_VIDEO,(no folder),2018-08-17,1:58:49,0.894,anybody,not in any folder,
,DECIDE,,,,,,286478827,Tibetan Buddhism_Modul3_VIDEO,(no folder),2018-08-24,2:06:59,0.855,nobody,not in any folder,This video is about My Movie
,DECIDE,,,,,,287607826,Tibetan Buddhism_Modul4_VIDEO,(no folder),2018-08-31,2:01:22,0.891,nobody,not in any folder,This video is about My Movie
,DECIDE,,,,,,291819805,YAASS - Chris Tompkins,(no folder),2018-09-26,2:08:02,0.731,unlisted,not in any folder,
,DECIDE,,,,,,291908047,Navarathri - Session 2 Video,(no folder),2018-09-26,1:48:26,1.029,nobody,not in any folder,
,DECIDE,,,,,,293204597,WIE_Rob Thurman,(no folder),2018-10-03,0:42:24,0.425,unlisted,not in any folder,
,DECIDE,,,,,,293219058,WIE_Isa_Gucciardi,(no folder),2018-10-03,1:25:29,0.391,nobody,not in any folder,
,DECIDE,,,,,,293228603,WIE_Thupten Jinpa,(no folder),2018-10-03,1:13:11,0.599,nobody,not in any folder,
,DECIDE,,,,,,293234699,WIE_Tenzin Wangyal Rinpoche,(no folder),2018-10-03,0:54:41,0.357,nobody,not in any folder,
,DECIDE,,,,,,293238420,WIE_Lama Tsultrim,(no folder),2018-10-03,1:13:40,0.822,nobody,not in any folder,
,DECIDE,,,,,,293244919,WIE_Tulku Lobsang Rinpoche,(no folder),2018-10-03,0:53:12,0.292,nobody,not in any folder,
,DECIDE,,,,,,293248797,WIE_Miles Neale,(no folder),2018-10-03,1:19:43,0.819,nobody,not in any folder,
,DECIDE,,,,,,293253498,WIE_Lama Pema Wangdak,(no folder),2018-10-03,0:56:20,0.498,nobody,not in any folder,
,DECIDE,,,,,,294297024,Navarathri Course_Session4_video,(no folder),2018-10-10,2:27:23,1.278,nobody,not in any folder,
,DECIDE,,,,,,298598745,Yoga Seminar - Seth Powell (edited),(no folder),2018-11-02,1:56:20,0.423,nobody,not in any folder,
,DECIDE,,,,,,298693069,Yoga Seminar - Seth Powell (with new slides),(no folder),2018-11-03,1:56:08,0.391,unlisted,not in any folder,
,DECIDE,,,,,,300820944,IAMTHAT_Session1,(no folder),2018-11-14,1:58:36,0.342,nobody,not in any folder,
,DECIDE,,,,,,301991357,I Am That - Session 2 (Video),(no folder),2018-11-21,1:56:27,0.457,unlisted,not in any folder,
,DECIDE,,,,,,303408235,I Am That - Session 3 Video,(no folder),2018-11-29,1:57:25,0.602,unlisted,not in any folder,
,DECIDE,,,,,,312271178,EB_Stephen Porges,(no folder),2019-01-19,1:18:33,0.634,nobody,not in any folder,
,DECIDE,,,,,,312295918,EB_Kenneth Rose_IntroOutro,(no folder),2019-01-19,1:30:00,0.414,nobody,not in any folder,
,DECIDE,,,,,,313065257,Stephen Porges - Intro,(no folder),2019-01-23,1:18:31,1.019,nobody,not in any folder,
,DECIDE,,,,,,313079413,Bruce McEwen- IntroOutro,(no folder),2019-01-24,1:06:53,0.264,nobody,not in any folder,
,DECIDE,,,,,,313088328,EB_David Shannahoff-Khalsa - IntroOutro,(no folder),2019-01-24,1:25:50,0.336,nobody,not in any folder,
,DECIDE,,,,,,313102263,Judson Brewer - Intro Outro,(no folder),2019-01-24,0:56:58,0.222,nobody,not in any folder,
,DECIDE,,,,,,313103310,Georgi Y Johnson - IntroOutro,(no folder),2019-01-24,1:12:24,0.433,nobody,not in any folder,
,DECIDE,,,,,,313276587,Fred Travis - IntroOutro,(no folder),2019-01-24,1:07:55,0.256,nobody,not in any folder,
,DECIDE,,,,,,313283637,JoeLoizzo_Fullintrooutro,(no folder),2019-01-25,1:14:00,0.315,nobody,not in any folder,
,DECIDE,,,,,,313488676,EB_Stephen Porges - IntroOutro,(no folder),2019-01-26,1:21:38,1.039,nobody,not in any folder,
,DECIDE,,,,,,315548045,AmyMathews,(no folder),2019-02-05,1:24:36,1.67,nobody,not in any folder,
,DECIDE,,,,,,320143944,Ken Rose Mod 2 Video 2-26-19,(no folder),2019-02-27,2:02:13,1.346,nobody,not in any folder,
,DECIDE,,,,,,321693197,Ken Rose Mod 3 Video 3-6-2019,(no folder),2019-03-06,1:57:59,1.271,nobody,not in any folder,
,DECIDE,,,,,,323372147,Ken Rose Mod 4 Video Big,(no folder),2019-03-13,2:00:48,0.559,nobody,not in any folder,
,DECIDE,,,,,,324768679,Sonia Seq Mod 1 Video,(no folder),2019-03-17,1:50:57,0.451,nobody,not in any folder,
,DECIDE,,,,,,325584991,Rachel Harris Mod 3 Video,(no folder),2019-03-21,2:01:49,0.704,nobody,not in any folder,
,DECIDE,,,,,,326108672,Module 2 Sonia Video,(no folder),2019-03-24,1:44:18,0.358,nobody,not in any folder,
,DECIDE,,,,,,326486999,Yoga Seminar HKD Yamas Niyamas,(no folder),2019-03-26,1:32:39,0.617,nobody,not in any folder,
,DECIDE,,,,,,327618256,Yoga&Neuroscience_session3_video,(no folder),2019-03-31,1:55:14,0.511,nobody,not in any folder,
,DECIDE,,,,,,328468051,EP_IsaGucciardi_TracingTrauma,(no folder),2019-04-04,1:12:54,0.514,nobody,not in any folder,
,DECIDE,,,,,,328483222,A_EP_DavidBerceli_TracingTrauma,(no folder),2019-04-04,1:00:56,0.257,anybody,not in any folder,
,DECIDE,,,,,,328521776,EP_JudithBlackstone_TracingTrauma,(no folder),2019-04-04,0:51:59,0.558,nobody,not in any folder,
,DECIDE,,,,,,328541171,AnnekeLucas_Intro,(no folder),2019-04-04,1:27:52,0.364,nobody,not in any folder,
,DECIDE,,,,,,328575114,EP_RichardMiller_TracingTrauma,(no folder),2019-04-05,1:33:17,0.491,nobody,not in any folder,
,DECIDE,,,,,,328578348,EP_JulieStaples__TracingTrauma,(no folder),2019-04-05,1:06:36,0.327,nobody,not in any folder,
,DECIDE,,,,,,328695714,EP_DanielMientie_TracingTrauma,(no folder),2019-04-05,1:33:23,0.296,nobody,not in any folder,
,DECIDE,,,,,,328779173,EP_StephenPorges_TracingTrauma,(no folder),2019-04-06,0:52:17,0.907,nobody,not in any folder,
,DECIDE,,,,,,329374595,EH-Q&A_04-08-19_,(no folder),2019-04-09,1:01:48,0.272,nobody,not in any folder,
,DECIDE,,,,,,329436535,AnnekeLucas_IntroOutro,(no folder),2019-04-09,1:31:21,0.396,nobody,not in any folder,
,DECIDE,,,,,,329461102,StephenPorges_IntroOutro,(no folder),2019-04-09,0:54:04,0.917,nobody,not in any folder,
,DECIDE,,,,,,329470793,JudithBlackstone_IntroOutro_new,(no folder),2019-04-09,0:53:46,0.569,nobody,not in any folder,
,DECIDE,,,,,,329478795,JulieStaples_IntroOutro_new,(no folder),2019-04-10,1:08:24,0.339,nobody,not in any folder,
,DECIDE,,,,,,329481673,DanielMientie_IntroOutro_new,(no folder),2019-04-10,1:35:11,0.308,nobody,not in any folder,
,DECIDE,,,,,,329501594,DavidBerceli_IntroOutro,(no folder),2019-04-10,1:02:44,0.269,nobody,not in any folder,
,DECIDE,,,,,,329626394,IsaGucciardi_IntroOutro_new,(no folder),2019-04-10,1:14:42,0.525,nobody,not in any folder,
,DECIDE,,,,,,329660834,RichardMiller_IntroOutro_new,(no folder),2019-04-10,1:35:05,0.503,nobody,not in any folder,
,DECIDE,,,,,,329844527,Module 1 Light in the Shadow,(no folder),2019-04-11,1:57:19,1.373,nobody,not in any folder,
,DECIDE,,,,,,330165921,YasminLambat_IntroOutro_new,(no folder),2019-04-13,1:14:25,0.26,nobody,not in any folder,
,DECIDE,,,,,,330169550,DavidBerceli_IntroOutro_new,(no folder),2019-04-13,1:02:44,0.269,nobody,not in any folder,
,DECIDE,,,,,,331142252,María Adelaida López & Natalia Quiñones_IntroOutro_new,(no folder),2019-04-18,0:58:05,0.247,nobody,not in any folder,
,DECIDE,,,,,,331249987,Module 2 Light in the Shadow,(no folder),2019-04-18,2:01:04,1.616,nobody,not in any folder,
,DECIDE,,,,,,331479003,AndreaJainVideo,(no folder),2019-04-19,1:27:52,0.592,disable,not in any folder,
,DECIDE,,,,,,333771938,Module 3 Light in the Shadow,(no folder),2019-05-02,1:57:45,1.105,nobody,not in any folder,
,DECIDE,,,,,,334963557,DavidBullard,(no folder),2019-05-08,1:08:06,0.171,password,not in any folder,
,DECIDE,,,,,,335052164,Light in the Shadow Module 4,(no folder),2019-05-09,1:58:35,1.301,nobody,not in any folder,
,DECIDE,,,,,,335259037,YasminLambat_Lead,(no folder),2019-05-09,1:10:51,0.223,password,not in any folder,
,DECIDE,,,,,,336499955,Manorma,(no folder),2019-05-16,1:04:09,0.965,password,not in any folder,
,DECIDE,,,,,,336839309,Module 2 Embodying Social Justice,(no folder),2019-05-17,2:04:54,0.465,nobody,not in any folder,
,DECIDE,,,,,,338280579,Module 3 Embodying Social Justice VIDEO,(no folder),2019-05-24,1:36:13,0.449,nobody,not in any folder,
,DECIDE,,,,,,338447581,Yoga Seminar - Beyond Wheels: How to talk about the chakras in an authentic & powerful way with Christopher Hareesh Wallis,(no folder),2019-05-25,2:02:00,1.605,unlisted,not in any folder,"As some aspects of Western yoga veer ever further from their South Asian roots (Beer Yoga, anyone?) there is more confusion than ever about which teachings are part of the Indian yoga traditions and which have a Western origin. The very best examples of this confusion center on Tantra and on Chakras. Without any judgement of Western innovations, Hareesh (Christopher Wallis), a Tantric scholar, will help you become crystal clear about the original purpose and function of the chakras, in a distill"
,DECIDE,,,,,,339561022,Module 4 Embodying Social Justice (video),(no folder),2019-05-31,2:03:10,0.449,nobody,not in any folder,
,DECIDE,,,,,,340210454,UNEDITED FROM ZOOM-GMT20190603-215808_Re-Pairing_3840x2160,(no folder),2019-06-04,2:06:08,0.746,nobody,not in any folder,
,DECIDE,,,,,,340279330,Dave - Wedding Proposal,(no folder),2019-06-04,0:01:28,0.017,nobody,not in any folder,
,DECIDE,,,,,,341381772,Embodied Consciousness Panel,(no folder),2019-06-10,1:55:41,1.783,unlisted,not in any folder,
,DECIDE,,,,,,341625896,Module 2 Re-Pairing (VIDEO LG),(no folder),2019-06-11,1:50:34,1.372,nobody,not in any folder,
,DECIDE,,,,,,341712119,Embodied Consciousness Panel (edited),(no folder),2019-06-12,1:41:50,0.93,unlisted,not in any folder,
,DECIDE,,,,,,343002032,Module 3 - Re-Pairing (video lg),(no folder),2019-06-18,1:48:38,1.556,nobody,not in any folder,
,DECIDE,,,,,,343283691,Module 1 Yoga Sutras (video lg),(no folder),2019-06-19,1:59:23,0.518,nobody,not in any folder,
,DECIDE,,,,,,344242151,Module 4 re-Pairing (video LG),(no folder),2019-06-25,1:47:04,1.314,anybody,not in any folder,
,DECIDE,,,,,,344619430,Module 2 - Yoga Sutras w/ Graham Schweig,(no folder),2019-06-26,1:57:44,0.424,nobody,not in any folder,
,DECIDE,,,,,,345842446,Module 3 - Yoga Sutras,(no folder),2019-07-03,2:01:11,0.463,nobody,not in any folder,
,DECIDE,,,,,,347154778,Allison Gemmel LaFramboise _Intro,(no folder),2019-07-09,1:02:52,1.081,nobody,not in any folder,
,DECIDE,,,,,,347176630,YMC_Intro,(no folder),2019-07-09,1:09:25,0.8,nobody,not in any folder,
,DECIDE,,,,,,347226960,Kavitha Chinnaiyan_Intro,(no folder),2019-07-10,1:37:15,0.412,nobody,not in any folder,
,DECIDE,,,,,,347322703,David Shannahoff-Khalsa_Intro,(no folder),2019-07-10,1:31:48,0.427,nobody,not in any folder,
,DECIDE,,,,,,347343838,Mary Nichols_Intro,(no folder),2019-07-10,1:36:48,0.399,nobody,not in any folder,
,DECIDE,,,,,,347382369,Module 4 - Yoga Sutra,(no folder),2019-07-10,2:01:28,0.688,nobody,not in any folder,
,DECIDE,,,,,,347404435,Leslie Kaminoff_Intro,(no folder),2019-07-10,1:42:55,0.37,nobody,not in any folder,
,DECIDE,,,,,,347421037,Jensen Martin_Intro,(no folder),2019-07-11,1:33:34,1.074,nobody,not in any folder,
,DECIDE,,,,,,347443204,Ana Funes_Intro,(no folder),2019-07-11,0:51:48,0.512,nobody,not in any folder,
,DECIDE,,,,,,347558734,EP_EmbodiedBreath_Srivatsa Ramaswami _Intro,(no folder),2019-07-11,1:08:00,0.627,nobody,not in any folder,
,DECIDE,,,,,,347577159,EP_EmbodiedBreath_Jensen Martin,(no folder),2019-07-11,1:33:34,1.07,nobody,not in any folder,
,DECIDE,,,,,,347961829,Module03,(no folder),2019-07-14,1:56:30,0.956,anybody,not in any folder,
,DECIDE,,,,,,348172481,Jensen Martin_Ep_Embodiebreath_Outro,(no folder),2019-07-15,1:37:27,1.162,nobody,not in any folder,
,DECIDE,,,,,,348269627,Ep_David Shanahoff-Kalsa_Embodiebreath_Outro,(no folder),2019-07-15,1:35:41,0.446,nobody,not in any folder,
,DECIDE,,,,,,348280017,Ep_Embodiebreath_Alison_Outro,(no folder),2019-07-16,1:06:42,1.019,nobody,not in any folder,
,DECIDE,,,,,,348296289,Ep_Embodiebreath_Ana_Outro,(no folder),2019-07-16,0:55:41,0.519,anybody,not in any folder,
,DECIDE,,,,,,348308988,Ep_Embodiebreath_Leslie_Outro,(no folder),2019-07-16,1:46:48,0.474,anybody,not in any folder,
,DECIDE,,,,,,348404381,Ep_Embodiebreath_YMC_Outro,(no folder),2019-07-16,1:13:18,0.812,nobody,not in any folder,
,DECIDE,,,,,,348417140,Ep_KavithaChinnaiyan_Embodiebreath_Outro,(no folder),2019-07-16,1:43:14,0.571,nobody,not in any folder,
,DECIDE,,,,,,348427082,Ep_Srivatsa Ramaswami _Embodiebreath_Outro,(no folder),2019-07-16,1:11:54,0.64,nobody,not in any folder,
,DECIDE,,,,,,348434052,Ep_Mary Reilly Nichols_Embodiebreath_Outro,(no folder),2019-07-16,1:40:41,0.422,nobody,not in any folder,
,DECIDE,,,,,,348446389,Ep_Allison Gemmel LaFramboise_Embodiebreath_Outro,(no folder),2019-07-16,1:06:42,0.95,anybody,not in any folder,
,DECIDE,,,,,,348457456,Ep_KavithaChinnaiyan_Embodiebreath_Outro2,(no folder),2019-07-16,1:43:14,0.57,nobody,not in any folder,
,DECIDE,,,,,,348671891,Yoga Sutra - Module 5 (lg video),(no folder),2019-07-17,2:00:24,0.665,nobody,not in any folder,
,DECIDE,,,,,,348740863,Ep_Kavith Chinnaiyan_Embodiebreath_Outro,(no folder),2019-07-18,1:43:14,0.481,nobody,not in any folder,
,DECIDE,,,,,,349286687,Module04,(no folder),2019-07-21,1:58:13,0.511,anybody,not in any folder,
,DECIDE,,,,,,349894480,Yoga Sutra Module 5 Graham,(no folder),2019-07-24,1:55:27,0.646,nobody,not in any folder,
,DECIDE,,,,,,350140245,Advanced Kundalini Pranayams - Module 1 DSK,(no folder),2019-07-25,1:51:16,0.566,nobody,not in any folder,
,DECIDE,,,,,,351224548,Yoga Sutra - Module 7 (video),(no folder),2019-07-31,2:00:53,0.616,nobody,not in any folder,Graham Schweig
,DECIDE,,,,,,351413189,Advanced Pranayams Module 2,(no folder),2019-08-01,2:02:20,0.79,nobody,not in any folder,
,DECIDE,,,,,,351899882,Module 06 Naimah Efia,(no folder),2019-08-04,1:49:05,0.763,nobody,not in any folder,
,DECIDE,,,,,,352530928,Yoga Sutra - Module 8 (video LG),(no folder),2019-08-07,1:53:38,0.664,nobody,not in any folder,
,DECIDE,,,,,,352765705,Advanced Kundalini Pranayams - Module 3,(no folder),2019-08-08,2:08:41,0.849,nobody,not in any folder,
,DECIDE,,,,,,353202162,Module 07 Sage Hayes,(no folder),2019-08-11,2:03:39,0.944,nobody,not in any folder,
,DECIDE,,,,,,354075874,Advanced Kundalini Pranayams - Module 4,(no folder),2019-08-15,2:04:34,0.751,nobody,not in any folder,
,DECIDE,,,,,,354109594,MindBody Therapy Q and A (video LG),(no folder),2019-08-15,1:32:33,0.665,nobody,not in any folder,
,DECIDE,,,,,,354451242,GMT20190817-155011_Lecture-Se_2560x1440,(no folder),2019-08-18,2:03:20,0.804,nobody,not in any folder,
,DECIDE,,,,,,357202477,YP - Short Tech Orientation Video,(no folder),2019-09-01,0:10:21,0.125,unlisted,not in any folder,
,DECIDE,,,,,,358590213,YP - Meet the Faculty,(no folder),2019-09-08,1:24:37,0.67,unlisted,not in any folder,
,DECIDE,,,,,,359397977,Bhagavad Gita with Robert Lindsey Module One- 9.10.19,(no folder),2019-09-11,1:59:27,1.107,nobody,not in any folder,
,DECIDE,,,,,,360031188,MBT Student Orientation (movavi),(no folder),2019-09-14,1:15:53,0.514,nobody,not in any folder,
,DECIDE,,,,,,360719083,BHAGAVAD GITA MODULE 2,(no folder),2019-09-18,1:57:19,0.443,nobody,not in any folder,This video is about BHAGAVAD GITA MODULE 2
,DECIDE,,,,,,360825721,MB Assessment - Module 1 (video m),(no folder),2019-09-18,1:51:35,0.526,nobody,not in any folder,
,DECIDE,,,,,,361215867,bhakti yoga,(no folder),2019-09-20,1:55:06,4.426,anybody,not in any folder,
,DECIDE,,,,,,361330150,David Weinstock NonViolent Communication Module 1,(no folder),2019-09-20,1:59:20,0.828,nobody,not in any folder,
,DECIDE,,,,,,362378707,Bhagavad Gita Module 3,(no folder),2019-09-25,1:58:41,0.446,nobody,not in any folder,
,DECIDE,,,,,,362410907,scott2uncropped,(no folder),2019-09-25,2:00:32,0.45,nobody,not in any folder,
,DECIDE,,,,,,362468339,module 2,(no folder),2019-09-26,2:27:05,3.115,nobody,not in any folder,
,DECIDE,,,,,,362663876,EL_Christopher Fici,(no folder),2019-09-26,1:30:20,0.555,nobody,not in any folder,
,DECIDE,,,,,,362671392,EL_Edwin Bryant,(no folder),2019-09-26,1:29:18,0.977,nobody,not in any folder,
,DECIDE,,,,,,362692747,EL_Pranada Comtois,(no folder),2019-09-27,1:13:10,0.392,nobody,not in any folder,
,DECIDE,,,,,,362711689,EL_Jaya Jaganath,(no folder),2019-09-27,1:38:26,0.536,nobody,not in any folder,
,DECIDE,,,,,,362817647,David Weinstock NVC Module 2,(no folder),2019-09-27,1:58:11,0.709,nobody,not in any folder,
,DECIDE,,,,,,362854800,module 2 ara,(no folder),2019-09-27,2:27:05,1.821,nobody,not in any folder,
,DECIDE,,,,,,362938293,EL_Hari-kirtana das,(no folder),2019-09-28,0:53:11,0.316,nobody,not in any folder,
,DECIDE,,,,,,362939688,EL_Vanamali Mataji,(no folder),2019-09-28,1:17:12,0.938,nobody,not in any folder,
,DECIDE,,,,,,362943543,EL_Neelima Shukla-Bhatt,(no folder),2019-09-28,1:00:16,0.368,nobody,not in any folder,
,DECIDE,,,,,,363063159,EL_Swami Tripurari,(no folder),2019-09-29,1:24:36,0.763,nobody,not in any folder,
,DECIDE,,,,,,363075201,EL_Nina Rao,(no folder),2019-09-29,1:07:53,0.448,nobody,not in any folder,
,DECIDE,,,,,,363429358,EL_Graham Schweig,(no folder),2019-09-30,1:30:08,0.582,nobody,not in any folder,
,DECIDE,,,,,,363460314,MindBody Assessment - Module 3 (movavi),(no folder),2019-10-01,1:41:26,0.349,nobody,not in any folder,
,DECIDE,,,,,,363655114,IntroToMindBodyModule3,(no folder),2019-10-01,1:43:01,0.527,nobody,not in any folder,
,DECIDE,,,,,,363869734,Bhagavad Gita Module 4,(no folder),2019-10-02,1:57:00,0.491,nobody,not in any folder,
,DECIDE,,,,,,364083680,module 3,(no folder),2019-10-03,2:29:52,2.002,anybody,not in any folder,
,DECIDE,,,,,,364315028,David Weinstock NVC Module 3,(no folder),2019-10-04,1:55:28,0.692,nobody,not in any folder,
,DECIDE,,,,,,364369551,EL_Pranada Comtois,(no folder),2019-10-04,1:12:11,0.387,nobody,not in any folder,
,DECIDE,,,,,,365314530,Bhagavad Gita Module Five,(no folder),2019-10-09,1:59:52,0.505,nobody,not in any folder,
,DECIDE,,,,,,365323098,Dr Albert Wong video,(no folder),2019-10-09,1:44:17,0.452,nobody,not in any folder,
,DECIDE,,,,,,365443024,module 4,(no folder),2019-10-10,2:08:46,1.666,nobody,not in any folder,
,DECIDE,,,,,,365604997,MBD - Module 4 (movavi),(no folder),2019-10-10,1:49:25,0.494,nobody,not in any folder,
,DECIDE,,,,,,365782401,New Project,(no folder),2019-10-11,1:51:42,0.715,nobody,not in any folder,
,DECIDE,,,,,,366590662,YP Mentor Group 2 / Meeting #1,(no folder),2019-10-15,1:22:44,0.723,unlisted,not in any folder,
,DECIDE,,,,,,366593448,YP Mentor Group 1 / Meeting #1,(no folder),2019-10-15,1:30:57,0.757,unlisted,not in any folder,
,DECIDE,,,,,,366829878,BG_RobertLindsey_Module6,(no folder),2019-10-16,2:04:45,0.438,anybody,not in any folder,
,DECIDE,,,,,,366908904,module 5,(no folder),2019-10-17,2:13:42,1.745,nobody,not in any folder,
,DECIDE,,,,,,368307051,Bhagavad Gita Module 7,(no folder),2019-10-23,2:02:38,0.501,anybody,not in any folder,
,DECIDE,,,,,,368432209,Untitled,(no folder),2019-10-24,2:17:09,1.679,anybody,not in any folder,
,DECIDE,,,,,,369426821,Grp 2 - Mtg 1 (movavi),(no folder),2019-10-28,1:54:55,0.939,nobody,not in any folder,
,DECIDE,,,,,,369428964,EP Editorial Ecosystem,(no folder),2019-10-28,0:26:58,0.08,unlisted,not in any folder,
,DECIDE,,,,,,369484406,Yoga Seminar - Breath & Presence,(no folder),2019-10-29,1:46:31,0.643,nobody,not in any folder,
,DECIDE,,,,,,369720061,Mentorship Group 8 - Meeting 1,(no folder),2019-10-30,1:30:23,0.67,nobody,not in any folder,
,DECIDE,,,,,,369886884,Bhagavad Gita Module 8,(no folder),2019-10-30,1:54:54,0.454,nobody,not in any folder,
,DECIDE,,,,,,369997475,7,(no folder),2019-10-31,2:16:25,1.742,nobody,not in any folder,
,DECIDE,,,,,,371447850,Group 3  - Meeting 1,(no folder),2019-11-06,0:53:39,0.444,anybody,not in any folder,
,DECIDE,,,,,,371540618,module 8,(no folder),2019-11-07,1:57:14,1.529,nobody,not in any folder,
,DECIDE,,,,,,372920951,EP_ScienceofSpirit_Module3,(no folder),2019-11-13,1:57:56,0.491,nobody,not in any folder,
,DECIDE,,,,,,372922582,EP_ScienceofSpirit_Module4,(no folder),2019-11-13,1:56:45,0.445,nobody,not in any folder,
,DECIDE,,,,,,373014270,EP_ScienceofSpirit_Module1,(no folder),2019-11-14,1:41:26,0.377,nobody,not in any folder,
,DECIDE,,,,,,373018435,module 1,(no folder),2019-11-14,1:52:57,0.873,nobody,not in any folder,
,DECIDE,,,,,,373033243,module 9,(no folder),2019-11-14,1:39:08,1.267,nobody,not in any folder,
,DECIDE,,,,,,374057609,Mentorship Meeting Grp 3 Maureen 11-18-2019,(no folder),2019-11-19,0:49:24,0.476,nobody,not in any folder,
,DECIDE,,,,,,374059749,Mentorship Group 4 Christine 11-18-2019,(no folder),2019-11-19,1:16:59,1.421,nobody,not in any folder,
,DECIDE,,,,,,374442817,Grp 8 Meeting 2 Albert 11-19-2019,(no folder),2019-11-20,1:28:17,0.59,nobody,not in any folder,
,DECIDE,,,,,,374452420,Gpr 5 Mtg 2 Albert 11-19-2019,(no folder),2019-11-20,1:05:19,0.566,nobody,not in any folder,
,DECIDE,,,,,,374484480,Grp 7 Maureen 11-20-19 (movavi),(no folder),2019-11-20,0:37:03,0.394,nobody,not in any folder,
,DECIDE,,,,,,374757432,Faculty Q&A 11-21-2019 (movavi),(no folder),2019-11-21,1:28:19,0.64,nobody,not in any folder,
,DECIDE,,,,,,374828799,Yoga Seminar - Om Namah Shivaya,(no folder),2019-11-22,1:39:33,0.734,nobody,not in any folder,
,DECIDE,,,,,,375047458,Grp 1 Meeting 11-22-2019 (movavi),(no folder),2019-11-23,0:53:39,0.454,nobody,not in any folder,
,DECIDE,,,,,,375540442,Mentorship Grp 6 Rae 11-25-2019 (movavi),(no folder),2019-11-25,0:49:01,0.355,nobody,not in any folder,
,DECIDE,,,,,,375544304,Purpose_of_the_Course,(no folder),2019-11-26,0:26:48,0.375,anybody,not in any folder,
,DECIDE,,,,,,375755299,MVI_0103,(no folder),2019-11-26,0:16:06,0.364,nobody,not in any folder,
,DECIDE,,,,,,375772838,MVI_0104,(no folder),2019-11-26,0:00:09,0.003,nobody,not in any folder,
,DECIDE,,,,,,375777520,swamig1008 on 2018-04-23 at 12.05,(no folder),2019-11-26,0:40:44,0.21,nobody,not in any folder,
,DECIDE,,,,,,375806467,MVI_0122,(no folder),2019-11-27,0:01:56,0.044,nobody,not in any folder,
,DECIDE,,,,,,375835756,MVI_0123,(no folder),2019-11-27,0:15:31,0.351,nobody,not in any folder,
,DECIDE,,,,,,375923946,MVI_0124,(no folder),2019-11-27,0:14:37,0.33,nobody,not in any folder,
,DECIDE,,,,,,375928594,MVI_0125,(no folder),2019-11-27,0:16:13,0.366,nobody,not in any folder,
,DECIDE,,,,,,375931889,MVI_0126,(no folder),2019-11-27,0:00:34,0.013,nobody,not in any folder,
,DECIDE,,,,,,375932022,MVI_0127,(no folder),2019-11-27,0:16:13,0.366,nobody,not in any folder,
,DECIDE,,,,,,375935984,MVI_0128,(no folder),2019-11-27,0:04:15,0.096,nobody,not in any folder,
,DECIDE,,,,,,375936923,MVI_0129,(no folder),2019-11-27,0:06:56,0.157,nobody,not in any folder,
,DECIDE,,,,,,375938419,MVI_0130,(no folder),2019-11-27,0:04:35,0.104,nobody,not in any folder,
,DECIDE,,,,,,375939448,MVI_0105,(no folder),2019-11-27,0:15:42,0.355,nobody,not in any folder,
,DECIDE,,,,,,375942754,MVI_0106,(no folder),2019-11-27,0:16:06,0.364,nobody,not in any folder,
,DECIDE,,,,,,375946003,MVI_0107,(no folder),2019-11-27,0:13:08,0.297,nobody,not in any folder,
,DECIDE,,,,,,375948515,MVI_0108,(no folder),2019-11-27,0:16:06,0.364,nobody,not in any folder,
,DECIDE,,,,,,375951903,MVI_0109,(no folder),2019-11-27,0:00:32,0.012,nobody,not in any folder,
,DECIDE,,,,,,375952015,MVI_0110,(no folder),2019-11-27,0:13:08,0.297,nobody,not in any folder,
,DECIDE,,,,,,375954546,MVI_0111,(no folder),2019-11-27,0:16:01,0.362,nobody,not in any folder,
,DECIDE,,,,,,375957629,MVI_0112,(no folder),2019-11-27,0:16:06,0.364,nobody,not in any folder,
,DECIDE,,,,,,375960547,MVI_0113,(no folder),2019-11-27,0:00:15,0.005,nobody,not in any folder,
,DECIDE,,,,,,375960609,MVI_0114,(no folder),2019-11-27,0:16:06,0.364,nobody,not in any folder,
,DECIDE,,,,,,375964723,MVI_0115,(no folder),2019-11-27,0:00:30,0.012,nobody,not in any folder,
,DECIDE,,,,,,375964864,MVI_0116,(no folder),2019-11-27,0:16:06,0.364,nobody,not in any folder,
,DECIDE,,,,,,375968373,MVI_0117,(no folder),2019-11-27,0:00:51,0.02,nobody,not in any folder,
,DECIDE,,,,,,375968586,MVI_0121,(no folder),2019-11-27,0:16:13,0.366,nobody,not in any folder,
,DECIDE,,,,,,377223897,Attatchment Theory - Module 4 (video),(no folder),2019-12-04,1:55:56,0.379,nobody,not in any folder,
,DECIDE,,,,,,377432665,Ayurveda Kate ODonnell (video),(no folder),2019-12-04,1:32:30,0.447,nobody,not in any folder,
,DECIDE,,,,,,378830763,Mentorship Group 8 Albert 12-10-19 (video M),(no folder),2019-12-11,1:24:22,0.517,nobody,not in any folder,
,DECIDE,,,,,,385365556,Social Justice and Yoga,(no folder),2020-01-16,1:45:21,0.549,nobody,not in any folder,
,DECIDE,,,,,,385392650,Embodied Philosophy Jan 2019,(no folder),2020-01-17,1:11:25,2.597,nobody,not in any folder,
,DECIDE,,,,,,385568976,Joe Loizzo - Kick Off,(no folder),2020-01-17,1:24:40,0.332,nobody,not in any folder,
,DECIDE,,,,,,385595011,MaryClass,(no folder),2020-01-17,1:21:43,3.505,anybody,not in any folder,
,DECIDE,,,,,,385612694,Orientation with Jacob Scott (lg video),(no folder),2020-01-18,0:56:35,0.267,nobody,not in any folder,
,DECIDE,,,,,,385711567,MBT Virtual Retreat - Isa Gucciardi (lg video),(no folder),2020-01-18,1:12:15,0.435,nobody,not in any folder,
,DECIDE,,,,,,385738531,Jacob's Class,(no folder),2020-01-19,1:34:30,2.306,anybody,not in any folder,
,DECIDE,,,,,,385867017,Virtual Retreat - David Weinstock (lg video),(no folder),2020-01-19,1:24:49,0.96,nobody,not in any folder,
,DECIDE,,,,,,386639021,meditation 1,(no folder),2020-01-23,1:52:27,0.508,nobody,not in any folder,
,DECIDE,,,,,,388312624,Vedantic Meditation,(no folder),2020-01-30,0:33:06,1.427,nobody,not in any folder,
,DECIDE,,,,,,389732276,meditation 2,(no folder),2020-02-06,1:56:57,0.454,nobody,not in any folder,
,DECIDE,,,,,,389802645,VE_Andrew Holocek,(no folder),2020-02-06,1:05:10,0.737,nobody,not in any folder,
,DECIDE,,,,,,389851592,VE_Ken Rose,(no folder),2020-02-06,1:14:10,0.471,nobody,not in any folder,
,DECIDE,,,,,,389856923,VE_Riz wan Virk,(no folder),2020-02-06,1:10:40,0.3,nobody,not in any folder,
,DECIDE,,,,,,389859627,VE_Joakim Vindenes,(no folder),2020-02-06,1:08:54,0.299,nobody,not in any folder,
,DECIDE,,,,,,389868941,VE_Sarah Hill,(no folder),2020-02-07,0:26:17,0.215,nobody,not in any folder,
,DECIDE,,,,,,390578406,VE_Albert Skip Rizzo,(no folder),2020-02-10,1:37:00,0.746,nobody,not in any folder,
,DECIDE,,,,,,390595372,VE_Michael R Heim,(no folder),2020-02-10,1:14:36,0.409,nobody,not in any folder,
,DECIDE,,,,,,390616718,MBT Q and A 2-9-20,(no folder),2020-02-10,1:24:40,0.458,nobody,not in any folder,
,DECIDE,,,,,,390817518,VE_Jordan Quaglia,(no folder),2020-02-11,0:34:25,0.158,nobody,not in any folder,
,DECIDE,,,,,,391099996,VE_Swami Sarvapriyananda,(no folder),2020-02-12,1:01:25,0.61,nobody,not in any folder,
,DECIDE,,,,,,391120900,VE_Isa Gucciardi,(no folder),2020-02-13,1:15:46,0.632,nobody,not in any folder,
,DECIDE,,,,,,391142930,Light in the Shadow - Module 1 - VR Conf,(no folder),2020-02-13,1:53:46,0.959,nobody,not in any folder,
,DECIDE,,,,,,391267986,meditation 3,(no folder),2020-02-13,2:00:15,0.419,nobody,not in any folder,
,DECIDE,,,,,,392538646,VE_AmitGoswami,(no folder),2020-02-19,1:01:25,1.111,nobody,not in any folder,
,DECIDE,,,,,,392596830,Vedas Source of Yoga - Module 1 (movavi),(no folder),2020-02-20,1:11:08,0.424,nobody,not in any folder,
,DECIDE,,,,,,392599897,Vedas - Module 2 (movavi),(no folder),2020-02-20,1:20:00,0.473,nobody,not in any folder,
,DECIDE,,,,,,392607384,Vedas - Module 3 (movavi),(no folder),2020-02-20,1:29:42,0.471,nobody,not in any folder,
,DECIDE,,,,,,392720157,meditation 4,(no folder),2020-02-20,2:04:03,0.508,nobody,not in any folder,
,DECIDE,,,,,,392791802,VirtualEmpowerment_Amit Goswami_EPTV,(no folder),2020-02-20,0:55:31,0.975,nobody,not in any folder,
,DECIDE,,,,,,392858794,VirtualEmpowerment_Albert Skip Rizzo_EPTV,(no folder),2020-02-21,1:31:11,0.713,nobody,not in any folder,
,DECIDE,,,,,,392864726,VirtualEmpowerment_Andrew Holocek_EPTV,(no folder),2020-02-21,0:59:40,0.687,nobody,not in any folder,
,DECIDE,,,,,,392869674,VirtualEmpowerment_Isa Gucciardi_EPTV,(no folder),2020-02-21,1:10:13,0.595,nobody,not in any folder,
,DECIDE,,,,,,392872683,VirtualEmpowerment_Ken Rose_EPTV,(no folder),2020-02-21,1:08:51,0.418,nobody,not in any folder,
,DECIDE,,,,,,392883213,VirtualEmpowerment_Swami Sarvapriyananda_EPTV,(no folder),2020-02-21,0:54:51,0.555,nobody,not in any folder,
,DECIDE,,,,,,392967438,VirtualEmpowerment_Michael R Heim_EPTV,(no folder),2020-02-21,1:08:57,0.358,nobody,not in any folder,
,DECIDE,,,,,,394331332,Vedas - Module 4 (movavi),(no folder),2020-02-28,1:20:05,0.51,nobody,not in any folder,
,DECIDE,,,,,,395528978,"Virtual Reality, Maya, and Yoga's Virtual Bodies - Module 1",(no folder),2020-03-04,1:54:02,0.801,nobody,not in any folder,
,DECIDE,,,,,,396240845,The Realization Process - Module 1 (Video),(no folder),2020-03-08,1:57:57,0.96,nobody,not in any folder,
,DECIDE,,,,,,396961228,VR Maya Yoga 2,(no folder),2020-03-11,1:56:43,0.661,nobody,not in any folder,
,DECIDE,,,,,,397529620,Internal Family Systems EPTV,(no folder),2020-03-13,1:18:20,0.336,nobody,not in any folder,
,DECIDE,,,,,,397699510,The Realization Process - Module 2 - (video),(no folder),2020-03-14,1:59:17,1.052,unlisted,not in any folder,
,DECIDE,,,,,,399040098,bhakti 1,(no folder),2020-03-20,1:23:02,0.362,nobody,not in any folder,
,DECIDE,,,,,,399202561,VR Maya Yoga 3,(no folder),2020-03-20,1:59:42,0.765,anybody,not in any folder,
,DECIDE,,,,,,401115196,VR MAYA YOGA 4,(no folder),2020-03-26,2:00:16,0.759,nobody,not in any folder,
,DECIDE,,,,,,401163944,bhakti 2,(no folder),2020-03-26,1:52:39,0.445,nobody,not in any folder,
,DECIDE,,,,,,401210161,blah blah,(no folder),2020-03-27,0:04:29,0.111,unlisted,not in any folder,
,DECIDE,,,,,,401382090,;lkj;lkj,(no folder),2020-03-27,0:03:25,0.077,unlisted,not in any folder,
,DECIDE,,,,,,401786105,Samsara as a Video Game_ the Simulation Hypothesis and Religious Traditions (Rizwan Virk),(no folder),2020-03-29,1:05:01,0.244,nobody,not in any folder,
,DECIDE,,,,,,401975623,Bodhichitta_ Radical Compassion in a World Gone Mad (Miles Neale),(no folder),2020-03-29,1:15:50,0.729,nobody,not in any folder,
,DECIDE,,,,,,402303709,The Realization Process - Module 3 - (video),(no folder),2020-03-30,1:58:35,0.998,nobody,not in any folder,
,DECIDE,,,,,,402405309,MBT QA March 2020,(no folder),2020-03-31,1:27:48,0.694,nobody,not in any folder,
,DECIDE,,,,,,403429845,bhakti 3 (video),(no folder),2020-04-02,1:53:47,0.438,nobody,not in any folder,
,DECIDE,,,,,,405987957,bhakti 4,(no folder),2020-04-09,1:56:51,0.417,nobody,not in any folder,
,DECIDE,,,,,,410298603,prana 2,(no folder),2020-04-21,1:57:47,0.501,nobody,not in any folder,
,DECIDE,,,,,,411868562,Sunday Yoga with Jacob,(no folder),2020-04-25,1:31:34,1.969,unlisted,not in any folder,65-minute alignment-based vinyasa with Jacob
,DECIDE,,,,,,412832836,prana 3,(no folder),2020-04-28,1:57:25,0.477,nobody,not in any folder,
,DECIDE,,,,,,414746021,Module 9,(no folder),2020-05-04,1:37:50,0.306,nobody,not in any folder,
,DECIDE,,,,,,415332873,prana 4 (video),(no folder),2020-05-05,1:55:57,0.511,nobody,not in any folder,
,DECIDE,,,,,,415636607,Goddess Traditions and Early Tantra Module 1,(no folder),2020-05-06,1:55:16,0.547,disable,not in any folder,Goddess Traditions and Early Tantra Module 1
,DECIDE,,,,,,416430169,Niralli D'Costa - Awakening the Inner Beloved,(no folder),2020-05-08,1:27:10,0.742,nobody,not in any folder,
,DECIDE,,,,,,418204985,Goddess Traditions and Early Tantra Module 2 (video),(no folder),2020-05-13,2:02:34,0.601,disable,not in any folder,Goddess Traditions and Early Tantra Module 2 (video)
,DECIDE,,,,,,418240272,Fac Q&A May 12 2020,(no folder),2020-05-13,1:27:38,0.648,nobody,not in any folder,
,DECIDE,,,,,,420395215,Third Eye Seminar,(no folder),2020-05-19,1:24:04,0.331,nobody,not in any folder,
,DECIDE,,,,,,420713618,Goddess Traditions and Early Tantra Module 3 (video),(no folder),2020-05-20,2:03:45,0.554,disable,not in any folder,Goddess Traditions and Early Tantra Module 3 (video)
,DECIDE,,,,,,423199632,Goddess Traditions and Early Tantra Module 4 (video),(no folder),2020-05-27,1:54:00,1.0,disable,not in any folder,Goddess Traditions and Early Tantra Module 4 (video)
,DECIDE,,,,,,424625632,Untitled,(no folder),2020-06-01,0:00:06,0.004,disable,not in any folder,
,DECIDE,,,,,,424939899,Contemporary Somatic Psy Module 1,(no folder),2020-06-01,1:18:10,0.331,disable,not in any folder,
,DECIDE,,,,,,425558621,Contemporary Somatic Psychology - Module 2 (video),(no folder),2020-06-03,1:22:53,0.334,disable,not in any folder,
,DECIDE,,,,,,426828338,meetgreet (video),(no folder),2020-06-07,0:45:15,0.3,nobody,not in any folder,
,DECIDE,,,,,,426843951,Pre-Session Script Example,(no folder),2020-06-08,0:04:32,0.022,nobody,not in any folder,
,DECIDE,,,,,,427249306,Contemporary Somatic Psychology - Q&A 1 (video),(no folder),2020-06-09,1:00:32,0.329,disable,not in any folder,
,DECIDE,,,,,,427659112,Contemporary Somatic Psychology - Q&A #2 (video),(no folder),2020-06-10,1:00:51,0.351,nobody,not in any folder,
,DECIDE,,,,,,427785822,Goddess Traditions and Early Tantra Module 5 (video),(no folder),2020-06-10,2:00:49,0.651,disable,not in any folder,Goddess Traditions and Early Tantra Module 5 (video)
,DECIDE,,,,,,429508515,The Art of Nonviolent Communication (video),(no folder),2020-06-16,1:41:07,0.807,nobody,not in any folder,
,DECIDE,,,,,,430032521,Goddess Traditions and Early Tantra Module 6 (video),(no folder),2020-06-17,2:13:04,0.733,disable,not in any folder,Goddess Traditions and Early Tantra Module 6 (video)
,DECIDE,,,,,,432978093,Green Buddhism Webinar with Stephanie Kaza,(no folder),2020-06-26,1:25:33,0.444,nobody,not in any folder,
,DECIDE,,,,,,434029347,Contemplative Psychology 20200629,(no folder),2020-06-30,1:38:51,0.999,nobody,not in any folder,
,DECIDE,,,,,,438434902,Social Ecology: Exploring Yoga's Potential,(no folder),2020-07-15,1:25:33,0.582,nobody,not in any folder,chris chapple
,DECIDE,,,,,,440163996,Embodied Activism - Module 1,(no folder),2020-07-21,1:55:58,0.793,unlisted,not in any folder,
,DECIDE,,,,,,442210201,Embodied Activism - Module 2,(no folder),2020-07-28,2:01:26,0.872,unlisted,not in any folder,
,DECIDE,,,,,,443502475,EcoPsych (video),(no folder),2020-07-31,0:59:56,0.81,password,not in any folder,
,DECIDE,,,,,,444366546,Embodied Activism - Module 3,(no folder),2020-08-03,2:01:39,0.632,unlisted,not in any folder,
,DECIDE,,,,,,446850016,Embodied Activism - Module 4,(no folder),2020-08-11,1:59:57,1.13,unlisted,not in any folder,
,DECIDE,,,,,,447893077,psychedelics and psychotherapy,(no folder),2020-08-14,1:26:13,0.775,nobody,not in any folder,
,DECIDE,,,,,,448075253,MBT Q&A 1 (video),(no folder),2020-08-15,1:31:59,0.532,nobody,not in any folder,
,DECIDE,,,,,,449500099,YP-QA1-RECORDING,(no folder),2020-08-20,1:28:39,0.413,nobody,not in any folder,
,DECIDE,,,,,,450687833,Master Course with David Weinstock (video),(no folder),2020-08-23,1:44:26,0.961,nobody,not in any folder,
,DECIDE,,,,,,450698128,Master Course with Rae Johnson (video),(no folder),2020-08-23,0:53:56,0.299,nobody,not in any folder,
,DECIDE,,,,,,450892742,Master Class with Dr Scott Lyons,(no folder),2020-08-23,0:58:46,0.515,nobody,not in any folder,
,DECIDE,,,,,,450918098,Master Class with Niralli D'Costa,(no folder),2020-08-23,1:30:25,0.548,nobody,not in any folder,
,DECIDE,,,,,,451117720,Closing Ceremony with Dr Scott Lyons - (Video),(no folder),2020-08-24,1:39:48,0.858,nobody,not in any folder,
,DECIDE,,,,,,451257397,YP-Immersion-Friday-Morning-Video,(no folder),2020-08-24,2:30:12,1.015,nobody,not in any folder,
,DECIDE,,,,,,451270233,YP-Immersion-Friday-Afternoon-Video,(no folder),2020-08-24,1:56:29,1.308,nobody,not in any folder,
,DECIDE,,,,,,451594105,YP-Immersion-Saturday-Morning-Practice,(no folder),2020-08-25,1:02:55,0.303,nobody,not in any folder,
,DECIDE,,,,,,451607265,YP-Immersion-Sunday-Morning-Practice,(no folder),2020-08-25,1:01:57,0.329,nobody,not in any folder,
,DECIDE,,,,,,451616788,YP-Immersion-Sunday-Morning-Presentations,(no folder),2020-08-25,1:32:21,0.689,nobody,not in any folder,
,DECIDE,,,,,,452033543,YP-Immersion-Saturday-Afternoon-Presentations,(no folder),2020-08-27,1:31:18,0.843,nobody,not in any folder,
,DECIDE,,,,,,452071117,YP-Immersion-Sunday-Afternoon-Graduation,(no folder),2020-08-27,2:42:50,1.095,nobody,not in any folder,
,DECIDE,,,,,,453816515,YP-Faculty-Meeting-9-1,(no folder),2020-09-01,1:11:49,0.334,nobody,not in any folder,
,DECIDE,,,,,,455954420,Host Updates 9-5,(no folder),2020-09-08,0:29:15,0.222,unlisted,not in any folder,
,DECIDE,,,,,,456360332,YP-Meet-the-Faculty-Q&A,(no folder),2020-09-09,1:19:32,0.435,nobody,not in any folder,
,DECIDE,,,,,,457953511,YP-ORIENTATION-9-13,(no folder),2020-09-14,1:44:25,1.638,nobody,not in any folder,
,DECIDE,,,,,,458660293,YP-Intro-to-Philosophy-9-15,(no folder),2020-09-16,1:50:37,0.726,nobody,not in any folder,
,DECIDE,,,,,,458695101,Course Host Info Session,(no folder),2020-09-16,0:41:07,0.299,unlisted,not in any folder,
,DECIDE,,,,,,459210645,Authenticity and Spiritual Realization with Judith Blackstone - (Video),(no folder),2020-09-18,1:31:06,0.797,nobody,not in any folder,
,DECIDE,,,,,,459494079,YP-Intro-to-Yoga-Philosophy-Module-2,(no folder),2020-09-18,2:27:22,0.775,unlisted,not in any folder,
,DECIDE,,,,,,460356020,Intro to Vedas - Introduction Video,(no folder),2020-09-21,0:01:08,0.016,nobody,not in any folder,
,DECIDE,,,,,,463148331,Course Host On-boarding,(no folder),2020-09-29,1:21:05,0.785,unlisted,not in any folder,
,DECIDE,,,,,,463263860,Yoga Therapy Research - Mod 1,(no folder),2020-09-30,1:52:48,0.555,disable,not in any folder,
,DECIDE,,,,,,463980063,YP-Katy-Jane-Q&A,(no folder),2020-10-01,0:58:05,0.532,nobody,not in any folder,
,DECIDE,,,,,,465130895,Roots Branches 2,(no folder),2020-10-05,1:59:16,0.405,nobody,not in any folder,
,DECIDE,,,,,,465554331,History of Yoga_Module1_Video,(no folder),2020-10-06,1:35:02,0.32,nobody,not in any folder,
,DECIDE,,,,,,465571418,Yoga Therapy Research - Module 2,(no folder),2020-10-06,1:49:10,0.478,disable,not in any folder,Yoga Therapy Research Module 2
,DECIDE,,,,,,465582281,HistoryOfYoga_Module2_Video,(no folder),2020-10-06,1:53:00,0.386,nobody,not in any folder,
,DECIDE,,,,,,465619392,HistoryOfYoga_Module3,(no folder),2020-10-07,2:02:29,0.49,nobody,not in any folder,
,DECIDE,,,,,,465983407,yp-mantra-recitation-10-7-20,(no folder),2020-10-07,1:20:29,0.501,nobody,not in any folder,
,DECIDE,,,,,,466404927,History of Yoga Module 4,(no folder),2020-10-09,1:53:49,0.406,nobody,not in any folder,
,DECIDE,,,,,,467809277,Contemplative Ecology Panel,(no folder),2020-10-13,1:53:29,1.88,nobody,not in any folder,
,DECIDE,,,,,,467914447,YP-Integration-Session-10-10,(no folder),2020-10-13,1:33:23,0.95,nobody,not in any folder,
,DECIDE,,,,,,467946252,Yoga Therapy Research - Module 3,(no folder),2020-10-13,1:56:33,0.649,disable,not in any folder,Yoga Therapy Research Module 3
,DECIDE,,,,,,467991837,Samkhya_The_Ground_for_Yoga_Module 1_Video,(no folder),2020-10-14,1:48:36,0.79,nobody,not in any folder,
,DECIDE,,,,,,468835458,Samkhya The Ground for Yoga Module 2 video,(no folder),2020-10-16,1:53:29,1.232,nobody,not in any folder,
,DECIDE,,,,,,469568291,New event,(no folder),2020-10-18,0:04:13,0.163,unlisted,not in any folder,
,DECIDE,,,,,,470391973,Yoga Therapy Research - Module 4,(no folder),2020-10-20,1:59:17,0.733,disable,not in any folder,Yoga Therapy Research Module 4
,DECIDE,,,,,,470424548,The Yoga Sutras of Patanjali Module One,(no folder),2020-10-21,2:29:56,1.362,disable,not in any folder,
,DECIDE,,,,,,472881973,Yoga Sutras of Patanjali - Module 2,(no folder),2020-10-28,2:53:28,2.381,disable,not in any folder,
,DECIDE,,,,,,473387898,Yoga Sutra Meditations - Module 1,(no folder),2020-10-29,1:59:39,0.858,nobody,not in any folder,"Class taught by Rames Bjonnes and Mary Reilly Nichols. Presentation from Module 1, 22 October 2020."
,DECIDE,,,,,,473700637,Integrating Energy Healing Into MindBody Therapy Theory and Practice,(no folder),2020-10-30,1:23:44,0.452,disable,not in any folder,
,DECIDE,,,,,,475266508,Book-of-the-Dead-Meditation-Video,(no folder),2020-11-03,0:33:58,0.163,disable,not in any folder,
,DECIDE,,,,,,475889781,Tibetan Book - Module 1 - Video,(no folder),2020-11-05,2:39:47,1.248,disable,not in any folder,
,DECIDE,,,,,,476016669,"Integration Session 2 (October 31, 2020) (Video Edit)",(no folder),2020-11-05,1:10:17,0.543,nobody,not in any folder,
,DECIDE,,,,,,476061486,Module 2 - Yoga Sutra Meditation (Video),(no folder),2020-11-05,1:59:16,0.673,nobody,not in any folder,
,DECIDE,,,,,,476370304,Module 3 - Yoga Sutra Meditation (Video),(no folder),2020-11-06,1:49:00,0.488,nobody,not in any folder,
,DECIDE,,,,,,477807346,Shamans & Siddhas - Module 1,(no folder),2020-11-10,1:33:19,0.959,disable,not in any folder,
,DECIDE,,,,,,477807403,Shamans & Siddhas - Module 4,(no folder),2020-11-10,1:53:44,1.616,disable,not in any folder,
,DECIDE,,,,,,477807542,Shamans & Siddhas - Module 3,(no folder),2020-11-10,1:25:11,1.113,disable,not in any folder,
,DECIDE,,,,,,477807607,Shamans & Siddhas - Module 2,(no folder),2020-11-10,1:27:34,1.112,disable,not in any folder,
,DECIDE,,,,,,477933141,Nondual Therapy - Module 1 - Video,(no folder),2020-11-11,1:56:36,0.636,disable,not in any folder,
,DECIDE,,,,,,478042111,Yoga Sutras of Patanjali - Module 3,(no folder),2020-11-11,2:49:57,2.283,disable,not in any folder,
,DECIDE,,,,,,478441762,Tibetan Book - Module 2 - Video,(no folder),2020-11-12,2:31:42,1.258,disable,not in any folder,
,DECIDE,,,,,,478906583,Module 4 - Yoga Sutra Meditation (Video),(no folder),2020-11-13,2:08:45,0.57,disable,not in any folder,
,DECIDE,,,,,,479316258,Tarka Scholar-Practitioner - From Faculty - Ramdas Lamb,(no folder),2020-11-14,0:30:37,0.109,disable,not in any folder,
,DECIDE,,,,,,479317462,MBT Trimester 1: Integrative Seminar 2,(no folder),2020-11-14,1:28:48,0.676,disable,not in any folder,
,DECIDE,,,,,,480542262,Nondual Therapy - Module 2 - Video,(no folder),2020-11-17,2:01:49,0.663,disable,not in any folder,
,DECIDE,,,,,,480660808,Yoga Sutras - Module 4,(no folder),2020-11-18,3:04:57,2.456,disable,not in any folder,
,DECIDE,,,,,,481439993,Tibetan Book - Module 3 - Video,(no folder),2020-11-19,2:34:52,1.302,disable,not in any folder,
,DECIDE,,,,,,481561674,Body Dreams - Video,(no folder),2020-11-20,1:18:07,0.798,disable,not in any folder,
,DECIDE,,,,,,481911221,YP-Intro-to-Sanskrit-Video,(no folder),2020-11-21,1:52:04,0.419,disable,not in any folder,
,DECIDE,,,,,,482267109,Integration Session 3 (Video),(no folder),2020-11-22,1:11:41,0.409,disable,not in any folder,
,DECIDE,,,,,,483269031,TBOTD-Meditation-2,(no folder),2020-11-24,0:40:07,0.166,disable,not in any folder,
,DECIDE,,,,,,483629323,Nondual Therapy - Module 3 - Video,(no folder),2020-11-25,1:50:20,0.64,disable,not in any folder,
,DECIDE,,,,,,486172858,Nondual Therapy - Module 4 Video,(no folder),2020-12-01,1:58:02,0.753,disable,not in any folder,NonDual Therapy Module 4
,DECIDE,,,,,,486387253,Yoga Sutras Module 5,(no folder),2020-12-02,3:06:47,2.37,disable,not in any folder,
,DECIDE,,,,,,487216121,Tibetan Book - Module 4 - Video,(no folder),2020-12-04,2:48:16,1.319,disable,not in any folder,
,DECIDE,,,,,,487378466,Intro-to-Sanskrit-Module-2,(no folder),2020-12-04,1:50:54,0.306,disable,not in any folder,
,DECIDE,,,,,,487482779,T1 Integrative Session 3 - (Video),(no folder),2020-12-05,1:04:17,0.449,disable,not in any folder,
,DECIDE,,,,,,488953996,Yoga Sutras of Patanjali - Module 6 - Video,(no folder),2020-12-09,3:11:51,1.972,disable,not in any folder,
,DECIDE,,,,,,489520560,"MBT Community Convo 2 (video), Dec 9",(no folder),2020-12-10,0:41:10,0.302,disable,not in any folder,
,DECIDE,,,,,,489594868,Intro to Sanskrit - Module 3 (Video),(no folder),2020-12-10,1:52:22,0.296,disable,not in any folder,
,DECIDE,,,,,,490915502,Integration-Session-4-Video,(no folder),2020-12-14,1:22:30,0.605,disable,not in any folder,
,DECIDE,,,,,,491250691,"YPSem: Yoga, Dreams, TLittle (12-15-20)",(no folder),2020-12-15,1:29:40,0.677,disable,not in any folder,
,DECIDE,,,,,,491595469,Yoga Sutras - Module 7 - Video,(no folder),2020-12-16,3:19:30,2.55,disable,not in any folder,
,DECIDE,,,,,,492287272,Intro to Sanskrit - Module 4 (Video),(no folder),2020-12-18,1:56:57,0.344,disable,not in any folder,
,DECIDE,,,,,,492483058,Yoga Sutras - Module 8 - Video,(no folder),2020-12-18,3:29:38,2.448,disable,not in any folder,
,DECIDE,,,,,,498052029,Shambhavi Satsang MedRes 2021,(no folder),2021-01-07,1:16:39,0.689,disable,not in any folder,
,DECIDE,,,,,,501035798,Intro-to-Ayurveda-Module-1,(no folder),2021-01-15,2:57:41,1.09,disable,not in any folder,
,DECIDE,,,,,,503077779,Darshan - Module 1 - Video,(no folder),2021-01-21,1:57:34,0.729,disable,not in any folder,
,DECIDE,,,,,,503666233,Intro-to-Ayurveda-Module-2-Video,(no folder),2021-01-22,2:36:16,1.145,disable,not in any folder,
,DECIDE,,,,,,504511113,Integration-Session-5-Video,(no folder),2021-01-25,1:16:19,0.732,disable,not in any folder,
,DECIDE,,,,,,505327660,Nondual Realization Seminar (video),(no folder),2021-01-27,1:30:55,0.581,disable,not in any folder,
,DECIDE,,,,,,505343276,Vaishnava Bhakti - Module 1,(no folder),2021-01-27,1:50:01,0.5,disable,not in any folder,Vaishnava Bhakti - Module 1
,DECIDE,,,,,,505693755,Darshan - Module 2 - Video,(no folder),2021-01-28,1:56:36,0.623,disable,not in any folder,
,DECIDE,,,,,,505869880,Sanskrit - Level 1 - Q & A Session 1 (1st Edition),(no folder),2021-01-28,0:57:49,0.302,disable,not in any folder,Sanskrit Q & A_Session 1
,DECIDE,,,,,,507644474,Shamans & Siddhas - Q&A - 2-1-21,(no folder),2021-02-02,1:18:13,0.343,disable,not in any folder,
,DECIDE,,,,,,508127358,Vaishnava Bhakti - Module 2 (video),(no folder),2021-02-03,1:44:31,0.621,nobody,not in any folder,Vaishnava Bhakti - Module 2 (video)
,DECIDE,,,,,,508416986,Darshan - Module 3 - Video,(no folder),2021-02-04,1:59:46,0.726,disable,not in any folder,
,DECIDE,,,,,,509076437,MBT_Trimester 2_Integrative Session 1,(no folder),2021-02-06,1:14:27,0.441,nobody,not in any folder,MBT_Trimester 2_Integrative Session 1
,DECIDE,,,,,,510527463,The Realization Process - Module 1,(no folder),2021-02-10,1:54:04,0.835,disable,not in any folder,
,DECIDE,,,,,,510778159,Bhagavad Gita - Module 1 (video),(no folder),2021-02-10,1:53:06,0.505,nobody,not in any folder,Bhagavad Gita - Module 1 (video)
,DECIDE,,,,,,511170314,Darshan - Module 4 - Video,(no folder),2021-02-11,1:58:53,0.701,disable,not in any folder,
,DECIDE,,,,,,511276320,Law of Karma (video),(no folder),2021-02-11,1:25:55,0.868,disable,not in any folder,
,DECIDE,,,,,,511342292,Sanskrit - Level 1 - Q&A_Session 2 (1st Edition),(no folder),2021-02-11,0:58:07,0.295,nobody,not in any folder,Sanskrit Q&A_Session 2
,DECIDE,,,,,,511785853,Bhagavad-Gita-Module-2-Video,(no folder),2021-02-12,2:13:23,0.746,disable,not in any folder,
,DECIDE,,,,,,512178052,Integration Session 6,(no folder),2021-02-14,1:26:55,0.478,disable,not in any folder,13 February 2020
,DECIDE,,,,,,513187207,The Realization Process 2 (Video),(no folder),2021-02-17,1:50:30,0.814,disable,not in any folder,
,DECIDE,,,,,,513476124,Bhagavad Gita - Module 3 (video),(no folder),2021-02-17,1:45:51,0.507,nobody,not in any folder,Bhagavad Gita - Module 3 (video)
,DECIDE,,,,,,513599430,Community Conversation Trimester 2,(no folder),2021-02-17,0:38:42,0.243,nobody,not in any folder,Community Conversation Trimester 2
,DECIDE,,,,,,514480938,Bhagavad-GIta-Module-4,(no folder),2021-02-19,2:16:02,0.874,disable,not in any folder,
,DECIDE,,,,,,515896914,Nonviolent Communication_Module 1,(no folder),2021-02-23,1:52:39,1.341,disable,not in any folder,
,DECIDE,,,,,,515979876,The Realization Process 3,(no folder),2021-02-23,1:52:02,0.756,disable,not in any folder,This video is about My Movie
,DECIDE,,,,,,516284552,Roots & Branches Part 2 (Edit),(no folder),2021-02-24,1:56:13,0.586,disable,not in any folder,
,DECIDE,,,,,,516301793,Upanisads Module 1 Video,(no folder),2021-02-24,2:50:58,2.201,disable,not in any folder,
,DECIDE,,,,,,516759113,NVC_Module 2_video,(no folder),2021-02-25,1:54:43,1.003,nobody,not in any folder,NVC_Module 2_video
,DECIDE,,,,,,517161823,Roots & Branches Part 2 Module 2 (Edit),(no folder),2021-02-26,2:08:27,0.662,disable,not in any folder,
,DECIDE,,,,,,517178653,"Building Resilience Through
Mindfulness and Compassion (Seminar)",(no folder),2021-02-26,1:27:10,0.558,nobody,not in any folder,"Building Resilience Through
Mindfulness and Compassion (Seminar)"
,DECIDE,,,,,,518692250,Nonviolent Communication_Module 3_video,(no folder),2021-03-02,2:03:52,0.964,nobody,not in any folder,Nonviolent Communication_Module 3_video
,DECIDE,,,,,,519158290,Upanisads - Module 2 - Video,(no folder),2021-03-03,2:38:26,1.989,disable,not in any folder,
,DECIDE,,,,,,519214521,Roots & Branches Part 2 - Module 3,(no folder),2021-03-03,2:11:30,0.666,disable,not in any folder,
,DECIDE,,,,,,519247521,The Realization Process 4 (Video),(no folder),2021-03-03,1:52:03,0.703,disable,not in any folder,
,DECIDE,,,,,,519340882,Nonviolent Communication - Module 4 - (Video),(no folder),2021-03-04,1:58:20,1.151,disable,not in any folder,
,DECIDE,,,,,,519707685,Sanskrit - Level 1 - Q&A_Session 3 (1st Edition),(no folder),2021-03-04,0:57:04,0.207,nobody,not in any folder,This video is about Sanskrit Q&A_Session 3_video
,DECIDE,,,,,,520074940,Roots & Branches Part 2 (Module 4),(no folder),2021-03-05,2:02:26,0.575,disable,not in any folder,
,DECIDE,,,,,,520583602,Integration Session 7,(no folder),2021-03-07,1:16:33,0.551,disable,not in any folder,
,DECIDE,,,,,,521512586,Contemplative Therapies - Module 1 - Video),(no folder),2021-03-09,1:51:25,0.412,disable,not in any folder,Contemplative Therapies - Building Resilience through Mindfullness and Compassion Module 1 (video)
,DECIDE,,,,,,521944885,Siva-Sutras-Module1-Video,(no folder),2021-03-10,1:59:31,0.607,disable,not in any folder,
,DECIDE,,,,,,521981909,Upanisads - Module 3 - Video,(no folder),2021-03-10,3:01:08,2.121,disable,not in any folder,
,DECIDE,,,,,,522409429,Contemplative Therapies - Module 2 - Video,(no folder),2021-03-11,1:54:09,0.436,disable,not in any folder,Contemplative Therapies - Building Resilience through Mindfullness and Compassion Module 2 (video)
,DECIDE,,,,,,522592950,Seminar - Spiritual Emergency (480p),(no folder),2021-03-12,1:35:26,0.45,disable,not in any folder,
,DECIDE,,,,,,522600537,Spiritual-Emergency-Seminar,(no folder),2021-03-12,1:35:11,0.676,disable,not in any folder,10 March 2021
,DECIDE,,,,,,524311462,Contemplative Therapies: Module 3 (video),(no folder),2021-03-16,1:55:15,0.387,disable,not in any folder,Contemplative Therapies - Building Resilience through Mindfullness and Compassion Module 3 (video)
,DECIDE,,,,,,524375091,"MBT Integrative Session March 12, 2021",(no folder),2021-03-16,1:34:29,1.678,disable,not in any folder,
,DECIDE,,,,,,524994043,Upanisads Module 4 Video,(no folder),2021-03-17,3:15:04,2.47,disable,not in any folder,
,DECIDE,,,,,,525157668,Final-Project-Q&A-March-17,(no folder),2021-03-17,0:39:32,0.176,disable,not in any folder,
,DECIDE,,,,,,525686189,Contemplative Therapies:  4 (video),(no folder),2021-03-18,1:52:04,0.443,disable,not in any folder,Contemplative Therapies - Building Resilience through Mindfullness and Compassion Module 4 (video)
,DECIDE,,,,,,525865780,Siva-Sutras-Module-2-Video,(no folder),2021-03-18,1:49:49,0.569,disable,not in any folder,
,DECIDE,,,,,,527021965,Sanskrit Level 2_Module 1,(no folder),2021-03-21,1:46:40,0.383,disable,not in any folder,This video is about My Movie
,DECIDE,,,,,,528348882,Upanisads Module 5 Video,(no folder),2021-03-24,2:52:04,1.717,disable,not in any folder,
,DECIDE,,,,,,528549469,Siva-Sutras-Module3-Video.mov,(no folder),2021-03-24,2:08:54,0.464,disable,not in any folder,
,DECIDE,,,,,,529052862,Module 1: Yoga of Intuition - Sādhanā - Accessing the Mind's Deepest Silence,(no folder),2021-03-25,1:37:31,0.74,disable,not in any folder,
,DECIDE,,,,,,530406577,Sanskrit 2 Session 2 (Video),(no folder),2021-03-29,1:56:04,0.386,disable,not in any folder,
,DECIDE,,,,,,530549339,Integration-Session-8-Video.mov,(no folder),2021-03-29,0:48:41,0.448,disable,not in any folder,
,DECIDE,,,,,,531382161,Upanisads Module 6 Video,(no folder),2021-03-31,3:01:25,1.398,disable,not in any folder,
,DECIDE,,,,,,532015863,Yoga Intuition : Module 2,(no folder),2021-04-01,2:04:06,0.932,disable,not in any folder,
,DECIDE,,,,,,533976365,Upanisads Module 7 (Video),(no folder),2021-04-07,3:00:53,1.99,disable,not in any folder,
,DECIDE,,,,,,534197740,Puranas - Module 1 - Video,(no folder),2021-04-07,1:58:20,0.652,disable,not in any folder,
,DECIDE,,,,,,534553389,Yoga Intuition : Module 3,(no folder),2021-04-08,1:59:31,1.257,disable,not in any folder,
,DECIDE,,,,,,534986165,Śākta-Tantra-Module-1.mov,(no folder),2021-04-09,1:58:42,0.697,disable,not in any folder,
,DECIDE,,,,,,535469268,YP Integration Session April 10 2021,(no folder),2021-04-11,2:06:00,0.812,disable,not in any folder,
,DECIDE,,,,,,535620961,Sanskrit 2_Module 3,(no folder),2021-04-11,1:46:11,0.317,disable,not in any folder,This video is about My Movie
,DECIDE,,,,,,536780723,Upanisads Module 8 (Video),(no folder),2021-04-14,3:02:25,2.164,disable,not in any folder,
,DECIDE,,,,,,537546222,Yoga Intuition: Module 4,(no folder),2021-04-16,2:10:50,1.987,disable,not in any folder,
,DECIDE,,,,,,538154556,Shakta Tantra 2 (video).mp4,(no folder),2021-04-17,2:11:34,0.627,disable,not in any folder,
,DECIDE,,,,,,538432076,Sanskrit 2_Module 4,(no folder),2021-04-18,1:45:36,0.319,disable,not in any folder,This video is about My Movie
,DECIDE,,,,,,539982781,Wisdom-Ayurveda-Module1-Video,(no folder),2021-04-22,2:16:51,0.567,disable,not in any folder,
,DECIDE,,,,,,540624244,Hatha Yoga M1 Video,(no folder),2021-04-23,1:59:26,0.486,disable,not in any folder,
,DECIDE,,,,,,541597237,Sanskrit 2 Module 5 (Video),(no folder),2021-04-26,1:44:25,0.364,disable,not in any folder,
,DECIDE,,,,,,541753778,EP Site - How to Navigate your Learning Dashboard,(no folder),2021-04-26,0:06:12,0.042,disable,not in any folder,
,DECIDE,,,,,,542766884,Somatic Psychotherapy with Aline LaPierre.mp4,(no folder),2021-04-28,1:26:36,0.429,disable,not in any folder,
,DECIDE,,,,,,542955318,MBT4 session 2 with Dr. Johnson,(no folder),2021-04-29,1:57:32,0.553,disable,not in any folder,
,DECIDE,,,,,,543536326,Module 2: Hatha Yoga.mp4,(no folder),2021-04-30,1:53:44,0.479,disable,not in any folder,
,DECIDE,,,,,,543774747,Integrative Seminar Trimester 3_Session 1,(no folder),2021-04-30,1:48:40,0.755,nobody,not in any folder,This video is about Integrative Seminar Trimester 3_Session 1
,DECIDE,,,,,,544578585,Sanskrit 2 Module 6 (Video),(no folder),2021-05-03,1:38:24,0.298,disable,not in any folder,
,DECIDE,,,,,,544680505,Integration Session 10 Video .mov,(no folder),2021-05-03,1:03:19,0.497,disable,not in any folder,
,DECIDE,,,,,,544841289,MBT4 Module 3 with Dr. Maureen Gallagher,(no folder),2021-05-04,1:53:30,0.607,disable,not in any folder,
,DECIDE,,,,,,545463487,Roots & Branches 3 Module 1 (Video),(no folder),2021-05-05,2:27:18,0.596,disable,not in any folder,
,DECIDE,,,,,,546129661,Wisdom-of-Ayurveda-Module2-Video.mov,(no folder),2021-05-06,2:20:54,0.527,disable,not in any folder,
,DECIDE,,,,,,546561568,Roots & Branches 3 Module 2 (Video),(no folder),2021-05-07,1:52:01,0.498,disable,not in any folder,
,DECIDE,,,,,,547475551,Sanskrit 2 Module 7 (Video),(no folder),2021-05-10,1:42:11,0.315,disable,not in any folder,
,DECIDE,,,,,,547793002,MBT4 Module 5 with Albert Wong,(no folder),2021-05-11,2:03:42,0.51,disable,not in any folder,
,DECIDE,,,,,,548278967,Yoga Philosophy and the Paradox of Embodiment Seminar,(no folder),2021-05-12,1:34:15,0.504,disable,not in any folder,
,DECIDE,,,,,,548404959,Roots & Branches 3 Module 3 (Video),(no folder),2021-05-12,2:12:13,0.522,disable,not in any folder,
,DECIDE,,,,,,548504789,NeuroAffective Touch Module 1,(no folder),2021-05-12,1:57:34,0.551,disable,not in any folder,
,DECIDE,,,,,,548987860,Wisdom-of-Ayurveda-Module3-Video.mov,(no folder),2021-05-13,2:46:34,0.817,disable,not in any folder,
,DECIDE,,,,,,549328606,Roots & Branches 3 Module 4 (Video),(no folder),2021-05-14,2:04:45,0.523,disable,not in any folder,
,DECIDE,,,,,,551442814,Sanskrit 2 Module 8 (Video),(no folder),2021-05-17,1:55:10,0.349,disable,not in any folder,
,DECIDE,,,,,,552228413,NeuroAffective Touch - Module 2,(no folder),2021-05-19,1:40:24,0.679,disable,not in any folder,
,DECIDE,,,,,,552266788,Intro to Hinduism - Module 1,(no folder),2021-05-19,1:48:51,0.471,disable,not in any folder,
,DECIDE,,,,,,552654647,Modern Sages 1 (video).mp4,(no folder),2021-05-20,1:59:59,0.519,disable,not in any folder,
,DECIDE,,,,,,553019878,Wisdom-of-Ayurveda-Module4-Video.mov,(no folder),2021-05-20,2:41:55,0.56,disable,not in any folder,
,DECIDE,,,,,,553072152,Conference Intro (smaller).mp4,(no folder),2021-05-20,0:01:05,0.046,disable,not in any folder,
,DECIDE,,,,,,553320478,Yoga & Buddhism Module 1 (Video),(no folder),2021-05-21,2:03:29,0.881,disable,not in any folder,
,DECIDE,,,,,,553855907,YP Integration Session #11,(no folder),2021-05-23,1:09:32,0.478,disable,not in any folder,
,DECIDE,,,,,,553956585,New Course Start Here Video.mp4,(no folder),2021-05-23,0:09:02,0.072,disable,not in any folder,
,DECIDE,,,,,,554291276,Sanskrit 2 Module 9 (Video),(no folder),2021-05-24,1:02:46,0.206,disable,not in any folder,
,DECIDE,,,,,,555008863,NeuroAffective Touch - Module 3,(no folder),2021-05-26,1:37:52,0.511,disable,not in any folder,
,DECIDE,,,,,,555055789,Who Am I (Yoga Seminar),(no folder),2021-05-26,1:42:44,0.614,disable,not in any folder,
,DECIDE,,,,,,555362908,Intro to Hinduism - Module 2,(no folder),2021-05-26,2:04:02,0.534,disable,not in any folder,
,DECIDE,,,,,,555387942,Quarterly Members - Migrate to New Site & Refund Requests,(no folder),2021-05-26,0:07:51,0.053,disable,not in any folder,
,DECIDE,,,,,,555449287,Modern Sages 2 (video).mp4,(no folder),2021-05-26,2:08:54,0.441,disable,not in any folder,
,DECIDE,,,,,,555507471,Announcing Embodied Philosophy's New Website,(no folder),2021-05-27,0:07:27,0.128,disable,not in any folder,
,DECIDE,,,,,,555518851,Announcing Embodied Philosophy's New Website,(no folder),2021-05-27,0:07:20,0.126,anybody,not in any folder,
,DECIDE,,,,,,555901010,Wisdom-Ayurveda-Module5-Video.mov,(no folder),2021-05-27,2:08:56,0.595,disable,not in any folder,
,DECIDE,,,,,,556330083,GMT20210527-230659_Recording_2560x1440,(no folder),2021-05-28,1:59:34,1.723,nobody,not in any folder,
,DECIDE,,,,,,556354268,The Self - Intro Video with Jacob.mp4,(no folder),2021-05-28,0:01:46,0.021,anybody,not in any folder,
,DECIDE,,,,,,556373669,The Self - Square Intro Video with Jacob.mp4,(no folder),2021-05-28,0:01:46,0.03,anybody,not in any folder,
,DECIDE,,,,,,556414829,Yoga & Buddhism Module 2 (Video),(no folder),2021-05-28,1:55:48,0.799,nobody,not in any folder,
,DECIDE,,,,,,556430492,MBT Integrative Seminar 2_Trimester 3,(no folder),2021-05-28,1:31:17,0.639,nobody,not in any folder,
,DECIDE,,,,,,557452068,Eastern Origins of MBT - Module 1,(no folder),2021-06-01,1:35:17,0.473,nobody,not in any folder,This video is about My Movie
,DECIDE,,,,,,557720999,Ways to Access Tarka on the New Site Experience,(no folder),2021-06-01,0:09:27,0.046,anybody,not in any folder,
,DECIDE,,,,,,557803087,Embodied Philosophy - How To Access and Purchase Tarka in the New Website,(no folder),2021-06-01,0:04:53,0.025,anybody,not in any folder,
,DECIDE,,,,,,557873662,Ethical Questions Module 1 (Video),(no folder),2021-06-02,1:43:56,0.499,nobody,not in any folder,
,DECIDE,,,,,,557885262,NeuroAffective Touch - Module 4,(no folder),2021-06-02,1:41:58,0.514,disable,not in any folder,
,DECIDE,,,,,,557919640,Module 3: Intro to Hinduism,(no folder),2021-06-02,1:53:39,0.46,disable,not in any folder,
,DECIDE,,,,,,558428109,Eastern Origins and Technology of MBT - Module 2 (Video),(no folder),2021-06-03,1:46:55,0.546,nobody,not in any folder,This video is about My Movie 1
,DECIDE,,,,,,558634813,Module 6: Wisdom Ayurveda,(no folder),2021-06-03,2:24:52,0.653,disable,not in any folder,
,DECIDE,,,,,,560291274,The Somatic Dance Of Intuition,(no folder),2021-06-08,1:25:50,0.592,disable,not in any folder,
,DECIDE,,,,,,560414300,Eastern Origins and Technology of MBT - Module 3 (Video),(no folder),2021-06-08,1:46:50,0.555,nobody,not in any folder,
,DECIDE,,,,,,560946845,Ethical Questions Module 2 (Video),(no folder),2021-06-09,1:41:46,0.453,nobody,not in any folder,
,DECIDE,,,,,,561000929,Module 4: Intro to Hinduism,(no folder),2021-06-09,2:04:56,0.53,disable,not in any folder,
,DECIDE,,,,,,561191030,Eastern Origins and Technology of MBT - Module 4 (Video),(no folder),2021-06-10,1:17:09,0.372,nobody,not in any folder,
,DECIDE,,,,,,561528308,Immersion Q&A.mov,(no folder),2021-06-10,0:55:38,0.247,nobody,not in any folder,
,DECIDE,,,,,,561542095,Ayurveda: Module 7,(no folder),2021-06-10,2:26:03,0.713,disable,not in any folder,
,DECIDE,,,,,,562011430,MBT INTEGRATIVE SEMINAR,(no folder),2021-06-11,1:30:43,0.625,nobody,not in any folder,
,DECIDE,,,,,,563546286,MBT Immersion: Opening .mp4,(no folder),2021-06-16,1:55:47,0.586,nobody,not in any folder,
,DECIDE,,,,,,563953608,MBT Immersion - Masterclass with Dr. Christine Caldwell (Video),(no folder),2021-06-17,1:31:48,0.483,nobody,not in any folder,This video is about My Movie
,DECIDE,,,,,,564464086,Ayurveda-Module8.mov,(no folder),2021-06-18,3:18:00,0.977,disable,not in any folder,
,DECIDE,,,,,,564468881,MBT Immersion Master Class W: Maureen.mp4,(no folder),2021-06-18,1:28:04,0.554,nobody,not in any folder,
,DECIDE,,,,,,564917854,MBT Immersion Master Class: Bodyfullness w/Dr. Christine Caldwell,(no folder),2021-06-19,1:28:57,0.416,disable,not in any folder,
,DECIDE,,,,,,565177340,MBT Immersion With Albert Wong (Video).mp4,(no folder),2021-06-20,1:06:55,0.346,nobody,not in any folder,
,DECIDE,,,,,,565664349,Spiritual Citizenship - Orientation,(no folder),2021-06-21,0:19:06,0.369,anybody,not in any folder,
,DECIDE,,,,,,566757014,Module 1: Awakening Intuition,(no folder),2021-06-23,1:56:38,0.818,disable,not in any folder,
,DECIDE,,,,,,568016125,MBT Graduation & Closing Ceremony .mp4,(no folder),2021-06-27,1:17:41,0.543,nobody,not in any folder,
,DECIDE,,,,,,568713135,Module 2: The Somatics of Intuition,(no folder),2021-06-29,2:00:32,0.688,disable,not in any folder,
,DECIDE,,,,,,569630897,YP Immersion - June 25th - Group 1,(no folder),2021-07-01,4:55:48,3.329,nobody,not in any folder,
,DECIDE,,,,,,569637705,YP Final Immersion - June 26 (Part 2),(no folder),2021-07-01,0:34:14,0.527,unlisted,not in any folder,
,DECIDE,,,,,,569910682,Final Immersion - Sunday - Group 1,(no folder),2021-07-01,1:25:15,1.262,nobody,not in any folder,
,DECIDE,,,,,,571833078,Thursday Immersion - Keynotes.mov,(no folder),2021-07-06,2:24:50,1.423,nobody,not in any folder,
,DECIDE,,,,,,571834682,Friday Immersion - Group 2.mov,(no folder),2021-07-06,4:06:09,1.32,nobody,not in any folder,
,DECIDE,,,,,,571893515,SCC - Moderator Prep Meeting,(no folder),2021-07-07,0:49:26,0.391,unlisted,not in any folder,
,DECIDE,,,,,,572866711,Saturday-group2.mov,(no folder),2021-07-09,4:12:22,2.871,nobody,not in any folder,
,DECIDE,,,,,,573002797,Sanskrit - Level 1 - Q&A #1,(no folder),2021-07-09,0:49:10,0.419,disable,not in any folder,
,DECIDE,,,,,,573141979,Sunday - Immersion - Group 2 & Closing Ceremony.mov,(no folder),2021-07-09,4:48:41,2.588,nobody,not in any folder,
,DECIDE,,,,,,574060755,YP Final Immersion - Group 1 - Saturday (Part 1),(no folder),2021-07-12,1:42:01,1.199,nobody,not in any folder,
,DECIDE,,,,,,574098201,Spiritual Citizenship - Opening Orientation,(no folder),2021-07-12,0:49:40,0.921,disable,not in any folder,
,DECIDE,,,,,,574479582,Spiritual Citizenship - Live Conference,(no folder),2021-07-13,1:07:57,1.39,disable,not in any folder,
,DECIDE,,,,,,574527775,Module 3: The Somatics of Intuition,(no folder),2021-07-13,1:56:46,0.647,disable,not in any folder,
,DECIDE,,,,,,574737157,Forgive For Good – Guided Practices to Forgiveness,(no folder),2021-07-14,1:25:01,0.666,disable,not in any folder,
,DECIDE,,,,,,575029066,Spiritual Citizenship - Live Conference,(no folder),2021-07-14,1:27:23,1.81,disable,not in any folder,
,DECIDE,,,,,,575078655,EPTV-Andrew Harvey.m4v,(no folder),2021-07-14,1:01:26,1.343,disable,not in any folder,
,DECIDE,,,,,,575093192,Spiritual Citizenship - Live Conference,(no folder),2021-07-14,1:38:38,2.035,disable,not in any folder,
,DECIDE,,,,,,575275864,"The Path to Equity- Yoga, Anti-racism & Action",(no folder),2021-07-15,2:55:29,1.084,disable,not in any folder,
,DECIDE,,,,,,575558509,Spiritual Citizenship - Cornel West,(no folder),2021-07-15,1:17:28,1.591,disable,not in any folder,
,DECIDE,,,,,,575941636,Spiritual Citizenship - Live Conference,(no folder),2021-07-16,2:00:37,2.493,disable,not in any folder,
,DECIDE,,,,,,575944066,SCC Workshop - Embodying Anti-Racism as a White Person,(no folder),2021-07-16,2:35:33,0.774,disable,not in any folder,"Embodying Anti-Racism as a White Person: The Inner & Outer Work of Dismantling White Supremacy with Beth Berila, Ph.D."
,DECIDE,,,,,,575962352,EPTV-CornelWest.m4v,(no folder),2021-07-16,1:15:10,2.286,disable,not in any folder,
,DECIDE,,,,,,575990018,Spiritual Citizenship - Live Conference,(no folder),2021-07-16,1:08:12,1.219,disable,not in any folder,
,DECIDE,,,,,,576237300,Spiritual Citizenship - Live Conference,(no folder),2021-07-17,1:47:47,2.232,disable,not in any folder,
,DECIDE,,,,,,576240662,SCC Workshop - Co-Creating Paradise,(no folder),2021-07-17,2:57:56,1.421,disable,not in any folder,
,DECIDE,,,,,,576268324,Spiritual Citizenship - Live Conference,(no folder),2021-07-17,1:29:59,1.863,disable,not in any folder,
,DECIDE,,,,,,576452391,Spiritual Citizenship - Live Conference,(no folder),2021-07-18,1:01:07,1.265,disable,not in any folder,
,DECIDE,,,,,,576453758,SCC Workshop - The Act of Listening w/Faith Johnson,(no folder),2021-07-18,1:36:14,0.566,disable,not in any folder,
,DECIDE,,,,,,576479945,Spiritual Citizenship - Live Conference,(no folder),2021-07-18,1:37:18,2.015,disable,not in any folder,
,DECIDE,,,,,,576644650,SCC Workshop - Sacred Feminism with Alka Arora,(no folder),2021-07-19,1:56:22,0.72,disable,not in any folder,
,DECIDE,,,,,,576958650,Module 4: The Somatics of Intuition,(no folder),2021-07-19,1:58:40,0.669,disable,not in any folder,
,DECIDE,,,,,,578464745,Module 1: Embodied Erotics,(no folder),2021-07-23,1:48:05,0.989,disable,not in any folder,
,DECIDE,,,,,,578641251,YGB DAY for EP Final,(no folder),2021-07-23,0:39:51,1.334,disable,not in any folder,
,DECIDE,,,,,,579812253,Module 1 Decolonial Yoga,(no folder),2021-07-27,1:47:53,0.686,disable,not in any folder,
,DECIDE,,,,,,581047075,Sanskrit - Level 1 - Q&A #2,(no folder),2021-07-30,0:52:26,0.432,disable,not in any folder,
,DECIDE,,,,,,581331195,Module 2: Embodied Erotics,(no folder),2021-07-30,1:58:34,1.007,disable,not in any folder,
,DECIDE,,,,,,582517496,Module 2 Decolonial Yoga,(no folder),2021-08-03,2:08:18,0.772,disable,not in any folder,
,DECIDE,,,,,,583932396,Module 3: Embodied Erotics,(no folder),2021-08-06,1:59:18,1.241,disable,not in any folder,
,DECIDE,,,,,,585292942,Module 3 Decolonial Yoga,(no folder),2021-08-10,2:22:07,0.681,disable,not in any folder,
,DECIDE,,,,,,586647576,Sanskrit - Level 1 -  Q&A #3,(no folder),2021-08-13,1:00:44,0.481,disable,not in any folder,
,DECIDE,,,,,,586909720,Module 4 Embodied Erotics,(no folder),2021-08-13,2:03:07,0.904,disable,not in any folder,
,DECIDE,,,,,,588852746,Module 4: Decolonial Yoga,(no folder),2021-08-18,2:35:39,0.777,disable,not in any folder,
,DECIDE,,,,,,589185020,Module 1: The Bardo Teachings,(no folder),2021-08-19,2:20:18,1.12,disable,not in any folder,
,DECIDE,,,,,,592360144,YP Faculty Meeting,(no folder),2021-08-25,0:56:36,0.6,nobody,not in any folder,
,DECIDE,,,,,,592513319,Webinar: Why Study MBT Q&A,(no folder),2021-08-26,1:25:19,0.547,disable,not in any folder,
,DECIDE,,,,,,592985478,Why-Get-Certified-2021 .mp4,(no folder),2021-08-26,1:26:20,0.452,disable,not in any folder,
,DECIDE,,,,,,596630229,Module 2: The Bardo Teachings,(no folder),2021-09-02,2:36:06,0.884,disable,not in any folder,
,DECIDE,,,,,,600539332,Yoga Philosophy Faculty Q&A,(no folder),2021-09-08,1:28:03,0.436,disable,not in any folder,
,DECIDE,,,,,,600719709,MBT Webinar-Meet The Faculty,(no folder),2021-09-09,1:28:24,0.608,disable,not in any folder,
,DECIDE,,,,,,600744476,Module 3: The Bardo Teachings,(no folder),2021-09-09,2:29:19,0.862,disable,not in any folder,
,DECIDE,,,,,,601555027,Sanskrit - Level 2 -  Q&A: #4,(no folder),2021-09-10,0:51:50,0.416,disable,not in any folder,
,DECIDE,,,,,,606546381,Module 4: The Bardo Teachings,(no folder),2021-09-16,2:30:37,1.273,disable,not in any folder,
,DECIDE,,,,,,609470782,YP Orientation 2021,(no folder),2021-09-20,1:43:58,0.595,disable,not in any folder,
,DECIDE,,,,,,617510399,Polyvagal Theory & Yoga Therapy Seminar,(no folder),2021-09-29,1:28:10,0.363,disable,not in any folder,
,DECIDE,,,,,,618633755,Module 1: Path of the Heart,(no folder),2021-09-30,1:56:21,1.362,disable,not in any folder,
,DECIDE,,,,,,619602404,Sanskrit - Level 2 - Q&A #5,(no folder),2021-10-01,0:50:13,0.398,disable,not in any folder,
,DECIDE,,,,,,624851464,Sound Medicine,(no folder),2021-10-06,0:02:12,0.031,disable,not in any folder,
,DECIDE,,,,,,625170832,Module 2: Path of the Heart,(no folder),2021-10-07,2:10:52,1.082,disable,not in any folder,
,DECIDE,,,,,,625293218,Module 1 Polyvagal Theory.mp4,(no folder),2021-10-07,1:42:06,0.568,disable,not in any folder,
,DECIDE,,,,,,630227836,Module 1: Indigenous Wisdom,(no folder),2021-10-12,1:50:46,1.113,disable,not in any folder,
,DECIDE,,,,,,631459474,Chakra Mantra Meditation,(no folder),2021-10-13,0:09:05,0.199,disable,not in any folder,"Dr. Kulreet Chaudhary, neurologist and Ayurvedic practitioner, discusses how to start a meditation practice, and teaches you some basics to help you on your way. She lays out the three simple steps to consider before you start a meditation practice — including your space, clothing and position — and how long a session should last. Dr. Chaudhary also describes some of the different types of meditation, and she even demonstrates how to do a chakra mantra meditation. Finally, she shares what you ca"
,DECIDE,,,,,,631663386,Module 3: Path of the Heart,(no folder),2021-10-14,2:14:50,1.138,disable,not in any folder,
,DECIDE,,,,,,631728171,Module 2: Indigenous Wisdom,(no folder),2021-10-14,1:48:16,1.146,disable,not in any folder,
,DECIDE,,,,,,631760122,Module #2: Polyvagal Theory,(no folder),2021-10-14,1:57:22,0.743,disable,not in any folder,
,DECIDE,,,,,,632594356,Sanskrit - Level 2 - Q&A #6,(no folder),2021-10-15,1:00:50,0.462,disable,not in any folder,
,DECIDE,,,,,,636005724,Module 3: Indigenous Wisdom,(no folder),2021-10-19,1:42:26,0.906,disable,not in any folder,
,DECIDE,,,,,,637215948,Module 1: Sound Medicine,(no folder),2021-10-20,1:57:39,0.615,disable,not in any folder,
,DECIDE,,,,,,637325016,Module 4: Indigenous Wisdom,(no folder),2021-10-21,1:48:05,0.841,disable,not in any folder,
,DECIDE,,,,,,637331048,Module 3: Polyvagal Theory,(no folder),2021-10-21,2:06:27,0.847,disable,not in any folder,
,DECIDE,,,,,,637345381,Module 4: Path of the Heart,(no folder),2021-10-21,2:08:09,1.108,disable,not in any folder,
,DECIDE,,,,,,639413087,Module 2: Sound Medicine,(no folder),2021-10-27,1:55:03,0.544,disable,not in any folder,
,DECIDE,,,,,,639816932,Module #4: Polyvagal Theory,(no folder),2021-10-28,1:59:05,0.647,disable,not in any folder,
,DECIDE,,,,,,640225703,Post-Trauma Growth: MindBody Work for Transitioning through Trauma,(no folder),2021-10-29,1:26:47,0.663,disable,not in any folder,
,DECIDE,,,,,,641191424,Contemporary_Somatic_Psychology_-_Q_A_2_video_,(no folder),2021-11-01,1:00:51,0.222,nobody,not in any folder,
,DECIDE,,,,,,641664378,Living with Trauma Seminar with Donnalea,(no folder),2021-11-02,0:49:27,0.369,disable,not in any folder,
,DECIDE,,,,,,641803434,Module 3: Sound Medicine,(no folder),2021-11-03,1:56:44,0.611,disable,not in any folder,
,DECIDE,,,,,,642569827,Mentor Info Session.mp4,(no folder),2021-11-05,0:20:23,0.092,disable,not in any folder,
,DECIDE,,,,,,643418445,Module 1: Sanskrit Level 3,(no folder),2021-11-08,1:20:51,0.415,disable,not in any folder,
,DECIDE,,,,,,643756209,Interview: Steven Hoskinson,(no folder),2021-11-09,0:27:13,0.275,disable,not in any folder,
,DECIDE,,,,,,644231556,Module 4: Sound Medicine,(no folder),2021-11-10,2:01:45,0.517,disable,not in any folder,
,DECIDE,,,,,,645072759,Module 1: Organic Intelligence: Post-Trauma Growth,(no folder),2021-11-12,1:52:03,0.911,disable,not in any folder,
,DECIDE,,,,,,645959778,Module 2: Sanskrit Level 3,(no folder),2021-11-15,1:27:32,0.346,disable,not in any folder,
,DECIDE,,,,,,646596135,Radical Regeneration Module 1,(no folder),2021-11-16,2:04:18,1.137,disable,not in any folder,
,DECIDE,,,,,,647629206,Module 2: Organic Intelligence: Post-Trauma Growth,(no folder),2021-11-19,1:56:11,0.806,disable,not in any folder,
,DECIDE,,,,,,648224796,Session 3: November 20th,(no folder),2021-11-21,1:26:11,0.569,disable,not in any folder,
,DECIDE,,,,,,648452213,Module #3: Sanskrit Level 3,(no folder),2021-11-22,1:31:32,0.351,disable,not in any folder,
,DECIDE,,,,,,649171938,Radical Regeneration Module 2,(no folder),2021-11-23,1:59:38,1.26,disable,not in any folder,
,DECIDE,,,,,,651656957,Radical Regeneration Module 3,(no folder),2021-11-30,2:06:00,1.293,disable,not in any folder,
,DECIDE,,,,,,652759586,Module 3: Organic Intelligence: Post-Trauma Growth,(no folder),2021-12-03,1:57:29,1.012,disable,not in any folder,
,DECIDE,,,,,,653620308,Module 4: Sanskrit Level 3,(no folder),2021-12-06,1:30:14,0.294,disable,not in any folder,
,DECIDE,,,,,,654231568,Radical Regeneration Module 4,(no folder),2021-12-07,2:02:24,1.214,disable,not in any folder,
,DECIDE,,,,,,655555372,Module 4: Organic Intelligence: Post-Trauma Growth,(no folder),2021-12-11,1:47:57,0.9,disable,not in any folder,
,DECIDE,,,,,,656053954,Sanskrit Level 3: Mod 5,(no folder),2021-12-13,1:18:31,0.264,disable,not in any folder,
,DECIDE,,,,,,657711051,Module 5: Organic Intelligence: Post-Trauma Growth,(no folder),2021-12-17,1:57:02,0.88,disable,not in any folder,
,DECIDE,,,,,,658472105,Sanskrit Level 3: Module 6,(no folder),2021-12-20,1:02:40,0.2,disable,not in any folder,
,DECIDE,,,,,,664322475,Sanskrit L3- M7.mp4,(no folder),2022-01-10,1:41:44,0.35,disable,not in any folder,
,DECIDE,,,,,,665871707,Module 1: Moving Intelligence,(no folder),2022-01-14,1:52:20,0.613,disable,not in any folder,
,DECIDE,,,,,,666641841,Module #8: Sanskrit Level 3,(no folder),2022-01-17,1:21:57,0.259,disable,not in any folder,
,DECIDE,,,,,,668483437,Module 2: Moving Intelligence,(no folder),2022-01-21,1:59:59,0.587,disable,not in any folder,
,DECIDE,,,,,,668522893,Glorious Alchemy: Module #1,(no folder),2022-01-21,2:41:30,1.425,disable,not in any folder,
,DECIDE,,,,,,669297565,Sanskrit Level 3: Module #9,(no folder),2022-01-24,1:34:17,0.308,disable,not in any folder,
,DECIDE,,,,,,670512268,Toward (an) Antiracist Embodiment: Connecting Spiritual Formation With Racial Identity,(no folder),2022-01-27,1:26:05,0.426,disable,not in any folder,
,DECIDE,,,,,,670984497,Module 3: Moving Intelligence,(no folder),2022-01-28,1:59:40,0.671,disable,not in any folder,
,DECIDE,,,,,,671079889,The Glorious Alchemy: Module #2,(no folder),2022-01-28,2:31:38,1.009,disable,not in any folder,
,DECIDE,,,,,,673444051,Module 4: Somatic Practitioner Skills Two Demo (Rachel),(no folder),2022-02-04,0:18:56,0.072,disable,not in any folder,
,DECIDE,,,,,,673447716,Module 4: Moving Intelligence,(no folder),2022-02-04,1:59:37,0.645,disable,not in any folder,
,DECIDE,,,,,,673519283,Module #3: The Glorious Alchemy,(no folder),2022-02-04,2:44:30,1.061,disable,not in any folder,
,DECIDE,,,,,,673712338,Module 3: Somatic Practitioner Skills Two Demo (Steve),(no folder),2022-02-04,0:10:14,0.041,disable,not in any folder,
,DECIDE,,,,,,674875031,Body Theology with Michelle Voss Roberts (Radical Theology),(no folder),2022-02-08,1:08:43,0.875,disable,not in any folder,
,DECIDE,,,,,,674912488,Body Theology with Michelle Voss Roberts (Radical Theology),(no folder),2022-02-08,1:07:46,0.873,disable,not in any folder,
,DECIDE,,,,,,676150701,Module #4 Glorious Alchemy,(no folder),2022-02-11,2:27:33,1.258,disable,not in any folder,
,DECIDE,,,,,,676155983,Been in the Struggle: Module 1,(no folder),2022-02-11,1:47:26,0.86,disable,not in any folder,
,DECIDE,,,,,,678320695,LOGO_V3_ProRes4444,(no folder),2022-02-16,0:00:11,0.003,nobody,not in any folder,
,DECIDE,,,,,,678352412,intro_mary,(no folder),2022-02-16,0:00:17,0.004,nobody,not in any folder,
,DECIDE,,,,,,678354536,intro_mary.mov,(no folder),2022-02-16,0:00:17,0.004,nobody,not in any folder,
,DECIDE,,,,,,679032018,Been in the Struggle: Module 2,(no folder),2022-02-18,1:51:08,0.992,disable,not in any folder,
,DECIDE,,,,,,681730354,Been in the Struggle: Module 3,(no folder),2022-02-25,1:50:27,0.98,disable,not in any folder,
,DECIDE,,,,,,683153490,"Yoga Seminar: Ganesha, Grounding and Yogic Storytelling.mp4",(no folder),2022-03-01,1:23:34,0.392,disable,not in any folder,
,DECIDE,,,,,,683848263,Shakti Mini-Training Pt 1- Sarasvati (unedited),(no folder),2022-03-02,0:14:22,0.605,nobody,not in any folder,
,DECIDE,,,,,,684726641,Been in the Struggle: Module 4,(no folder),2022-03-04,1:57:20,1.011,disable,not in any folder,
,DECIDE,,,,,,686785005,Final-Project-QA-2022,(no folder),2022-03-10,0:56:31,0.313,disable,not in any folder,
,DECIDE,,,,,,688280460,Module #1: Yoga Stories of Ancient India,(no folder),2022-03-15,1:22:58,0.403,disable,not in any folder,
,DECIDE,,,,,,690784262,Yoga Stories Module 2,(no folder),2022-03-22,1:27:17,0.432,nobody,not in any folder,
,DECIDE,,,,,,690789377,Module #2: Yoga Stories of Ancient India,(no folder),2022-03-22,1:27:17,0.432,disable,not in any folder,
,DECIDE,,,,,,691689190,Non Violence as a Spiritual Practise.mp4,(no folder),2022-03-24,1:30:02,0.41,disable,not in any folder,
,DECIDE,,,,,,693458701,Module #3: Yoga Stories of Ancient India,(no folder),2022-03-29,1:29:56,0.447,disable,not in any folder,
,DECIDE,,,,,,696036333,Module #4: Yoga Stories of Ancient India,(no folder),2022-04-05,1:29:26,0.49,disable,not in any folder,
,DECIDE,,,,,,696859902,Module 1: Ahiṃsā,(no folder),2022-04-07,1:29:37,0.416,disable,not in any folder,
,DECIDE,,,,,,698848173,[LONG] Summer Somatics Immersion Overview,(no folder),2022-04-13,0:08:31,0.137,disable,not in any folder,
,DECIDE,,,,,,699284899,Module 2: Ahiṃsā,(no folder),2022-04-14,1:29:56,0.36,disable,not in any folder,
,DECIDE,,,,,,699651322,Embodying Emotions,(no folder),2022-04-15,1:18:58,0.423,disable,not in any folder,
,DECIDE,,,,,,701803872,Module 3: Ahiṃsā,(no folder),2022-04-21,1:28:09,0.347,disable,not in any folder,
,DECIDE,,,,,,702410903,"MindBody Therapy 
Summer Somatics Immersion",(no folder),2022-04-23,0:01:38,0.019,anybody,not in any folder,
,DECIDE,,,,,,702411084,[no music] Summer Immersion Sales Video,(no folder),2022-04-23,0:01:38,0.019,disable,not in any folder,
,DECIDE,,,,,,702411243,[no intro music] Summer Immersion Sales Video,(no folder),2022-04-23,0:01:38,0.019,disable,not in any folder,
,DECIDE,,,,,,703972323,Module 4: Ahiṃsā,(no folder),2022-04-28,1:43:20,0.515,disable,not in any folder,
,DECIDE,,,,,,704453456,Module 1: Integral Somatic Psychology,(no folder),2022-04-29,1:29:57,0.51,unlisted,not in any folder,
,DECIDE,,,,,,706786627,Module 2: Integral Somatic Psychology,(no folder),2022-05-06,1:25:38,0.622,unlisted,not in any folder,
,DECIDE,,,,,,708928943,Ram & Sita: An Epic Breakup Story,(no folder),2022-05-12,1:24:42,0.467,disable,not in any folder,
,DECIDE,,,,,,709373688,Module 3: Integral Somatic Psychology,(no folder),2022-05-13,1:23:57,0.634,disable,not in any folder,
,DECIDE,,,,,,711712087,Final-Project-QnA-5-18-22.mov,(no folder),2022-05-19,0:13:53,0.075,disable,not in any folder,
,DECIDE,,,,,,713527321,A Soulfulness Approach to MindBody Practice,(no folder),2022-05-25,1:25:05,0.281,disable,not in any folder,
,DECIDE,,,,,,713957403,Module 1: Ramayana 101,(no folder),2022-05-26,1:41:36,0.632,disable,not in any folder,
,DECIDE,,,,,,714342507,Module 4: Integral Somatic Psychology,(no folder),2022-05-27,1:29:24,0.472,disable,not in any folder,
,DECIDE,,,,,,716273650,Module 2: Ramayana 101,(no folder),2022-06-02,1:42:52,0.746,disable,not in any folder,
,DECIDE,,,,,,717180324,Immersion Q&A,(no folder),2022-06-05,0:24:10,0.286,disable,not in any folder,
,DECIDE,,,,,,718624302,Module 3: Ramayana 101,(no folder),2022-06-09,1:29:57,0.627,disable,not in any folder,
,DECIDE,,,,,,718657365,Module #1 Soulfulness .mp4,(no folder),2022-06-09,1:23:33,0.393,disable,not in any folder,
,DECIDE,,,,,,720372674,Scope of Practice Masterclass,(no folder),2022-06-14,1:10:10,0.295,disable,not in any folder,
,DECIDE,,,,,,720379920,Embody Your Vision Workshop,(no folder),2022-06-14,0:21:15,0.093,disable,not in any folder,
,DECIDE,,,,,,720508536,Seminar: Bliss & Yoga Philosophy,(no folder),2022-06-15,1:24:39,1.004,disable,not in any folder,
,DECIDE,,,,,,720899978,Restoring Our Lifeforce Masterclass,(no folder),2022-06-16,1:29:27,0.48,disable,not in any folder,
,DECIDE,,,,,,720906413,Module 4: Ramayana 101,(no folder),2022-06-16,1:22:47,0.494,disable,not in any folder,
,DECIDE,,,,,,721006076,Module #2: Soulfulness,(no folder),2022-06-16,1:28:37,0.399,disable,not in any folder,
,DECIDE,,,,,,721188950,Working with Dreams Masterclass,(no folder),2022-06-16,1:31:11,0.355,disable,not in any folder,
,DECIDE,,,,,,721886608,Moving Toward a More Embodied Culture Masterclass,(no folder),2022-06-19,1:14:09,0.369,disable,not in any folder,
,DECIDE,,,,,,722280581,Touch Skills Masterclass,(no folder),2022-06-20,1:19:43,0.304,disable,not in any folder,
,DECIDE,,,,,,722298955,Writing as a Contemplative Practice,(no folder),2022-06-20,0:49:18,0.276,disable,not in any folder,
,DECIDE,,,,,,723155060,Class Two - The Vow FINAL.mp4,(no folder),2022-06-22,0:56:19,0.56,disable,not in any folder,
,DECIDE,,,,,,723155943,Class Four - The Reconciliation of Samsara and Nirvana FINAL,(no folder),2022-06-22,1:13:11,0.677,disable,not in any folder,
,DECIDE,,,,,,723156805,Class One - The Bodhisattva in Training FINAL,(no folder),2022-06-22,1:36:58,0.97,disable,not in any folder,
,DECIDE,,,,,,723158304,Class Three - Patience Effort and the Paramitas FINAL,(no folder),2022-06-22,1:18:34,0.746,disable,not in any folder,
,DECIDE,,,,,,723326850,Module #3: Soulfulness,(no folder),2022-06-23,1:28:14,0.375,disable,not in any folder,
,DECIDE,,,,,,725156532,Compassionate Conflict Seminar,(no folder),2022-06-29,1:23:21,0.616,disable,not in any folder,
,DECIDE,,,,,,725339782,Kim + LeTonia Interview,(no folder),2022-06-29,0:35:42,0.321,disable,not in any folder,
,DECIDE,,,,,,725601492,Module #4: Soulfulness,(no folder),2022-06-30,1:40:10,0.492,disable,not in any folder,
,DECIDE,,,,,,725888436,Module 1: Happiness (Ānanda) in the Bhagavadgītā,(no folder),2022-07-01,1:34:17,0.735,disable,not in any folder,
,DECIDE,,,,,,728271341,Module 2: Happiness (Ānanda) in the Bhagavadgītā,(no folder),2022-07-08,1:31:04,1.005,disable,not in any folder,
,DECIDE,,,,,,728630019,Heart Connections Module 1a,(no folder),2022-07-10,1:10:08,0.549,disable,not in any folder,
,DECIDE,,,,,,728645953,Heart Connections Module 1b,(no folder),2022-07-10,1:19:30,0.803,disable,not in any folder,
,DECIDE,,,,,,728860581,YOGA INTERLUDE 15min.mp4,(no folder),2022-07-11,0:14:15,0.331,nobody,not in any folder,"Yoga Interlude — Breathe and Move
(15 minutes)
Cellular breathing,  simple movement, and sweet release. Take a break from fragmentary thinking and return what is important and real. Release tension and grasping through breath, movement, and deeply attentive awareness."
,DECIDE,,,,,,728864079,MOVING FROM GUT 30min.mp4,(no folder),2022-07-11,0:35:02,0.746,nobody,not in any folder,"Moving from Your Gut
(35 minutes)
Get to know the intelligence and power of your gut! Explore consciousness and movement from this beautiful central hub. Feel the extraordinary qualities of your gut's largest organ, the mesentery. Move, breathe, and explore."
,DECIDE,,,,,,728866529,SPIRALIC HEART AND LUNGS  IN MOVEMENT (31 min).mp4,(no folder),2022-07-11,0:31:46,0.669,nobody,not in any folder,"Embodying Heart and Lungs in Movement
(31 minutes)
Learn to open your heart through softening and resting it into the support of the moving lungs. Discover freedom and ease in heart and lungs as we move and breathe together."
,DECIDE,,,,,,728869094,SPINAL CORE 1HR.mp4,(no folder),2022-07-11,1:00:12,1.254,nobody,not in any folder,"Moving from a Spacious Spine
(1 hour)
Exploring our spines from the perspective of space brings insight into consciousness, movement, and structure. Open a new window into inhabiting core. Discover ways to relieve structural compression and to increase ease and comfort on all levels."
,DECIDE,,,,,,728877989,LETS PRACTICE 1HR Emb.Phil.mp4,(no folder),2022-07-11,1:04:21,1.252,nobody,not in any folder,"Let's Practice — Unified Whole Body Movement
(1 hour)
Putting it all together — weaving deep inquiry into asana practice. Use breath and movement to actively relate to earth and to explore the unified fluidity of the inner world. Weave consciousness and form into a satisfying experience of your humanity and your radiance."
,DECIDE,,,,,,728882181,Ha-Tha Yoga: BONUS 15min,(no folder),2022-07-11,0:15:10,0.276,nobody,not in any folder,"The Ha and Tha of Yoga
Learn effective means for balancing the nervous system through skillfully executed breath and movement. Expanding, condensing, and yielding—creating restful alertness in body and mind. Simple and good."
,DECIDE,,,,,,730203055,Module 3: Happiness (Ānanda) in the Bhagavadgītā,(no folder),2022-07-15,1:34:45,0.582,disable,not in any folder,
,DECIDE,,,,,,730835443,Heart Connections Module 2a,(no folder),2022-07-17,0:44:44,0.356,disable,not in any folder,
,DECIDE,,,,,,730846736,Heart Connections Module 2b,(no folder),2022-07-18,1:30:19,0.766,disable,not in any folder,
,DECIDE,,,,,,730988298,EP - Sound Meditation to come home to ourselves.mp4,(no folder),2022-07-18,0:17:24,0.752,nobody,not in any folder,"Sound Meditation to come home to ourselves
Shawn Moore - Recording 1 (15 minute practice)"
,DECIDE,,,,,,731283705,Package-Courtenay Masterclass.mp4,(no folder),2022-07-19,0:47:45,0.167,nobody,not in any folder,
,DECIDE,,,,,,731849110,GMT20220720-183549_Recording_640x360.mp4,(no folder),2022-07-20,0:08:35,0.04,nobody,not in any folder,
,DECIDE,,,,,,732333171,Module 4: Happiness (Ānanda) in the Bhagavadgītā,(no folder),2022-07-22,1:44:52,0.916,disable,not in any folder,
,DECIDE,,,,,,732356249,Introduction to the 5 Elements.mov,(no folder),2022-07-22,0:16:37,0.545,nobody,not in any folder,
,DECIDE,,,,,,732356524,Earth Based Practice.mov,(no folder),2022-07-22,0:43:48,1.889,nobody,not in any folder,
,DECIDE,,,,,,732357054,Water Based Practice.mov,(no folder),2022-07-22,1:02:44,2.712,nobody,not in any folder,
,DECIDE,,,,,,732357681,Fire Based Practice.mov,(no folder),2022-07-22,0:31:24,1.359,nobody,not in any folder,
,DECIDE,,,,,,732358124,Air Based Practice.mov,(no folder),2022-07-22,0:31:33,1.366,nobody,not in any folder,
,DECIDE,,,,,,732452154,Package- Masterclass by Dr. Chris Walling.mp4,(no folder),2022-07-22,1:26:22,0.684,nobody,not in any folder,
,DECIDE,,,,,,733176353,Updated Package- Dr. Walling Masterclass.mp4,(no folder),2022-07-25,1:26:03,0.684,nobody,not in any folder,
,DECIDE,,,,,,733801732,morning flow2.mov,(no folder),2022-07-26,0:30:47,0.655,nobody,not in any folder,
,DECIDE,,,,,,733804440,officerelease.m4v,(no folder),2022-07-26,0:13:44,0.27,nobody,not in any folder,
,DECIDE,,,,,,733871525,Package- Masterclass by Dr. Wong.mp4,(no folder),2022-07-27,1:30:19,0.471,nobody,not in any folder,
,DECIDE,,,,,,734791235,GMT20220729-154657_Recording_640x360.mp4,(no folder),2022-07-29,0:08:05,0.036,nobody,not in any folder,
,DECIDE,,,,,,735406120,Afternoon Release.m4v,(no folder),2022-08-01,0:31:14,0.606,nobody,not in any folder,
,DECIDE,,,,,,735749985,Package- Masterclass with Dr. Aline.mp4,(no folder),2022-08-02,1:10:00,0.324,nobody,not in any folder,
,DECIDE,,,,,,736887644,Yoga Nidra for Deep Connection and Rest.mp4,(no folder),2022-08-05,0:33:32,1.451,nobody,not in any folder,"Yoga Nidra for Deep Connection and Rest

Yoga Nidra is the practice and art of truly being.  In this deeply restorative practice, you will be guided through a detailed visualization that will allow your mind and body to slip into a deep state of relaxation.  During the practice of Yoga Nidra, one may appear to be asleep, but the consciousness is functioning at a deeper level of awareness. The practice is composed of a series of body, breath, and awareness techniques designed to release deep tens"
,DECIDE,,,,,,736958925,EP-LaurenBrown60MinutesAsanaStitched.mp4,(no folder),2022-08-05,0:57:13,0.833,nobody,not in any folder,
,DECIDE,,,,,,736969034,EP-LaurenBrown30MinutesAsanaClass#1.mp4,(no folder),2022-08-05,0:28:52,0.448,nobody,not in any folder,
,DECIDE,,,,,,736970897,EP-LaurenBrown15MinutesAsanaClass.mp4,(no folder),2022-08-05,0:17:33,0.259,nobody,not in any folder,
,DECIDE,,,,,,736971114,EP-LaurenBrown30MinutesAsanaClass#2.mp4,(no folder),2022-08-05,0:31:54,0.439,nobody,not in any folder,
,DECIDE,,,,,,737654935,chairvinyasa.m4v,(no folder),2022-08-08,0:45:57,0.937,nobody,not in any folder,
,DECIDE,,,,,,738732814,Inversions Asana Class: Awaken New Perspectives! Yoga with Avery,(no folder),2022-08-11,0:48:28,1.695,nobody,not in any folder,"This dynamic 45 minute asana class explores embodied parinama - transformation in perception - through alignment based work to mobilize and stabilize your shoulders, free your hamstrings, and get upside down in a variety of fun ways! Strong, invigorating class uses cool prop support to help you get strong, clear your mind, and revitalize. Taught by Avery Kalapa CIYT, eRYT500, YACEP."
,DECIDE,,,,,,738834650,30 min Hip Mobility Stability YWA EP,(no folder),2022-08-12,0:31:56,1.258,nobody,not in any folder,
,DECIDE,,,,,,739002467,30 min Hip Mobility Stability YWA EP.mov,(no folder),2022-08-12,0:31:56,1.258,nobody,not in any folder,
,DECIDE,,,,,,739054473,EP-LaurenBrown45MinutesAsanaClass.mp4,(no folder),2022-08-12,0:45:21,0.381,nobody,not in any folder,
,DECIDE,,,,,,739712507,Blissful Backbends! Embody the Trifecta of Kriya Yoga - Avery Kalapa - 60 min,(no folder),2022-08-15,1:03:30,2.75,nobody,not in any folder,"Dive deep to create stability, decompression, and freedom in backbends! Draw into an inner sanctuary of spiritual connection through this strong, invigorating 60 minute Iyengar Yoga sequence. 
We explore the 3 components of Kriya yoga, yoga in action (see Sutra 2.1) throughout: tapas, svadhaya, and Ishvara pranidhana. Learn to practice with devotion, courage, tenacity, and tender inner listening. 
Like a mini workshop, explore functional anatomy and intelligent movement in the pelvis, groins, ps"
,DECIDE,,,,,,739753138,EP YWA 15 min shoulderstand class.mov,(no folder),2022-08-15,0:17:14,0.644,nobody,not in any folder,
,DECIDE,,,,,,739770659,"Asana Uplift! Strong, Fluid Full Body Refresh - Avery Kalapa",(no folder),2022-08-15,0:16:08,0.283,nobody,not in any folder,"Rock and Roll Movements - Dynamic Asana to help Quiet the Mind, Energize the Body! 
Clear tama guna away through fiery action to create a more present, sattvic body-mind-spirit connection. Quick 15 minute practice touches on the a lot, and even includes a short centering at the beginning, and savasana at the end. Not recommended for period time. Fast moving, warming, playful sequence! Taught by Avery Kalapa CIYT, eRYT500, YACEP.

Props used:

mat 
2 blocks
blankets"
,DECIDE,,,,,,739850077,Standing Poses + Mindfulness. Play with Embodied Nonduality! 30 min Class w Avery Kalapa,(no folder),2022-08-16,0:33:59,1.448,nobody,not in any folder,"Explore active, classical asanas with functional alignment as a conduit for moving beyond binaries, beyond duality - as Patanjali describes in Sutra II.48: effortless effort. 
When we spread awareness to feel the “both/and,” we access new possibilities in body and mind, create nervous system regulation, and feel more grounded. 
Standing poses are stabilizing and uplifting! Includes a lovely restorative inversion, mindfulness, and brief savasana to help you integrate the goodness. Taught by Avery"
,DECIDE,,,,,,740055127,Lateral Extension: Decompression for Self Care! 15 min Asana with Avery Kalapa,(no folder),2022-08-16,0:16:03,0.578,nobody,not in any folder,"Open your sidebody, lengthen your spine, and broaden the chest! These openings ae a great way to center loving self care. Cool prop set ups, unrushed expansive asanas, and embodied awareness helps you clear away tension, decompress, and create more space for breath and ease. Includes a short meditation, and a lovely restorative inversion at the end. Taught by Avery Kalapa CIYT, eRYT500, YACEP.


As always, adapt or modify the sequence and set ups for your body and needs. Many options of how to w"
,DECIDE,,,,,,740112628,sacredrest3.m4v,(no folder),2022-08-16,0:49:20,1.264,nobody,not in any folder,
,DECIDE,,,,,,740113023,sacredrest4.m4v,(no folder),2022-08-16,0:13:55,0.345,nobody,not in any folder,
,DECIDE,,,,,,743515361,Radical Teaching Conference: Chris Chapple,(no folder),2022-08-26,0:44:33,0.407,disable,not in any folder,
,DECIDE,,,,,,743662193,Greta Gaard: Strategies for Integrating Contemplative Pedagogies Across the Disciplines,(no folder),2022-08-27,0:45:01,0.579,disable,not in any folder,
,DECIDE,,,,,,744353435,Conference: Alka Arora - Waking Up and Being Woke,(no folder),2022-08-29,0:59:53,0.251,disable,not in any folder,
,DECIDE,,,,,,744850469,Guru Panel - EP Conference,(no folder),2022-08-31,1:51:13,0.851,nobody,not in any folder,
,DECIDE,,,,,,745764535,Radical Teaching Conference- Judith Simmer - Words and Sense: Strategies for Contemplative Academic Writing .mp4,(no folder),2022-09-02,1:05:12,0.235,disable,not in any folder,
,DECIDE,,,,,,746385616,Radical Teaching Conference: Vineet Chander - 5 Limbs of Heart Learning,(no folder),2022-09-05,2:08:49,0.412,disable,not in any folder,
,DECIDE,,,,,,746386047,Radical Teaching Conference: Oneika Mays - Disrupting With Love,(no folder),2022-09-05,1:05:40,0.244,disable,not in any folder,
,DECIDE,,,,,,747449697,The Inner Teacher in Buddhism and Shamanism,(no folder),2022-09-07,1:57:56,0.933,nobody,not in any folder,
,DECIDE,,,,,,747866314,Embodied Practice and Objectivity - Jeffery Long,(no folder),2022-09-09,1:01:28,0.296,nobody,not in any folder,
,DECIDE,,,,,,748172849,Live Q&A- Becoming a Bodhisattva,(no folder),2022-09-09,0:55:25,0.445,nobody,not in any folder,
,DECIDE,,,,,,751815543,EPTV Intro,(no folder),2022-09-20,0:00:10,0.002,nobody,not in any folder,
,DECIDE,,,,,,754120833,Autobiography of a Yogi Panel,(no folder),2022-09-27,1:48:58,0.737,disable,not in any folder,
,DECIDE,,,,,,755292589,Why Get Certified in YP,(no folder),2022-09-29,0:56:29,0.214,disable,not in any folder,
,DECIDE,,,,,,756766484,Mary - Demystifying Asana.mp4,(no folder),2022-10-04,0:25:41,0.342,unlisted,not in any folder,
,DECIDE,,,,,,758556796,Stuart Ray Sarbacker YP Keynote 2021,(no folder),2022-10-10,0:30:23,0.15,disable,not in any folder,
,DECIDE,,,,,,758559697,Kavitha Chinnaiyan YP Keynote 2021,(no folder),2022-10-10,0:29:54,0.234,disable,not in any folder,
,DECIDE,,,,,,758561443,Marcy Goldstein YP Keynote 2021,(no folder),2022-10-10,0:31:09,0.256,disable,not in any folder,
,DECIDE,,,,,,758564065,Swami Sarvapriyananda YP Keynote 2021,(no folder),2022-10-10,0:28:11,0.21,disable,not in any folder,
,DECIDE,,,,,,760094387,Meet the Faculty - YP Cert 2022,(no folder),2022-10-13,1:28:49,0.573,disable,not in any folder,
,DECIDE,,,,,,760101178,Mary Reilly Nichols - Meet the Faculty 2022,(no folder),2022-10-13,0:05:33,0.036,nobody,not in any folder,
,DECIDE,,,,,,760638758,IMG_7917,(no folder),2022-10-15,0:04:13,0.163,anybody,not in any folder,
,DECIDE,,,,,,760882262,Orientation - YP Cert 2022,(no folder),2022-10-17,1:15:02,0.348,disable,not in any folder,
,DECIDE,,,,,,761197443,Circle Community Training,(no folder),2022-10-17,0:08:16,0.028,disable,not in any folder,
,DECIDE,,,,,,761830548,Session 1: Intro to Yoga Philosophy,(no folder),2022-10-19,2:00:11,0.457,disable,not in any folder,
,DECIDE,,,,,,762839164,Session 2: Intro to Yoga Philosophy,(no folder),2022-10-22,2:04:25,0.771,disable,not in any folder,
,DECIDE,,,,,,763911528,"Healing Magic: Comic Images, Fractals, Synchronicity, and Neuroscience",(no folder),2022-10-25,1:21:52,0.719,unlisted,not in any folder,
,DECIDE,,,,,,764426821,Session 1: Yoga History,(no folder),2022-10-27,2:29:17,1.067,disable,not in any folder,
,DECIDE,,,,,,765075029,Humanizing Fabulousness,(no folder),2022-10-28,2:08:11,0.732,disable,not in any folder,
,DECIDE,,,,,,765321194,Integration Session #1 (YP Cert 2022),(no folder),2022-10-29,0:42:07,0.319,disable,not in any folder,
,DECIDE,,,,,,766538796,Session 1: The Upanishads,(no folder),2022-11-02,2:05:31,0.568,disable,not in any folder,
,DECIDE,,,,,,767177259,Session #2: The Upanishads,(no folder),2022-11-04,2:13:52,0.673,disable,not in any folder,
,DECIDE,,,,,,768704498,Module 1: Transcending Trauma,(no folder),2022-11-08,1:54:13,1.019,unlisted,not in any folder,
,DECIDE,,,,,,768881400,Session 1: Yoga Philosophy In The Bhagavadgītā,(no folder),2022-11-09,2:03:19,0.618,disable,not in any folder,
,DECIDE,,,,,,769373263,Session 2: YP In the Bhagavadgītā,(no folder),2022-11-10,2:05:17,0.909,disable,not in any folder,
,DECIDE,,,,,,770375759,YP Cert: Integration Session #2.mp4,(no folder),2022-11-13,1:01:38,0.397,disable,not in any folder,
,DECIDE,,,,,,771221997,Module 2: Transcending Trauma,(no folder),2022-11-15,1:50:18,0.975,unlisted,not in any folder,
,DECIDE,,,,,,771776124,Module 1: Yoga Sutras,(no folder),2022-11-16,2:21:11,1.556,disable,not in any folder,
,DECIDE,,,,,,772647406,Module 2: Yoga Sutras,(no folder),2022-11-19,2:44:34,1.659,disable,not in any folder,
,DECIDE,,,,,,773860913,Module 3: The Healing Power of Metaphor & Poetry,(no folder),2022-11-22,1:56:34,0.909,disable,not in any folder,
,DECIDE,,,,,,774161493,YP Cert: Songs of Ecstasy and Freedom,(no folder),2022-11-23,1:52:15,0.451,disable,not in any folder,
,DECIDE,,,,,,776307182,Module 4: Transcendence and Spirituality,(no folder),2022-11-29,1:55:42,1.064,disable,not in any folder,
,DECIDE,,,,,,776654393,Session 1: Siva Sutras,(no folder),2022-11-30,1:45:46,0.773,disable,not in any folder,
,DECIDE,,,,,,777247721,Session 2: Siva Sutras,(no folder),2022-12-02,1:55:14,0.549,disable,not in any folder,
,DECIDE,,,,,,777756367,Integration Session #3,(no folder),2022-12-04,1:09:32,0.525,disable,not in any folder,
,DECIDE,,,,,,778955318,Yoga Ethics Discussion,(no folder),2022-12-07,0:40:41,0.292,disable,not in any folder,
,DECIDE,,,,,,779510978,"Buddhism: Mindfulness, Metta, and Tantrik Perspectives",(no folder),2022-12-09,1:52:19,0.889,disable,not in any folder,
,DECIDE,,,,,,781241010,Session 2: Yoga Ethics,(no folder),2022-12-14,2:01:29,0.689,disable,not in any folder,
,DECIDE,,,,,,781383412,Alzheimers Prevention and Yoga Therapy,(no folder),2022-12-15,1:06:03,0.392,disable,not in any folder,
,DECIDE,,,,,,781957470,Session 2: Yoga History,(no folder),2022-12-16,2:03:24,0.927,disable,not in any folder,
,DECIDE,,,,,,782361104,Sequence #1(1),(no folder),2022-12-19,1:24:41,0.737,nobody,not in any folder,
,DECIDE,,,,,,782695743,Closing Ceremony,(no folder),2022-12-19,1:24:41,0.737,disable,not in any folder,
,DECIDE,,,,,,783144967,Session 1: Siva Sutras (Evergreen),(no folder),2022-12-21,1:13:38,0.461,disable,not in any folder,
,DECIDE,,,,,,792917995,Q&A CA.mp4,(no folder),2023-01-26,1:56:31,0.822,disable,not in any folder,
,DECIDE,,,,,,793019930,EPTV_AsanaPromo_1920x1080_Facebook.mp4,(no folder),2023-01-26,0:00:29,0.016,anybody,not in any folder,
,DECIDE,,,,,,793020117,EPTV_AsanaPromo_SQUARE,(no folder),2023-01-26,0:00:29,0.01,nobody,not in any folder,
,DECIDE,,,,,,793702875,EPTV_AsanaPromo_1920x1080_ProRes422HQ-Archival.mov,(no folder),2023-01-28,0:00:29,0.015,anybody,not in any folder,
,DECIDE,,,,,,793904080,EPTV_AsanaPromo_SQUARE_ProRes422HQ-Archival,(no folder),2023-01-29,0:00:29,0.01,disable,not in any folder,
,DECIDE,,,,,,800252919,Integration #1 AB Cert Raw_Zoom_Speaker_View_Shared_Screen_1920x1200,(no folder),2023-02-19,1:36:04,1.408,nobody,not in any folder,
,DECIDE,,,,,,800609543,Mantra Party: Chant Mantras for Jacob's Birthday,(no folder),2023-02-20,2:51:44,0.948,disable,not in any folder,
,DECIDE,,,,,,802362909,Module 1: Beyond Mindfulness,(no folder),2023-02-26,2:54:55,0.967,disable,not in any folder,
,DECIDE,,,,,,802423197,Module 2: Beyond Mindfulness,(no folder),2023-02-26,2:04:35,0.64,disable,not in any folder,
,DECIDE,,,,,,803637341,Using Dreams to Awaken the Body,(no folder),2023-03-01,1:58:57,0.503,nobody,not in any folder,
,DECIDE,,,,,,805371936,Yoga From the Past to the Future.mp4,(no folder),2023-03-07,2:00:22,1.172,nobody,not in any folder,
,DECIDE,,,,,,807618138,Module 2 Yoga From the Past to the Future,(no folder),2023-03-13,2:02:06,1.356,nobody,not in any folder,
,DECIDE,,,,,,809767021,Yoga From The Past to the Future Module 3.mp4,(no folder),2023-03-20,2:04:46,1.207,nobody,not in any folder,
,DECIDE,,,,,,810131800,Compassion and Spiritual Bypassing,(no folder),2023-03-21,1:21:30,0.458,disable,not in any folder,
,DECIDE,,,,,,812001670,Module 4 Yoga From the Past to the Future.mp4,(no folder),2023-03-27,1:49:31,1.129,nobody,not in any folder,
,DECIDE,,,,,,813714298,Supreme Goddess Module 1.1 (FINAL),(no folder),2023-03-31,0:29:59,0.718,disable,not in any folder,
,DECIDE,,,,,,813722895,Supreme Goddess Module 1.2 (FINAL),(no folder),2023-03-31,0:33:16,0.331,disable,not in any folder,
,DECIDE,,,,,,813730273,Supreme Goddess Module 1.3 (FINAL),(no folder),2023-03-31,0:47:21,0.892,disable,not in any folder,
,DECIDE,,,,,,813997037,Kula Yoga with Nikki Episode 6,(no folder),2023-04-02,0:33:52,0.995,nobody,not in any folder,
,DECIDE,,,,,,814025618,Kula Yoga with Nikki Episode 1.mp4,(no folder),2023-04-02,0:26:18,0.733,nobody,not in any folder,
,DECIDE,,,,,,814037570,Kula Yoga with Nikki Episode 2.mp4,(no folder),2023-04-02,0:24:43,0.675,nobody,not in any folder,
,DECIDE,,,,,,814055332,Kula Yoga with Nikki Episode 3.mp4,(no folder),2023-04-02,0:24:50,0.681,nobody,not in any folder,
,DECIDE,,,,,,814088103,Kula Yoga with Nikki Episdoe 4.mp4,(no folder),2023-04-03,0:29:49,0.854,nobody,not in any folder,
,DECIDE,,,,,,814114156,Kula Yoga with Nikki Episode 5.mp4,(no folder),2023-04-03,0:44:29,1.356,nobody,not in any folder,
,DECIDE,,,,,,814134080,Kula Yoga with Nikki Episode 7.mp4,(no folder),2023-04-03,0:34:59,1.042,nobody,not in any folder,
,DECIDE,,,,,,814151955,Kula Yoga with Nikki Episode 8.mp4,(no folder),2023-04-03,0:33:52,0.977,nobody,not in any folder,
,DECIDE,,,,,,815125382,Body Tripping - Ep. 9 - Rivers of Stars- Neuroendocrine Integration,(no folder),2023-04-05,1:00:32,2.62,nobody,not in any folder,
,DECIDE,,,,,,815141274,Body Tripping Ep. 10 Pratyāhāra Growing Sensory Systems,(no folder),2023-04-05,1:01:26,2.659,nobody,not in any folder,
,DECIDE,,,,,,815143102,Body Tripping Ep. 11 Your Deepest Self Subcellular Neighborhoods,(no folder),2023-04-05,1:04:57,2.811,nobody,not in any folder,
,DECIDE,,,,,,815144987,Body Tripping Ep. 12 Self-Knowing Eukaryotic You,(no folder),2023-04-05,0:50:05,2.167,nobody,not in any folder,
,DECIDE,,,,,,815528639,Supreme Goddess Module 2.1 (FINAL),(no folder),2023-04-07,0:34:07,0.876,disable,not in any folder,
,DECIDE,,,,,,815532960,Supreme Goddes Module 2.3 (FINAL),(no folder),2023-04-07,0:45:30,0.327,disable,not in any folder,
,DECIDE,,,,,,815538531,Supreme Goddess Module 2.2 (FINAL),(no folder),2023-04-07,0:16:36,0.238,disable,not in any folder,
,DECIDE,,,,,,816007230,FOYT- Interview with Reggie and Trish,(no folder),2023-04-09,0:55:09,1.036,disable,not in any folder,
,DECIDE,,,,,,818009704,Supreme Goddess Mod 3.1 (FINAL),(no folder),2023-04-15,0:25:11,0.519,disable,not in any folder,
,DECIDE,,,,,,818010999,Supreme Goddess Mod 3.2 (FINAL),(no folder),2023-04-16,0:41:30,0.69,disable,not in any folder,
,DECIDE,,,,,,818013485,Supreme Goddess Mod 3.3,(no folder),2023-04-16,0:29:55,0.456,disable,not in any folder,
,DECIDE,,,,,,818050541,FOYT- How to make the most of this summit - Opening Orientation.mp4,(no folder),2023-04-16,0:46:23,0.33,disable,not in any folder,
,DECIDE,,,,,,818074368,Options for Yoga Teachers Today ,(no folder),2023-04-16,0:55:52,1.335,disable,not in any folder,
,DECIDE,,,,,,818086087,"Academic Knowledge, Realized Experience and the Yoga Teacher",(no folder),2023-04-16,0:58:15,1.205,disable,not in any folder,
,DECIDE,,,,,,818256259,The Brick- and- Mortar Studio Space Through Covid and Beyond.mp4,(no folder),2023-04-17,0:57:39,0.891,disable,not in any folder,
,DECIDE,,,,,,818325347,Asana: The Embodiment of Yoga Philosophy,(no folder),2023-04-17,1:25:29,0.548,disable,not in any folder,
,DECIDE,,,,,,818379477,"Niche-making, Hyper-specialization, and Pressures on the Yoga Teacher",(no folder),2023-04-17,1:37:52,1.431,disable,not in any folder,
,DECIDE,,,,,,818459130,Brick and Mortar.mp4,(no folder),2023-04-17,1:00:48,0.511,disable,not in any folder,
,DECIDE,,,,,,818490090,Social Justice Solutions,(no folder),2023-04-17,1:02:41,0.654,disable,not in any folder,
,DECIDE,,,,,,818840052,Supreme Goddess Mod 4.1 (FINAL),(no folder),2023-04-18,0:43:35,0.801,disable,not in any folder,
,DECIDE,,,,,,819296213,Supreme Goddess Mod 4.2 (FINAL),(no folder),2023-04-19,0:27:57,0.422,disable,not in any folder,
,DECIDE,,,,,,819494205,FOYT Musings and Integration Community Convo.mp4,(no folder),2023-04-20,1:27:10,1.234,disable,not in any folder,
,DECIDE,,,,,,819679133,Supreme Goddess Module 4.3 (FINAL),(no folder),2023-04-20,0:32:59,0.564,disable,not in any folder,
,DECIDE,,,,,,822480718,Vedic Philosophy Module 1,(no folder),2023-04-30,2:45:26,2.92,nobody,not in any folder,
,DECIDE,,,,,,823863588,Supreme Goddess Q&A,(no folder),2023-05-04,1:36:35,1.325,disable,not in any folder,
,DECIDE,,,,,,823880980,Module 1 Vedic Philosophy,(no folder),2023-05-04,2:43:14,3.023,nobody,not in any folder,
,DECIDE,,,,,,824555580,Module 2 Vedic Philosophy,(no folder),2023-05-07,2:52:04,2.47,nobody,not in any folder,
,DECIDE,,,,,,826580518,Module 3 Vedic Philosophy,(no folder),2023-05-14,2:47:31,2.248,nobody,not in any folder,
,DECIDE,,,,,,828769422,Module 4 Vedic Philosophy,(no folder),2023-05-21,2:55:33,2.317,nobody,not in any folder,
,DECIDE,,,,,,829993165,Vedic Chanting and the Art of Vibration,(no folder),2023-05-24,2:18:10,0.763,nobody,not in any folder,
,DECIDE,,,,,,830695868,Grieving Together: Pathway to Healing and Justice,(no folder),2023-05-26,1:12:51,0.567,disable,not in any folder,
,DECIDE,,,,,,830912244,Module 5 Vedic Philosophy,(no folder),2023-05-28,2:52:07,2.751,nobody,not in any folder,
,DECIDE,,,,,,833028243,Module 6 Vedic Philosophy,(no folder),2023-06-04,2:23:38,2.427,nobody,not in any folder,
,DECIDE,,,,,,835203602,Vedic Philosophy Module 7,(no folder),2023-06-11,1:53:46,2.236,nobody,not in any folder,
,DECIDE,,,,,,835948175,Transforming Complex Trauma: Module 1,(no folder),2023-06-13,1:29:53,0.681,disable,not in any folder,
,DECIDE,,,,,,836639438,Third Eye Seminar - EP logo added,(no folder),2023-06-15,1:24:09,0.359,nobody,not in any folder,
,DECIDE,,,,,,836643477,Transforming Complex Trauma Module 2,(no folder),2023-06-15,1:39:29,0.446,disable,not in any folder,
,DECIDE,,,,,,837397279,Module 8 Vedic Philosophy,(no folder),2023-06-18,2:36:05,2.548,nobody,not in any folder,
,DECIDE,,,,,,837771811,From the Mat to Liberation,(no folder),2023-06-20,0:45:35,0.995,unlisted,not in any folder,A pre-course conversation with LeTonia A. Jones and Natalie Malone
,DECIDE,,,,,,838094849,Transforming Complex Trauma Module 3,(no folder),2023-06-20,1:35:33,0.725,disable,not in any folder,
,DECIDE,,,,,,838843984,Transforming Complex Trauma: Module 4,(no folder),2023-06-22,1:34:13,0.869,nobody,not in any folder,
,DECIDE,,,,,,841078576,From the Mat to Liberation (dip to black),(no folder),2023-06-30,0:39:44,0.785,unlisted,not in any folder,LeTonia and Natalie Malone Pre-Course Conversation for Yoga and Social Justice.
,DECIDE,,,,,,841082731,From the Mat to Liberation (cross fade),(no folder),2023-06-30,0:39:44,0.785,nobody,not in any folder,
,DECIDE,,,,,,843121702,Episode 4 Raja Yoga (Updated),(no folder),2023-07-07,0:13:17,0.362,disable,not in any folder,
,DECIDE,,,,,,843665831,Healing Addiction - Module 1,(no folder),2023-07-09,2:45:46,1.195,disable,not in any folder,
,DECIDE,,,,,,843800776,Healing Addiction: Module 2,(no folder),2023-07-10,2:46:15,1.571,disable,not in any folder,
,DECIDE,,,,,,844697025,Tantric Body - Commercial 2,(no folder),2023-07-12,0:06:00,0.111,disable,not in any folder,
,DECIDE,,,,,,845977109,Day One Chakra Challenge (Raw file),(no folder),2023-07-17,1:24:44,0.509,nobody,not in any folder,
,DECIDE,,,,,,846004330,Chakra Challenge Day One Lecture,(no folder),2023-07-17,0:53:48,0.265,disable,not in any folder,
,DECIDE,,,,,,846026096,Chakra Challenge: Day 1 Meditation,(no folder),2023-07-17,0:30:31,0.191,disable,not in any folder,
,DECIDE,,,,,,846360177,Chakras Challenge Day 2 Lecture,(no folder),2023-07-18,0:44:26,0.364,nobody,not in any folder,
,DECIDE,,,,,,846367395,Chakras Challenge Day 2 Meditation,(no folder),2023-07-18,0:38:51,0.42,nobody,not in any folder,
,DECIDE,,,,,,846675858,Chakra Challenge Day 3 (Raw File),(no folder),2023-07-19,1:19:41,0.596,disable,not in any folder,
,DECIDE,,,,,,846704207,Chakra Challenge Day 3 (Lecture),(no folder),2023-07-19,0:36:35,0.185,nobody,not in any folder,
,DECIDE,,,,,,846736619,Chakras Challenge Day 3 Meditation,(no folder),2023-07-19,0:31:38,0.301,nobody,not in any folder,
,DECIDE,,,,,,847051004,Chakra Challenge Day 4 (RAW),(no folder),2023-07-20,1:08:28,0.364,disable,not in any folder,
,DECIDE,,,,,,847066999,Chakra Challenge: Day 4 (Lecture),(no folder),2023-07-20,0:29:00,0.119,disable,not in any folder,
,DECIDE,,,,,,847110543,Chakra Challenge: Day 4 (Meditation),(no folder),2023-07-20,0:34:54,0.18,disable,not in any folder,
,DECIDE,,,,,,847373550,Chakras Challenge Day 5 (RAW),(no folder),2023-07-21,1:19:07,0.662,nobody,not in any folder,
,DECIDE,,,,,,847382649,Chakras Challenge: Day 5 (Lecture),(no folder),2023-07-21,0:31:28,0.224,nobody,not in any folder,
,DECIDE,,,,,,847407567,Chakras Challenge Day 5 Meditation,(no folder),2023-07-21,0:42:44,0.354,nobody,not in any folder,
,DECIDE,,,,,,847540290,Buddhist Psychology Certificate Program Integration Session 3,(no folder),2023-07-22,1:20:54,1.806,nobody,not in any folder,
,DECIDE,,,,,,847797861,Vedic Philosophy Bonus Q & A,(no folder),2023-07-23,1:44:24,1.296,nobody,not in any folder,
,DECIDE,,,,,,851412993,Visionary Experience: Exploring the Intersection of Shamanism and Buddhism (Pre-recorded Module 1),(no folder),2023-08-03,1:32:46,1.762,disable,not in any folder,
,DECIDE,,,,,,853217136,Integration Session: Tantric Body Learning Pathway,(no folder),2023-08-10,1:05:23,0.504,disable,not in any folder,
,DECIDE,,,,,,853502735,Bio.Video.Chris.Walling.EYT.Cert.2023,(no folder),2023-08-10,0:00:41,0.014,unlisted,not in any folder,
,DECIDE,,,,,,854898191,Yoga & Social Justice: Module 1,(no folder),2023-08-16,1:25:55,0.598,nobody,not in any folder,
,DECIDE,,,,,,855072039,Yoga and Social Justice Module 2,(no folder),2023-08-16,1:48:05,1.081,nobody,not in any folder,
,DECIDE,,,,,,857223477,Yoga and Social Justice Module 3,(no folder),2023-08-23,1:49:26,1.034,nobody,not in any folder,
,DECIDE,,,,,,859357345,Yoga and Social Justice Module 4,(no folder),2023-08-30,1:50:27,0.805,nobody,not in any folder,
,DECIDE,,,,,,862759658,Build a Conscious Diet Day 1,(no folder),2023-09-09,1:32:48,1.56,nobody,not in any folder,
,DECIDE,,,,,,862969281,Build a Conscious Diet Day 2,(no folder),2023-09-10,1:36:18,1.925,nobody,not in any folder,
,DECIDE,,,,,,863394307,Build a Conscious Diet Day 3,(no folder),2023-09-11,1:37:27,1.162,nobody,not in any folder,
,DECIDE,,,,,,863420870,Embodied Yoga Therapy Faculty Meeting 9.10.23,(no folder),2023-09-12,0:58:11,0.984,unlisted,not in any folder,
,DECIDE,,,,,,865390629,INTRODUCTION VIDEO,(no folder),2023-09-17,0:03:44,0.125,nobody,not in any folder,
,DECIDE,,,,,,868562664,Voyage to Vagus Masterclass Replay (FULL),(no folder),2023-09-27,1:08:22,0.507,disable,not in any folder,
,DECIDE,,,,,,868567703,Voyage to Vagus: How to Arouse Physiological Relaxation,(no folder),2023-09-27,0:38:22,0.232,disable,not in any folder,
,DECIDE,,,,,,870810583,EYT - LP Video (Captioned by Zubtitle),(no folder),2023-10-03,0:06:16,0.162,disable,not in any folder,
,DECIDE,,,,,,871232236,Circle Overview,(no folder),2023-10-04,0:05:33,0.023,anybody,not in any folder,
,DECIDE,,,,,,873932785,Visionary Experience Module 1.1,(no folder),2023-10-13,1:08:26,0.899,nobody,not in any folder,
,DECIDE,,,,,,876797460,Clinical Yoga Therapy Module 1.2,(no folder),2023-10-22,0:49:50,0.679,nobody,not in any folder,
,DECIDE,,,,,,876888628,Module 2.1: Visionary Experience,(no folder),2023-10-22,1:26:37,0.893,disable,not in any folder,
,DECIDE,,,,,,876923127,Module 2.2: Visionary Experience,(no folder),2023-10-22,2:20:23,1.578,disable,not in any folder,
,DECIDE,,,,,,877823744,NEIL - Module 1,(no folder),2023-10-25,0:14:03,0.227,nobody,not in any folder,
,DECIDE,,,,,,886127969,M11: Yoga and Community Healing 1,(no folder),2023-11-19,0:49:46,0.354,nobody,not in any folder,
,DECIDE,,,,,,887785145,Module 12: The Profound Wisdom of Ayurveda (Doshas),(no folder),2023-11-23,1:05:08,0.415,disable,not in any folder,
,DECIDE,,,,,,888137013,Module 12.2: The Profound Wisdom of Ayurveda (Doshas),(no folder),2023-11-25,0:43:36,0.449,disable,not in any folder,
,DECIDE,,,,,,888143035,Yoga and Community Healing Part 2,(no folder),2023-11-25,0:34:26,0.292,nobody,not in any folder,
,DECIDE,,,,,,888344231,EYT Integration Session 2,(no folder),2023-11-26,1:23:44,0.64,nobody,not in any folder,
,DECIDE,,,,,,888351850,Module 13.1: The Profound Wisdom of Ayurveda (Dinacarya),(no folder),2023-11-26,0:57:28,0.515,disable,not in any folder,
,DECIDE,,,,,,888519748,Module 13.2: The Profound Wisdom of Ayurveda (Dinacarya),(no folder),2023-11-26,0:48:41,0.49,disable,not in any folder,
,DECIDE,,,,,,889245614,Profound Wisdom of Ayurveda Part 3 (Travel),(no folder),2023-11-28,1:08:38,0.587,nobody,not in any folder,
,DECIDE,,,,,,889292412,Profound Wisdom of Ayurveda Part 3.2 (Travel 2),(no folder),2023-11-28,0:43:28,0.743,nobody,not in any folder,
,DECIDE,,,,,,889781382,Buddhist / Tibetan Yoga Part 1.1,(no folder),2023-11-30,1:05:34,0.686,nobody,not in any folder,
,DECIDE,,,,,,889925286,Buddhis Tibetan Yoga Part 1.2,(no folder),2023-11-30,0:42:02,0.769,nobody,not in any folder,
,DECIDE,,,,,,890202421,Nocturnal Meditation for Psychological and Spiritual Growth Part 1,(no folder),2023-12-01,0:50:02,1.248,disable,not in any folder,
,DECIDE,,,,,,890430233,Nocturnal Meditation for Psychological and Spiritual Growth 2,(no folder),2023-12-01,1:00:27,1.52,disable,not in any folder,
,DECIDE,,,,,,893114738,EYT Integration Session 3,(no folder),2023-12-10,0:57:59,0.54,disable,not in any folder,
,DECIDE,,,,,,893353578,Module 17.1: Buddhist/Tibetan Yoga Part 2,(no folder),2023-12-11,1:02:30,1.249,disable,not in any folder,
,DECIDE,,,,,,893586130,Module 17.2: Buddhist/Tibetan Yoga Part 2,(no folder),2023-12-12,0:49:11,0.56,disable,not in any folder,
,DECIDE,,,,,,894393456,EYT Module 18.1: Closing/Summative Session,(no folder),2023-12-14,1:00:00,1.035,disable,not in any folder,
,DECIDE,,,,,,894523503,EYT Module 18.2: Closing/Summative Session,(no folder),2023-12-14,0:23:30,0.733,disable,not in any folder,
,DECIDE,,,,,,900407384,jacob_kyle_raw-synced-video-cfr_riverside_0003,(no folder),2024-01-06,1:29:41,1.167,unlisted,not in any folder,
,DECIDE,,,,,,900415709,lucy_crisfield_raw-synced-video-cfr_riverside_0002,(no folder),2024-01-06,1:29:40,1.552,unlisted,not in any folder,
,DECIDE,,,,,,901426266,CHITHEADS - Intro to Lucy Crisfield,(no folder),2024-01-10,0:18:27,0.294,unlisted,not in any folder,
,DECIDE,,,,,,907949163,#1_Ep 3 Intentions Practice_1,(no folder),2024-01-30,0:00:36,0.024,nobody,not in any folder,
,DECIDE,,,,,,960604779,Logo eye animation,(no folder),2024-06-17,0:00:06,0.001,nobody,not in any folder,
,DECIDE,,,,,,992263764,CH Intros - Shree Nahata,(no folder),2024-07-30,0:04:05,0.072,unlisted,not in any folder,
,DECIDE,,,,,,1031244225,"Modern Day Chinese Medicine: Ancient Wisdom, Modern Times",(no folder),2024-11-19,1:31:26,0.946,nobody,not in any folder,"In this rich talk, you will learn the foundations and key principles of Traditional Chinese Medicine. You'll learn how to interpret and understand the many subtle (or not so subtle) signs your body is giving out and the ways you can help bring balance back to your body, mind and spirit. Based on the principle of balance, this medicine evolved over thousands of years by observing people, their ailments and their environments, and uses nature and lifestyle to help prevent sickness, maintain health"
,DECIDE,,,,,,1031244696,Ecopsychology,(no folder),2024-11-19,0:59:56,0.757,nobody,not in any folder,
,DECIDE,,,,,,1035268002,CH - Loriliai Biernacki,(no folder),2024-12-02,1:30:48,2.957,unlisted,not in any folder,
,DECIDE,,,,,,1086245193,Week 1 - Praṇa Logic - Foundations of Breath Philosophy  - No Slides,(no folder),2025-05-21,3:00:05,2.164,nobody,not in any folder,
,DECIDE,,,,,,1086548578,Week 2 - Classical Yoga Philosophy - Samkhya and Yoga Darsana - No Slides,(no folder),2025-05-21,1:45:33,1.323,nobody,not in any folder,
,DECIDE,,,,,,1086551345,Week 3 - om namah sivaya - No Slides,(no folder),2025-05-21,3:14:25,2.733,nobody,not in any folder,
,DECIDE,,,,,,1086649434,Week 6 - Saktism & Kundalini with Tova Olsson - No Slides,(no folder),2025-05-22,2:35:42,2.421,nobody,not in any folder,
,DECIDE,,,,,,1125603478,CH - Nataraj Full Episode,(no folder),2025-10-08,1:06:42,1.878,unlisted,not in any folder,
,DECIDE,,,,,,1182380862,LIVE_WORKSHOP_The_Body_as_Truthteller_A_Journey_into_Contemplative_Writing,(no folder),2026-04-12,0:35:15,0.303,nobody,not in any folder,
,DECIDE,,,,,,1182382323,Teaching_Tales_Tapping_the_Power_of_Story_to_Inform_and_Inspire,(no folder),2026-04-12,0:59:37,0.281,nobody,not in any folder,
,DECIDE,,,,,,1182384174,Welcome_to_the_Conference,(no folder),2026-04-12,0:09:31,0.351,nobody,not in any folder,
,DECIDE,,,,,,1182385111,Reimagine_the_Classroom,(no folder),2026-04-12,1:12:11,0.452,nobody,not in any folder,
,DECIDE,,,,,,1182392410,Virtual_Somatics_Lessons_from_a_Somatic_Psychology_Professor,(no folder),2026-04-12,1:11:15,0.378,nobody,not in any folder,
,DECIDE,,,,,,1213982231,SS Testimonials - Joan & Lee @ Summer Retreat 2026,(no folder),2026-07-29,0:03:37,0.092,unlisted,not in any folder,
,DECIDE,,,,,,1221282536,Body Tripping - Nonlinear_Dynamics_Endocrine_Emanations,(no folder),2026-08-25,1:04:41,0.739,nobody,not in any folder,
,DECIDE,,,,,,1221282537,Body Tripping - Song_over_Water_Breath_and_Blood,(no folder),2026-08-25,1:00:42,0.672,nobody,not in any folder,
,DECIDE,,,,,,1221282538,Body Tripping - Hydrostatic_Support_Your_Organic_Body,(no folder),2026-08-25,1:03:41,0.804,nobody,not in any folder,
,DECIDE,,,,,,1221282539,Body Tripping - Networks_of_You_Fascia_and_Fluid,(no folder),2026-08-25,0:57:29,0.739,nobody,not in any folder,
,DECIDE,,,,,,1221284861,Body Tripping - River_and_Riverbed_Bones_and_Connective_Tissue,(no folder),2026-08-25,0:56:38,0.762,nobody,not in any folder,
,DECIDE,,,,,,1221284977,Body Tripping - Cellular_Breathing_Gravity_and_Metabolism,(no folder),2026-08-25,1:01:25,0.655,nobody,not in any folder,
,DECIDE,,,,,,1221286405,Body Tripping - Self-Modulation_Your_Nervous_System,(no folder),2026-08-25,0:54:08,0.661,nobody,not in any folder,
,DECIDE,,,,,,1221286406,Body Tripping - Ocean_of_Connection_Your_Muscles,(no folder),2026-08-25,0:58:25,0.716,nobody,not in any folder,
,DECIDE,,,,,,1094484258,10-Year Anniversary_avo_1920x1080,10-Year Anniversary,2025-06-18,2:34:37,3.062,nobody,"older programme: Circle library, offline archive, or drop?",
,DECIDE,,,,,,1094484945,10-Year Anniversary_gallery_1920x1342,10-Year Anniversary,2025-06-18,2:34:37,2.035,nobody,"older programme: Circle library, offline archive, or drop?",
,DECIDE,,,,,,1094485403,10-Year Anniversary_gvo_1920x1080,10-Year Anniversary,2025-06-18,2:34:37,2.682,nobody,"older programme: Circle library, offline archive, or drop?",
,DECIDE,,,,,,1094487564,10-Year Anniversary Celebration,10-Year Anniversary,2025-06-18,2:16:00,2.571,nobody,"older programme: Circle library, offline archive, or drop?",
,DECIDE,,,,,,1157020298,Day 1 GMT20251213-145006_Recording_1920x1080,2025 Yoga Teacher Training (YTT) / Final Practicum (Not Edited),2026-01-21,4:36:54,6.089,nobody,"older programme: Circle library, offline archive, or drop?",
,DECIDE,,,,,,1157021752,Day 1 GMT20251213-145006_Recording_gallery_1920x1080,2025 Yoga Teacher Training (YTT) / Final Practicum (Not Edited),2026-01-21,4:36:54,4.038,nobody,"older programme: Circle library, offline archive, or drop?",
,DECIDE,,,,,,1157022972,Day 2 GMT20251214-145008_Recording_gallery_1920x1080,2025 Yoga Teacher Training (YTT) / Final Practicum (Not Edited),2026-01-21,4:59:50,3.795,nobody,"older programme: Circle library, offline archive, or drop?",
,DECIDE,,,,,,1157023678,Day 2 GMT20251214-145008_Recording_1920x1080,2025 Yoga Teacher Training (YTT) / Final Practicum (Not Edited),2026-01-21,4:59:50,4.378,nobody,"older programme: Circle library, offline archive, or drop?",
,DECIDE,,,,,,951174474,Day 1 - 30-Day Chakra Sadhana,30-Day Chakra Sādhanā,2024-05-28,1:02:55,0.549,disable,"older programme: Circle library, offline archive, or drop?",
,DECIDE,,,,,,951552209,Day 2 - 30-Day Chakra Sadhana,30-Day Chakra Sādhanā,2024-05-29,0:59:11,1.257,disable,"older programme: Circle library, offline archive, or drop?",
,DECIDE,,,,,,951977908,Day 3 - Matsyendra's Frame Story Pt. 2 & the 5 Acts of Śiva (30-Day Chakra Sādhana),30-Day Chakra Sādhanā,2024-05-30,0:56:51,1.154,disable,"older programme: Circle library, offline archive, or drop?",
,DECIDE,,,,,,952461090,Day 4 - Bhāvanā: Creative Contemplation (30-Day Sādhana),30-Day Chakra Sādhanā,2024-05-31,0:41:17,0.726,disable,"older programme: Circle library, offline archive, or drop?",
,DECIDE,,,,,,952603719,30-Day Sadhana - Day 5,30-Day Chakra Sādhanā,2024-06-01,0:49:28,0.702,nobody,"older programme: Circle library, offline archive, or drop?",
,DECIDE,,,,,,953182280,Day 7 - 30-Day Chakra Sadhana,30-Day Chakra Sādhanā,2024-06-03,0:53:26,0.259,disable,"older programme: Circle library, offline archive, or drop?",
,DECIDE,,,,,,953222380,30-Day Sadhana - day 6,30-Day Chakra Sādhanā,2024-06-03,0:45:20,0.616,nobody,"older programme: Circle library, offline archive, or drop?",
,DECIDE,,,,,,953585190,30-Day Sadhana - Day 8,30-Day Chakra Sādhanā,2024-06-04,0:58:40,0.834,disable,"older programme: Circle library, offline archive, or drop?",
,DECIDE,,,,,,953990499,30-Day Sadhana - Day 9,30-Day Chakra Sādhanā,2024-06-05,0:59:38,0.877,disable,"older programme: Circle library, offline archive, or drop?",
,DECIDE,,,,,,954414384,30-Day Sādhana - Day 10,30-Day Chakra Sādhanā,2024-06-06,0:58:19,0.811,disable,"older programme: Circle library, offline archive, or drop?",
,DECIDE,,,,,,954833782,30-Day Sadhana - Day 11,30-Day Chakra Sādhanā,2024-06-07,0:59:21,0.876,disable,"older programme: Circle library, offline archive, or drop?",
,DECIDE,,,,,,955224284,30-Day Sadhana - Day 12,30-Day Chakra Sādhanā,2024-06-08,0:33:14,1.175,nobody,"older programme: Circle library, offline archive, or drop?",
,DECIDE,,,,,,955971334,30-Day Sādhana - Day 14 - Meditation Contraindications,30-Day Chakra Sādhanā,2024-06-10,0:57:17,0.819,disable,"older programme: Circle library, offline archive, or drop?",
,DECIDE,,,,,,956549415,30-Day Sādhana - Day 15,30-Day Chakra Sādhanā,2024-06-11,0:56:53,0.758,disable,"older programme: Circle library, offline archive, or drop?",
,DECIDE,,,,,,957132873,30-Day Sādhana - Day 16,30-Day Chakra Sādhanā,2024-06-12,1:02:27,0.879,disable,"older programme: Circle library, offline archive, or drop?",
,DECIDE,,,,,,957786500,30-Day Sādhana - Day 17,30-Day Chakra Sādhanā,2024-06-13,1:02:36,0.851,disable,"older programme: Circle library, offline archive, or drop?",
,DECIDE,,,,,,958440160,30-Day Sādhana - Day 18,30-Day Chakra Sādhanā,2024-06-14,0:57:17,0.529,nobody,"older programme: Circle library, offline archive, or drop?",
,DECIDE,,,,,,960382183,30-Day Sādhana - Day 21,30-Day Chakra Sādhanā,2024-06-17,0:55:41,0.795,disable,"older programme: Circle library, offline archive, or drop?",
,DECIDE,,,,,,961256932,30-Day Sādhana - Day 22,30-Day Chakra Sādhanā,2024-06-18,0:55:55,0.91,disable,"older programme: Circle library, offline archive, or drop?",
,DECIDE,,,,,,962335375,30-Day Sādhana - Day 23,30-Day Chakra Sādhanā,2024-06-19,1:03:35,0.775,disable,"older programme: Circle library, offline archive, or drop?",
,DECIDE,,,,,,963204681,30-Day Sādhana - Day 24,30-Day Chakra Sādhanā,2024-06-20,0:55:25,0.755,disable,"older programme: Circle library, offline archive, or drop?",
,DECIDE,,,,,,964776435,30-Day Sādhana - Day 25,30-Day Chakra Sādhanā,2024-06-21,0:56:26,0.816,disable,"older programme: Circle library, offline archive, or drop?",
,DECIDE,,,,,,965355138,30-Day Sādhana - Day 26,30-Day Chakra Sādhanā,2024-06-22,1:03:49,0.926,disable,"older programme: Circle library, offline archive, or drop?",
,DECIDE,,,,,,967071804,30-Day Sadhana - Day 28,30-Day Chakra Sādhanā,2024-06-24,0:10:34,0.155,nobody,"older programme: Circle library, offline archive, or drop?",
,DECIDE,,,,,,967927624,30-Day Sādhana - Day 29,30-Day Chakra Sādhanā,2024-06-25,0:40:09,0.394,nobody,"older programme: Circle library, offline archive, or drop?",
,DECIDE,,,,,,968146648,Edited - 30-Day Sādhanā- Day 29 - Two Stotras,30-Day Chakra Sādhanā,2024-06-25,0:39:10,0.401,disable,"older programme: Circle library, offline archive, or drop?",
,DECIDE,,,,,,968913724,30-Day Sādhana - Day 30,30-Day Chakra Sādhanā,2024-06-26,0:47:28,0.692,disable,"older programme: Circle library, offline archive, or drop?",
,DECIDE,,,,,,408462920,What is Bhakti?,Animated Teachings,2020-04-16,0:03:25,0.041,unlisted,"older programme: Circle library, offline archive, or drop?","The word Bhakti literally means love and devotion. A “bhakta” is a person who practices “bhakti,” or loving devotion to god or the divine. Bhakti, as a spiritual path of love, is considered highly accessible, because it allows for the devotee to draw from personal, everyday experiences of love to discover a connection with the divine.

Read the full article on bhakti here: https://www.embodiedphilosophy.com/em...

Explore the writings, podcast episodes, resources and courses on our website: http"
,DECIDE,,,,,,408464489,What is Dharma?,Animated Teachings,2020-04-16,0:02:30,0.026,unlisted,"older programme: Circle library, offline archive, or drop?","Dharma is an important concept found in many spiritual philosophies from the Indian subcontinent, including Hinduism, Buddhism, Jainism and Sikhism. In Hinduism, dharma is refers to the cosmic order as well as one’s personal duty or purpose in life. In Buddhism, dharma indicates the teachings of the Buddha. In Jainism, dharma recalls the soul that exists in all living things.  It is the principle of motion and the true nature of a thing. In Sikhism, dharma is a term for the “path of righteousnes"
,DECIDE,,,,,,408465540,What is Interoception?,Animated Teachings,2020-04-16,0:02:40,0.031,unlisted,"older programme: Circle library, offline archive, or drop?","Interoception is the perception of one’s inner environment, particularly as it relates to bodily sensations. It is our capacity to bear witness to the feelings inside, from muscular tension to heart beats, from the rhythm of the breath to the relative fullness of our stomach. With the exception of certain severe medical conditions, everyone has some degree of interoception, as it would be impossible to live functionally without it. 

Read the full article on interoception here: https://www.embod"
,DECIDE,,,,,,408466894,What is Murti?,Animated Teachings,2020-04-16,0:02:48,0.028,unlisted,"older programme: Circle library, offline archive, or drop?","A mūrti is a “vessel” that contains a manifestation, incarnation, and personification of a god. Though the word mūrti is often used to describe an image or statue of the divine, a mūrti is not an idol. It is a way to commune with the Divine that would otherwise be beyond the senses. Mūrti is the means to relate to the unrelatable.

Read the full article on mūrti here: https://www.embodiedphilosophy.com/what-is-mūrti
Explore the writings, podcast episodes, resources and courses on our website: h"
,DECIDE,,,,,,408467945,What is Prana?,Animated Teachings,2020-04-16,0:02:34,0.028,unlisted,"older programme: Circle library, offline archive, or drop?","Often translated as breath, prāṇa is, in fact, the vital energy of life itself. It is the basic material for all that exists.  Thus, prāṇa is both the origination of life and its continuation.   In many ways, the entire practice of Yoga can be understood as an engagement with prāṇa.
 
Read the full article on prāṇa here: https://www.embodiedphilosophy.com/what-is-prana
Check out our lecture series and resource package on prāṇa and prāṇāyama here:  https://www.embodiedphilosophy.org/embodied-brea"
,DECIDE,,,,,,408469178,What is Pranayama?,Animated Teachings,2020-04-16,0:02:36,0.022,unlisted,"older programme: Circle library, offline archive, or drop?","Prāṇāyāma is the effort or practice of controlling the breath in order to access the vital energy that sustains life.  The breath is something that is at once deeply personal and universal.  Every sentient being shares the experience of breathing, albeit in different ways. Traditionally, prāṇāyāma is learned directly from a trusted teacher. Different schools vary the order of the techniques, with differing results.  Yet, the basic practices remain similar across traditions including concentrated"
,DECIDE,,,,,,408470020,What is Psychosomatic?,Animated Teachings,2020-04-16,0:03:13,0.028,unlisted,"older programme: Circle library, offline archive, or drop?","The term ‘psychosomatic’ means mind and body related. A psychosomatic disorder is a physical disease which is caused, or worsened, by mental factors. The term is also used when mental factors cause physical symptoms but where there is no physical disease.
 
Read the full article on psychosomatic here: https://www.embodiedphilosophy.com/what-is-psychosomatic
Explore the writings, podcast episodes, resources and courses on our website: https://www.embodiedphilosophy.com/
 
Please like, share and s"
,DECIDE,,,,,,408471282,What is Puja?,Animated Teachings,2020-04-16,0:02:29,0.029,unlisted,"older programme: Circle library, offline archive, or drop?","Pūjā is the procedure of developing a deep and sweet intimacy with a deity or object of adoration The Sanskrit word “pūjā” is made up of pū, which means to purify or cleanse, and jā, which means birth. Essentially then, pūjā is a ritual of adoration of a deity with the goal of purifying or sanctifying our lives.

Read the full article on pūjā here: https://www.embodiedphilosophy.com/what-is-puja
Explore the writings, podcast episodes, resources and courses on our website: https://www.embodiedphi"
,DECIDE,,,,,,408472532,What is Sakti?,Animated Teachings,2020-04-16,0:03:11,0.036,unlisted,"older programme: Circle library, offline archive, or drop?","Śakti means “power” and is the divine feminine force personified in all expressions of the Hindu goddess. She is the dynamic, primordial energy that supports life.

Read the full article on Śakti here: https://www.embodiedphilosophy.com/what-is-shakti

Explore the writings, podcast episodes, resources and courses on our website: https://www.embodiedphilosophy.com/

http://freemusicarchive.org/music/Siddhartha/Freedom/Siddhartha_-_Freedom_-_01_Victory_of_Buddha

Please like, share and subscribe t"
,DECIDE,,,,,,408474564,What is Samkhya?,Animated Teachings,2020-04-16,0:02:22,0.025,unlisted,"older programme: Circle library, offline archive, or drop?","Sāṃkhya is one of the six darśanas (darśana = “way of seeing”) of Hinduism. Referred to by many as the oldest philosophical system of India, it is considered the metaphysical backdrop of Classical Yoga. Some of Sāṃkhya’s key concepts are first mentioned in the earliest of the Vedas, however the reality of oral tradition in India suggests that Sāṃkhyan ideas are in fact much older than the Vedas in their written form. 

Read the full article on Sāṃkhya here: https://www.embodiedphilosophy.com/wha"
,DECIDE,,,,,,408507823,What is Samsara?,Animated Teachings,2020-04-16,0:03:08,0.037,unlisted,"older programme: Circle library, offline archive, or drop?","Saṃsāra refers to the cycle of death and rebirth. It is the natural cycle of creation, maintenance, and dissolution that all material things undergo. 

Read the full article on saṃsāra here: https://www.embodiedphilosophy.com/what-is-saṃsāra

Explore the writings, podcast episodes, resources and courses on our website: https://www.embodiedphilosophy.com/
Please like, share and subscribe to our channel to get notifications when our new animations and free video teachings are released!

https://ww"
,DECIDE,,,,,,408553912,What is Soma?,Animated Teachings,2020-04-16,0:02:47,0.027,unlisted,"older programme: Circle library, offline archive, or drop?","In Indian mythology, soma is the elusive elixir of immortality. It is a celebrated beverage that is healing, uplifting, and intoxicating. Soma is also a word of ancient Greek origin and means “body”; it is largely from this latter origin that the field of somatic therapy has developed to emphasize the individual’s internal experience of the body.

Read the full article on soma here: https://www.embodiedphilosophy.com/what-is-soma
Explore the writings, podcast episodes, resources and courses on o"
,DECIDE,,,,,,408555031,What is Subconscious?,Animated Teachings,2020-04-16,0:02:34,0.036,unlisted,"older programme: Circle library, offline archive, or drop?","The subconscious is a psychological term that means “below the conscious mind”. It refers to a domain of experience that is hidden from our awareness but nonetheless impacts our behavior by manifesting as habits, desires, fears and attachments.

Read the full article on subconscious here: https://www.embodiedphilosophy.com/what-is-subconscious?
Explore the writings, podcast episodes, resources and courses on our website: https://www.embodiedphilosophy.com/

Please like, share and subscribe to ou"
,DECIDE,,,,,,408558000,What is Svapna?,Animated Teachings,2020-04-16,0:03:13,0.036,unlisted,"older programme: Circle library, offline archive, or drop?","Svapna is a Sanskrit term for dream.  It encompasses both the content of the dream and the relationship of that content to the ordinary world.  In Sanskrit literature, dreams are a valid form of knowledge and an expression of reality, broadly speaking.

Read the full article on svapna here: https://www.embodiedphilosophy.com/what-is-svapna

Explore the writings, podcast episodes, resources and courses on our website: https://www.embodiedphilosophy.com/
 
Please like, share and subscribe to our c"
,DECIDE,,,,,,408558752,What is Tarka?,Animated Teachings,2020-04-16,0:02:24,0.034,unlisted,"older programme: Circle library, offline archive, or drop?","Tarka means logic and is the ability to put together a series of related notions through logical deduction based on experience. When it comes to the spiritual journey, instead of “crude” logic that can lead to erroneous assumptions, here it is elevated to sat-tarka, a product of both reasoning and inference, where we are able to differentiate between the mind and awareness, sense objects and their perception, and mind constructs and reality. 

Read the full article on tarka here: https://www.emb"
,DECIDE,,,,,,408619107,What is Maya?,Animated Teachings,2020-04-16,0:03:37,0.047,unlisted,"older programme: Circle library, offline archive, or drop?","Māyā is “illusion,” a core concept in the Advaita Vedānta or “non-dual” school of Vedic thought. It’s key to understanding the way you construct the world through false perception. Māyā is thinking you’re separate from the Divine. Enlightenment is realizing this isn’t true. There’s a deeper reality that transcends the changing world. In the Vedas, it’s called Brahman—Pure Consciousness.  

Read the full article on Māyā  here: https://www.embodiedphilosophy.com/what-is-māyā 

Explore the"
,DECIDE,,,,,,408621918,What is Non-Dualism?,Animated Teachings,2020-04-16,0:03:22,0.027,unlisted,"older programme: Circle library, offline archive, or drop?","Non-dualism, often denoted with the Sanskrit terms advaita or advaya, is a metaphysical concept that literally means “not-two.” It is at once an ontological claim about the nature of reality and a description of the mystical experience."
,DECIDE,,,,,,832759620,Queering The Body: Gender And Sexuality,Awakened Body Cert On Demand,2023-06-02,1:24:31,0.649,disable,"older programme: Circle library, offline archive, or drop?",
,DECIDE,,,,,,832775633,Body To Body Intimacy,Awakened Body Cert On Demand,2023-06-02,1:36:49,0.676,disable,"older programme: Circle library, offline archive, or drop?",
,DECIDE,,,,,,832776422,Awakened Body - Integration Session 2,Awakened Body Cert On Demand,2023-06-02,1:01:02,0.455,disable,"older programme: Circle library, offline archive, or drop?",
,DECIDE,,,,,,832776993,Introduction to Somatics: Beyond the MindBody Problem,Awakened Body Cert On Demand,2023-06-02,1:33:58,0.555,disable,"older programme: Circle library, offline archive, or drop?",
,DECIDE,,,,,,832777557,Developmental Somatic Psychology,Awakened Body Cert On Demand,2023-06-02,1:22:52,0.703,disable,"older programme: Circle library, offline archive, or drop?",
,DECIDE,,,,,,832778218,Between Psyche & Soul: Re-imagining Intuition,Awakened Body Cert On Demand,2023-06-02,1:07:03,0.379,disable,"older programme: Circle library, offline archive, or drop?",
,DECIDE,,,,,,832778554,Polyvagal Theory and the Awakened Body,Awakened Body Cert On Demand,2023-06-02,1:19:10,0.312,disable,"older programme: Circle library, offline archive, or drop?",
,DECIDE,,,,,,832778826,Fractals of Spiritual Development,Awakened Body Cert On Demand,2023-06-02,1:26:38,0.709,disable,"older programme: Circle library, offline archive, or drop?",
,DECIDE,,,,,,832779472,Close Your Eyes to See: Experiential Praxis for Awakening the Body,Awakened Body Cert On Demand,2023-06-02,1:28:46,0.327,disable,"older programme: Circle library, offline archive, or drop?",
,DECIDE,,,,,,832779805,Using Dreams To Awaken The Body,Awakened Body Cert On Demand,2023-06-02,0:51:31,0.249,disable,"older programme: Circle library, offline archive, or drop?",
,DECIDE,,,,,,832780053,Soma Semantics Cultivating Presence Via Embodied Witnessing Praxis,Awakened Body Cert On Demand,2023-06-02,1:31:03,0.638,disable,"older programme: Circle library, offline archive, or drop?",
,DECIDE,,,,,,832780780,Contemporary Psychoanalysis Playing With Theories Of Embodiment,Awakened Body Cert On Demand,2023-06-02,1:00:13,0.3,disable,"older programme: Circle library, offline archive, or drop?",
,DECIDE,,,,,,832781022,Beyond Trauma Unbinding The Body Via Posttraumatic Growth,Awakened Body Cert On Demand,2023-06-02,1:20:28,0.46,disable,"older programme: Circle library, offline archive, or drop?",
,DECIDE,,,,,,832781418,Embodied Movement: Practices Engaging The Whole Self,Awakened Body Cert On Demand,2023-06-02,1:48:32,0.817,disable,"older programme: Circle library, offline archive, or drop?",
,DECIDE,,,,,,832782194,The Unknown Unknown: Somatic Encounters With The Other,Awakened Body Cert On Demand,2023-06-02,1:49:03,0.658,disable,"older programme: Circle library, offline archive, or drop?",
,DECIDE,,,,,,832782649,Just To Be Alive: Somatics And Spirituality,Awakened Body Cert On Demand,2023-06-02,1:39:06,0.426,disable,"older programme: Circle library, offline archive, or drop?",
,DECIDE,,,,,,832782918,Why Study Somatics & Embodied Techniques?,Awakened Body Cert On Demand,2023-06-02,0:54:14,0.35,disable,"older programme: Circle library, offline archive, or drop?",
,DECIDE,,,,,,832783283,Awakened Body - Integration Session 1,Awakened Body Cert On Demand,2023-06-02,0:40:00,0.286,disable,"older programme: Circle library, offline archive, or drop?",
,DECIDE,,,,,,832784366,Awakened Body - Integration Session 3,Awakened Body Cert On Demand,2023-06-02,0:49:45,0.322,disable,"older programme: Circle library, offline archive, or drop?",
,DECIDE,,,,,,1178620374,Module_1_Framing_an_Antiracist_Spirituality,Been in Struggle,2026-03-30,1:47:26,0.785,nobody,"older programme: Circle library, offline archive, or drop?",
,DECIDE,,,,,,1178620613,Module_2_Racial_Conflict_Transformed,Been in Struggle,2026-03-30,1:51:08,0.908,nobody,"older programme: Circle library, offline archive, or drop?",
,DECIDE,,,,,,1178620881,Module_3_Popular_Culture_Antiracist_Spirituality,Been in Struggle,2026-03-30,1:50:27,0.9,nobody,"older programme: Circle library, offline archive, or drop?",
,DECIDE,,,,,,1178621166,Module_4_Antiracist_Spirituality_Realized,Been in Struggle,2026-03-30,1:57:20,0.926,nobody,"older programme: Circle library, offline archive, or drop?",
,DECIDE,,,,,,900215989,Class 1_ What’s your Origin Story_FINAL,Blitz 2023 / Beyond the Yoga Studio - Oneika,2024-01-05,0:07:14,0.21,disable,"older programme: Circle library, offline archive, or drop?",
,DECIDE,,,,,,900220490,Class 2_ Your story can’t be replicated by anyone_FINAL,Blitz 2023 / Beyond the Yoga Studio - Oneika,2024-01-05,0:07:07,0.213,disable,"older programme: Circle library, offline archive, or drop?",
,DECIDE,,,,,,900226752,Class 3_ Find Your People & Stay in Your Lane_FINAL,Blitz 2023 / Beyond the Yoga Studio - Oneika,2024-01-05,0:10:14,0.333,disable,"older programme: Circle library, offline archive, or drop?",
,DECIDE,,,,,,900254964,Class 4_ Not Everyone Likes You and That’s Okay_FINAL,Blitz 2023 / Beyond the Yoga Studio - Oneika,2024-01-05,0:09:02,0.269,disable,"older programme: Circle library, offline archive, or drop?",
,DECIDE,,,,,,900255185,Class 5_ you had a life before yoga don’t forget that_FINAL,Blitz 2023 / Beyond the Yoga Studio - Oneika,2024-01-05,0:08:05,0.278,disable,"older programme: Circle library, offline archive, or drop?",
,DECIDE,,,,,,900255390,Class 6_ Shapeshifting is not adaptability_FINAL,Blitz 2023 / Beyond the Yoga Studio - Oneika,2024-01-05,0:07:03,0.224,disable,"older programme: Circle library, offline archive, or drop?",
,DECIDE,,,,,,900255622,Class 7_ Representation matters_ on your terms_FINAL,Blitz 2023 / Beyond the Yoga Studio - Oneika,2024-01-05,0:07:48,0.274,disable,"older programme: Circle library, offline archive, or drop?",
,DECIDE,,,,,,900255840,Class 8_ If you aren’t evolving you aren’t living yoga_FINAL,Blitz 2023 / Beyond the Yoga Studio - Oneika,2024-01-05,0:09:57,0.312,disable,"older programme: Circle library, offline archive, or drop?",
,DECIDE,,,,,,900256152,Oneika Clip,Blitz 2023 / Beyond the Yoga Studio - Oneika,2024-01-05,0:00:58,0.03,disable,"older programme: Circle library, offline archive, or drop?",
,DECIDE,,,,,,901303502,CLIP - Sacred Moments LP,Blitz 2023 / Creating Sacred Moments Bhaswati,2024-01-09,0:02:03,0.048,disable,"older programme: Circle library, offline archive, or drop?",
,DECIDE,,,,,,901332353,Class 2- Eat food that supports mental calm_Dr. Bhattacharya_V1,Blitz 2023 / Creating Sacred Moments Bhaswati,2024-01-09,0:16:19,0.377,disable,"older programme: Circle library, offline archive, or drop?",
,DECIDE,,,,,,901333070,Class 3. Work on I-am-not-enough issues_Dr. Bhattacharya_V1,Blitz 2023 / Creating Sacred Moments Bhaswati,2024-01-10,0:11:41,0.221,unlisted,"older programme: Circle library, offline archive, or drop?",
,DECIDE,,,,,,901333608,Class 4. Build an Altar_Dr. Bhattacharya_V1-,Blitz 2023 / Creating Sacred Moments Bhaswati,2024-01-10,0:10:05,0.23,disable,"older programme: Circle library, offline archive, or drop?",
,DECIDE,,,,,,901334185,Class 5- Move your Body_Dr. Bhattacharya_V1,Blitz 2023 / Creating Sacred Moments Bhaswati,2024-01-10,0:11:54,0.263,disable,"older programme: Circle library, offline archive, or drop?",
,DECIDE,,,,,,901334652,Class 6- Fall into Daily Routine_Dr. Bhattacharya_V1,Blitz 2023 / Creating Sacred Moments Bhaswati,2024-01-10,0:10:00,0.241,disable,"older programme: Circle library, offline archive, or drop?",
,DECIDE,,,,,,901335001,Class 7- Rituals of Gratitude Attract Alignment with Reality_Dr. Bhattacharya_V1,Blitz 2023 / Creating Sacred Moments Bhaswati,2024-01-10,0:12:45,0.289,disable,"older programme: Circle library, offline archive, or drop?",
,DECIDE,,,,,,901335477,Class 8- Bathe and Imbibe Pure Water_Dr. Bhattacharya_V1-,Blitz 2023 / Creating Sacred Moments Bhaswati,2024-01-10,0:11:24,0.242,disable,"older programme: Circle library, offline archive, or drop?",
,DECIDE,,,,,,901335918,Class 9- Breakthrough Exercises Find You When You are Lost_Dr. Bhattacharya_V2,Blitz 2023 / Creating Sacred Moments Bhaswati,2024-01-10,0:15:19,0.307,disable,"older programme: Circle library, offline archive, or drop?",
,DECIDE,,,,,,903815581,Class 1. Be in the present moment_Dr. Bhattacharya_V1,Blitz 2023 / Creating Sacred Moments Bhaswati,2024-01-17,0:13:19,0.289,unlisted,"older programme: Circle library, offline archive, or drop?",
,DECIDE,,,,,,891524849,CLIP 2 Class 6_ How Do You Spend Your Time as a Small Business Owner__FINAL (1),Blitz 2023 / Master the Big 4 - Ava Taylor,2023-12-05,0:01:58,0.051,disable,"older programme: Circle library, offline archive, or drop?",
,DECIDE,,,,,,891525445,Class 7_  Time management for busy entrepreneurs_FINAL,Blitz 2023 / Master the Big 4 - Ava Taylor,2023-12-05,0:14:04,0.425,disable,"older programme: Circle library, offline archive, or drop?",
,DECIDE,,,,,,891526039,"Class 1_ You Are Your Own Small Business, Own It!_Ava Taylor_FINAL",Blitz 2023 / Master the Big 4 - Ava Taylor,2023-12-05,0:14:12,0.399,unlisted,"older programme: Circle library, offline archive, or drop?",
,DECIDE,,,,,,891526608,Class 3_  Operations Deep Dive_FINAL,Blitz 2023 / Master the Big 4 - Ava Taylor,2023-12-05,0:11:29,0.334,disable,"older programme: Circle library, offline archive, or drop?",
,DECIDE,,,,,,891527178,Class 5_ Finances Deep Dive_ _FINAL,Blitz 2023 / Master the Big 4 - Ava Taylor,2023-12-05,0:10:41,0.31,disable,"older programme: Circle library, offline archive, or drop?",
,DECIDE,,,,,,891527670,Class 8_  Seek Help_ Creative solutions for building a team to support your business_FINAL,Blitz 2023 / Master the Big 4 - Ava Taylor,2023-12-05,0:12:52,0.381,disable,"older programme: Circle library, offline archive, or drop?",
,DECIDE,,,,,,891528776,Class 9_  Craft Clear Agreements - Collaborations & Partnerships_FINAL,Blitz 2023 / Master the Big 4 - Ava Taylor,2023-12-05,0:11:52,0.333,disable,"older programme: Circle library, offline archive, or drop?",
,DECIDE,,,,,,891529355,Class 2_ Strategy Deep Dive_FINAL,Blitz 2023 / Master the Big 4 - Ava Taylor,2023-12-05,0:20:40,0.595,disable,"older programme: Circle library, offline archive, or drop?",
,DECIDE,,,,,,891530181,Class 4_ Marketing Deep Dive_FINAL,Blitz 2023 / Master the Big 4 - Ava Taylor,2023-12-05,0:09:58,0.299,disable,"older programme: Circle library, offline archive, or drop?",
,DECIDE,,,,,,891538541,Class 6_ How Do You Spend Your Time as a Small Business Owner__FINAL (1),Blitz 2023 / Master the Big 4 - Ava Taylor,2023-12-05,0:10:52,0.313,disable,"older programme: Circle library, offline archive, or drop?",
,DECIDE,,,,,,903774072,Class 1- Rules of the Meditation & Mindfulness Road _Dana Slamp_V02 FINAL,Blitz 2023 / Mindfulness in the Workplace,2024-01-17,0:07:18,0.159,disable,"older programme: Circle library, offline archive, or drop?",
,DECIDE,,,,,,903774520,Class 2- Community & Workplace Mindfulness Strategies_Dana Slamp_V02_FINAL,Blitz 2023 / Mindfulness in the Workplace,2024-01-17,0:13:47,0.273,disable,"older programme: Circle library, offline archive, or drop?",
,DECIDE,,,,,,903775320,Class 3- Take a Breath- Breath Awareness  _Dana Slamp_V01-,Blitz 2023 / Mindfulness in the Workplace,2024-01-17,0:12:30,0.258,disable,"older programme: Circle library, offline archive, or drop?",
,DECIDE,,,,,,903776115,Class 4- The Body Scan _Dana Slamp_V01.mp4,Blitz 2023 / Mindfulness in the Workplace,2024-01-17,0:05:35,0.103,disable,"older programme: Circle library, offline archive, or drop?",
,DECIDE,,,,,,903776456,Class 5- Intention Setting Meditation _Dana Slamp_V01-,Blitz 2023 / Mindfulness in the Workplace,2024-01-17,0:11:25,0.234,disable,"older programme: Circle library, offline archive, or drop?",
,DECIDE,,,,,,903777096,Class 6- The Power of Sound  _Dana Slamp_V01 -,Blitz 2023 / Mindfulness in the Workplace,2024-01-17,0:11:51,0.243,disable,"older programme: Circle library, offline archive, or drop?",
,DECIDE,,,,,,903777823,Class 7- Loving Kindness Meditation _Dana Slamp_V01.mp4,Blitz 2023 / Mindfulness in the Workplace,2024-01-17,0:05:59,0.099,disable,"older programme: Circle library, offline archive, or drop?",
,DECIDE,,,,,,903778134,Class 8- Chair Yoga and Stretching _Dana Slamp_V01 -,Blitz 2023 / Mindfulness in the Workplace,2024-01-17,0:09:47,0.201,disable,"older programme: Circle library, offline archive, or drop?",
,DECIDE,,,,,,1178766823,Module_1_Internal_Wholeness_and_Self-Other_Unity,Body-Mind Integration,2026-03-31,1:57:57,0.492,nobody,"older programme: Circle library, offline archive, or drop?",
,DECIDE,,,,,,1178767094,Module_2_The_Subtle_Core_of_the_Body_Mind,Body-Mind Integration,2026-03-31,1:59:17,0.527,nobody,"older programme: Circle library, offline archive, or drop?",
,DECIDE,,,,,,1178767345,Module_3_Body_Mind_Space_Qualities_and_Sensory_Refinement,Body-Mind Integration,2026-03-31,1:58:35,0.862,nobody,"older programme: Circle library, offline archive, or drop?",
,DECIDE,,,,,,1178767627,Module_4_Healing_from_Trauma,Body-Mind Integration,2026-03-31,2:02:45,0.605,nobody,"older programme: Circle library, offline archive, or drop?",
,DECIDE,,,,,,826388497,Buddhist Psychology Cert. Session 3,Buddhist Psychology Cert,2023-05-13,1:57:01,0.577,unlisted,"older programme: Circle library, offline archive, or drop?",
,DECIDE,,,,,,828377969,Buddhist Psychology Cert. Session 1,Buddhist Psychology Cert,2023-05-19,1:56:45,0.524,unlisted,"older programme: Circle library, offline archive, or drop?",
,DECIDE,,,,,,829240936,Buddhist Psychology Cert. Session 5,Buddhist Psychology Cert,2023-05-23,1:52:27,0.462,unlisted,"older programme: Circle library, offline archive, or drop?",
,DECIDE,,,,,,832449815,Buddhist Psychology Cert. Session 7,Buddhist Psychology Cert,2023-06-01,1:46:24,0.409,unlisted,"older programme: Circle library, offline archive, or drop?",
,DECIDE,,,,,,836615183,Buddhist Psycholoy Cert Session 9,Buddhist Psychology Cert,2023-06-15,1:25:44,0.295,unlisted,"older programme: Circle library, offline archive, or drop?",
,DECIDE,,,,,,836642272,Buddhist Psychology Cert Session 11,Buddhist Psychology Cert,2023-06-15,1:45:26,0.613,unlisted,"older programme: Circle library, offline archive, or drop?",
,DECIDE,,,,,,836738341,Buddhist Psychology Cert. Session 13,Buddhist Psychology Cert,2023-06-16,1:47:12,0.666,unlisted,"older programme: Circle library, offline archive, or drop?",
,DECIDE,,,,,,836902986,Buddhist Psychology Cert. Session 2,Buddhist Psychology Cert,2023-06-16,1:50:05,0.708,unlisted,"older programme: Circle library, offline archive, or drop?",
,DECIDE,,,,,,836954605,Buddhist Psychology Cert. Session 4,Buddhist Psychology Cert,2023-06-16,1:55:06,0.639,unlisted,"older programme: Circle library, offline archive, or drop?",
,DECIDE,,,,,,837226870,Buddhist Psychology Cert. Session 8,Buddhist Psychology Cert,2023-06-17,1:58:00,0.531,unlisted,"older programme: Circle library, offline archive, or drop?",
,DECIDE,,,,,,837278601,Buddhist Psychology Cert. Session 6,Buddhist Psychology Cert,2023-06-18,1:53:39,0.553,unlisted,"older programme: Circle library, offline archive, or drop?",
,DECIDE,,,,,,837323723,Buddhist Psychology Cert. Session 10,Buddhist Psychology Cert,2023-06-18,1:57:47,0.674,unlisted,"older programme: Circle library, offline archive, or drop?",
,DECIDE,,,,,,837726913,Buddhist Psychology Cert. Session 12,Buddhist Psychology Cert,2023-06-19,1:51:12,0.627,unlisted,"older programme: Circle library, offline archive, or drop?",
,DECIDE,,,,,,838062963,Buddist Psychology Cert- Integration #1,Buddhist Psychology Cert,2023-06-20,0:55:21,0.356,unlisted,"older programme: Circle library, offline archive, or drop?",
,DECIDE,,,,,,838092762,Buddhist Psychology Cert Session 14,Buddhist Psychology Cert,2023-06-20,1:48:38,0.778,unlisted,"older programme: Circle library, offline archive, or drop?",
,DECIDE,,,,,,841665106,Buddhist Psychology Cert Integration #2,Buddhist Psychology Cert,2023-07-02,1:31:22,1.444,unlisted,"older programme: Circle library, offline archive, or drop?",
,DECIDE,,,,,,847606424,Buddhist Psychology Certification Closing Ceremony,Buddhist Psychology Cert,2023-07-22,0:30:43,0.271,unlisted,"older programme: Circle library, offline archive, or drop?",
,DECIDE,,,,,,847610121,Buddhist Psychology Cert Integration #3,Buddhist Psychology Cert,2023-07-22,1:21:01,1.868,unlisted,"older programme: Circle library, offline archive, or drop?",
,DECIDE,,,,,,995778728,CYS - Tantric 8 Limbs (full video),Chalkboard Yoga Studies,2024-08-07,0:42:02,0.547,nobody,"older programme: Circle library, offline archive, or drop?",
,DECIDE,,,,,,1004463377,CYS - Tantric 8 Limbs,Chalkboard Yoga Studies,2024-08-30,0:41:28,0.613,nobody,"older programme: Circle library, offline archive, or drop?",
,DECIDE,,,,,,1004469605,CYS - ṣaḍāṅga yoga - final edit,Chalkboard Yoga Studies,2024-08-30,0:49:56,0.793,nobody,"older programme: Circle library, offline archive, or drop?",
,DECIDE,,,,,,1004478464,CYS - New Shadanga Yoga - Pt 2,Chalkboard Yoga Studies,2024-08-30,0:19:36,0.34,nobody,"older programme: Circle library, offline archive, or drop?",
,DECIDE,,,,,,1004481548,CYS - ṣaḍaṅga yoga - part 1,Chalkboard Yoga Studies,2024-08-30,0:18:40,0.307,nobody,"older programme: Circle library, offline archive, or drop?",
,DECIDE,,,,,,1004484637,CYS - New Shadanga Yoga - Pt 3,Chalkboard Yoga Studies,2024-08-30,0:15:27,0.257,nobody,"older programme: Circle library, offline archive, or drop?",
,DECIDE,,,,,,1004487105,CYS - New Shadanga Yoga - Pt 5,Chalkboard Yoga Studies,2024-08-30,0:14:13,0.242,nobody,"older programme: Circle library, offline archive, or drop?",
,DECIDE,,,,,,1004489467,CYS - Sadanga Yoga Pt 2,Chalkboard Yoga Studies,2024-08-30,0:05:29,0.089,nobody,"older programme: Circle library, offline archive, or drop?",
,DECIDE,,,,,,1004490332,CYS - New Shadanga Yoga - Pt 4,Chalkboard Yoga Studies,2024-08-30,0:05:11,0.087,nobody,"older programme: Circle library, offline archive, or drop?",
,DECIDE,,,,,,1004491121,CYS - Shadanga Yoga - Part 3,Chalkboard Yoga Studies,2024-08-30,0:03:27,0.056,nobody,"older programme: Circle library, offline archive, or drop?",
,DECIDE,,,,,,228007866,CHITHEADS for FORUM - Isa Gucciardi,CHITHEADS - New YouTube Videos,2017-08-02,1:04:22,0.794,anybody,"older programme: Circle library, offline archive, or drop?",
,DECIDE,,,,,,230710114,CHITHEADS for Forum - Jonathan Edelmann,CHITHEADS - New YouTube Videos,2017-08-23,1:11:15,0.762,anybody,"older programme: Circle library, offline archive, or drop?",
,DECIDE,,,,,,230710908,CHITHEADS for Forum - David Vago,CHITHEADS - New YouTube Videos,2017-08-23,1:06:23,0.388,anybody,"older programme: Circle library, offline archive, or drop?",
,DECIDE,,,,,,230711095,CHITHEADS for Forum - JP Sears,CHITHEADS - New YouTube Videos,2017-08-23,0:56:19,0.749,anybody,"older programme: Circle library, offline archive, or drop?",
,DECIDE,,,,,,230711507,CHITHEADS for FORUM - (#50) Isa Gucciardi,CHITHEADS - New YouTube Videos,2017-08-23,1:04:22,0.794,anybody,"older programme: Circle library, offline archive, or drop?",
,DECIDE,,,,,,231235606,CHITHEADS for Forum - Jeffrey Lidke,CHITHEADS - New YouTube Videos,2017-08-27,1:22:11,0.929,anybody,"older programme: Circle library, offline archive, or drop?",
,DECIDE,,,,,,239117834,CHITHEADS for FORUM - Isa & Bob,CHITHEADS - New YouTube Videos,2017-10-20,1:16:47,1.591,password,"older programme: Circle library, offline archive, or drop?",
,DECIDE,,,,,,239500063,CHITHEADS for Forum - Riccardo Manzotti,CHITHEADS - New YouTube Videos,2017-10-23,0:47:10,0.978,anybody,"older programme: Circle library, offline archive, or drop?",
,DECIDE,,,,,,284535436,CHITHEADS for FORUM - Constantina Rhodes,CHITHEADS - New YouTube Videos,2018-08-11,1:12:58,0.796,unlisted,"older programme: Circle library, offline archive, or drop?",
,DECIDE,,,,,,284541376,CHITHEADS for Forum - Dean Radin (#58),CHITHEADS - New YouTube Videos,2018-08-11,0:55:25,0.632,unlisted,"older programme: Circle library, offline archive, or drop?",
,DECIDE,,,,,,375757994,CHITHEADS for FORUM - John Greer,CHITHEADS - New YouTube Videos,2019-11-26,1:16:29,0.676,nobody,"older programme: Circle library, offline archive, or drop?",
,DECIDE,,,,,,375762482,CHITHEADS Video - Julie Brown Yau,CHITHEADS - New YouTube Videos,2019-11-26,0:55:28,0.21,nobody,"older programme: Circle library, offline archive, or drop?",
,DECIDE,,,,,,375763912,CHITHEADS for Forum - Riccardo Manzotti (small),CHITHEADS - New YouTube Videos,2019-11-26,0:47:10,0.527,nobody,"older programme: Circle library, offline archive, or drop?",
,DECIDE,,,,,,375766516,CHITHEADS Video - Christine Caldwell,CHITHEADS - New YouTube Videos,2019-11-26,1:17:40,0.711,nobody,"older programme: Circle library, offline archive, or drop?",
,DECIDE,,,,,,375768402,CHITHEADS for FORUM - David (Davidya) Buckland,CHITHEADS - New YouTube Videos,2019-11-26,1:23:17,0.808,nobody,"older programme: Circle library, offline archive, or drop?",
,DECIDE,,,,,,375770794,CHITHEADS Video - Amit Goswami,CHITHEADS - New YouTube Videos,2019-11-26,1:01:52,0.679,nobody,"older programme: Circle library, offline archive, or drop?",
,DECIDE,,,,,,375774212,CHITHEADS for YouTube - Ekabhumi,CHITHEADS - New YouTube Videos,2019-11-26,1:07:00,0.555,nobody,"older programme: Circle library, offline archive, or drop?",
,DECIDE,,,,,,375776242,CHITHEADS for FORUM - Judith Blackstone,CHITHEADS - New YouTube Videos,2019-11-26,0:49:21,0.514,nobody,"older programme: Circle library, offline archive, or drop?",
,DECIDE,,,,,,375916614,CHITHEADS for FORUM - Ken Rose,CHITHEADS - New YouTube Videos,2019-11-27,1:16:54,0.682,nobody,"older programme: Circle library, offline archive, or drop?",
,DECIDE,,,,,,375923954,CHITHEADS for FORUM - Rae Johnson,CHITHEADS - New YouTube Videos,2019-11-27,1:05:51,0.551,nobody,"older programme: Circle library, offline archive, or drop?",
,DECIDE,,,,,,672391880,CHITHEADS - Radical Theology - John J Thatamanil,CHITHEADS - New YouTube Videos,2022-02-01,1:27:10,1.067,disable,"older programme: Circle library, offline archive, or drop?",
,DECIDE,,,,,,911960553,Lucy Crisfield - Edited for Youtube (JK),CHITHEADS - New YouTube Videos,2024-02-11,1:28:29,2.553,nobody,"older programme: Circle library, offline archive, or drop?",
,DECIDE,,,,,,917966620,CH - Raw Video Intro - Leslie Kaminoff 1,CHITHEADS - New YouTube Videos,2024-02-29,0:10:50,0.446,nobody,"older programme: Circle library, offline archive, or drop?",
,DECIDE,,,,,,917986317,CH - Raw Video Intro - Leslie Kaminoff 2,CHITHEADS - New YouTube Videos,2024-02-29,0:10:48,0.457,nobody,"older programme: Circle library, offline archive, or drop?",
,DECIDE,,,,,,917996087,CH - Raw Video Intro - Leslie Kaminoff 3,CHITHEADS - New YouTube Videos,2024-02-29,0:10:48,0.451,nobody,"older programme: Circle library, offline archive, or drop?",
,DECIDE,,,,,,957297808,CHITHEADS - Radical Theology - John J Thatamanil (New Motion Graphic),CHITHEADS - New YouTube Videos,2024-06-12,1:27:03,1.761,disable,"older programme: Circle library, offline archive, or drop?",
,DECIDE,,,,,,957300022,CHITHEADS Video - Amit Goswami (New Motion Graphic),CHITHEADS - New YouTube Videos,2024-06-12,1:01:57,1.662,disable,"older programme: Circle library, offline archive, or drop?",
,DECIDE,,,,,,1093158863,CHITHEADS 061225,CHITHEADS - New YouTube Videos,2025-06-13,0:37:25,0.501,nobody,"older programme: Circle library, offline archive, or drop?",
,DECIDE,,,,,,918513248,Copy of 38 Jacob Kyle,CHITHEADS - New YouTube Videos / CH - Jacob Kyle (Interv:Kelly B),2024-03-01,0:49:39,0.732,nobody,"older programme: Circle library, offline archive, or drop?",
,DECIDE,,,,,,919547389,CHITHEADS - Jacob Kyle (Power of Meditation Summit) Final Video for Youtube,CHITHEADS - New YouTube Videos / CH - Jacob Kyle (Interv:Kelly B),2024-03-05,1:00:50,1.149,unlisted,"older programme: Circle library, offline archive, or drop?",
,DECIDE,,,,,,919315403,C0036,CHITHEADS - New YouTube Videos / CH - Jason Birch,2024-03-04,0:10:51,0.343,nobody,"older programme: Circle library, offline archive, or drop?",
,DECIDE,,,,,,919324582,C0037,CHITHEADS - New YouTube Videos / CH - Jason Birch,2024-03-04,0:10:48,0.341,nobody,"older programme: Circle library, offline archive, or drop?",
,DECIDE,,,,,,919332102,C0038,CHITHEADS - New YouTube Videos / CH - Jason Birch,2024-03-04,0:10:48,0.33,nobody,"older programme: Circle library, offline archive, or drop?",
,DECIDE,,,,,,919340030,C0039,CHITHEADS - New YouTube Videos / CH - Jason Birch,2024-03-04,0:10:48,0.331,nobody,"older programme: Circle library, offline archive, or drop?",
,DECIDE,,,,,,919346981,C0040,CHITHEADS - New YouTube Videos / CH - Jason Birch,2024-03-04,0:10:48,0.329,nobody,"older programme: Circle library, offline archive, or drop?",
,DECIDE,,,,,,919353765,C0041,CHITHEADS - New YouTube Videos / CH - Jason Birch,2024-03-04,0:10:48,0.331,nobody,"older programme: Circle library, offline archive, or drop?",
,DECIDE,,,,,,919360713,C0042,CHITHEADS - New YouTube Videos / CH - Jason Birch,2024-03-04,0:10:48,0.327,nobody,"older programme: Circle library, offline archive, or drop?",
,DECIDE,,,,,,919366475,C0043,CHITHEADS - New YouTube Videos / CH - Jason Birch,2024-03-04,0:10:48,0.315,nobody,"older programme: Circle library, offline archive, or drop?",
,DECIDE,,,,,,919376444,C0044,CHITHEADS - New YouTube Videos / CH - Jason Birch,2024-03-05,0:10:48,0.315,nobody,"older programme: Circle library, offline archive, or drop?",
,DECIDE,,,,,,919382476,C0045,CHITHEADS - New YouTube Videos / CH - Jason Birch,2024-03-05,0:07:31,0.216,nobody,"older programme: Circle library, offline archive, or drop?",
,DECIDE,,,,,,919386425,CH - Jason Birch (Wide Angle),CHITHEADS - New YouTube Videos / CH - Jason Birch,2024-03-05,1:44:06,3.63,nobody,"older programme: Circle library, offline archive, or drop?",
,DECIDE,,,,,,935645527,20240314_112435,CHITHEADS - New YouTube Videos / CH - Jason Birch,2024-04-16,0:02:38,0.098,nobody,"older programme: Circle library, offline archive, or drop?",
,DECIDE,,,,,,942062423,CH - Jason Birch - Jacob 1_1,CHITHEADS - New YouTube Videos / CH - Jason Birch,2024-05-02,1:44:46,2.749,nobody,"older programme: Circle library, offline archive, or drop?",
,DECIDE,,,,,,918509754,riverside_jacob_kyle_raw-video-cfr_chitheads_- shambha_0002,CHITHEADS - New YouTube Videos / CH - Shambhavi Sarasvati 2024,2024-03-01,1:06:01,0.909,unlisted,"older programme: Circle library, offline archive, or drop?",
,DECIDE,,,,,,918511570,riverside_shambhavi_sarasvati_raw-video-cfr_chitheads_- shambha_0001,CHITHEADS - New YouTube Videos / CH - Shambhavi Sarasvati 2024,2024-03-01,1:06:00,0.965,unlisted,"older programme: Circle library, offline archive, or drop?",
,DECIDE,,,,,,945904099,#16_Chitheads_Shambhavi Sarasvati_V1,CHITHEADS - New YouTube Videos / CH - Shambhavi Sarasvati 2024,2024-05-13,0:56:36,1.463,nobody,"older programme: Circle library, offline archive, or drop?",
,DECIDE,,,,,,919540262,CH - Youtube Intro VideoTrailer,CHITHEADS - New YouTube Videos / CH - Video Intro to the Podcast,2024-03-05,0:10:21,0.422,nobody,"older programme: Circle library, offline archive, or drop?",
,DECIDE,,,,,,783170358,Cultural Appropriation: Module 1 Part 1,Cultural appropriation,2022-12-21,0:35:42,0.123,disable,"older programme: Circle library, offline archive, or drop?",
,DECIDE,,,,,,783175232,Cultural Appropriation: Module 1 Part 2,Cultural appropriation,2022-12-21,0:28:39,0.093,disable,"older programme: Circle library, offline archive, or drop?",
,DECIDE,,,,,,783178238,Cultural Appropriation: Module 1 Part 3,Cultural appropriation,2022-12-21,0:24:54,0.085,disable,"older programme: Circle library, offline archive, or drop?",
,DECIDE,,,,,,783224714,Cultural Appropriation: Module 2 Part 1,Cultural appropriation,2022-12-21,0:24:37,0.088,disable,"older programme: Circle library, offline archive, or drop?",
,DECIDE,,,,,,783235075,Cultural Appropriation: Module 2 Part 2,Cultural appropriation,2022-12-21,0:29:30,0.098,disable,"older programme: Circle library, offline archive, or drop?",
,DECIDE,,,,,,783242363,Cultural Appropriation: Module 2 Part 3,Cultural appropriation,2022-12-21,0:34:35,0.099,disable,"older programme: Circle library, offline archive, or drop?",
,DECIDE,,,,,,783273430,Cultural Appropriation: Module 3 Part 1,Cultural appropriation,2022-12-21,0:18:34,0.054,disable,"older programme: Circle library, offline archive, or drop?",
,DECIDE,,,,,,783281762,Cultural Appropriation: Module 3 Part 2,Cultural appropriation,2022-12-21,0:39:30,0.115,disable,"older programme: Circle library, offline archive, or drop?",
,DECIDE,,,,,,783325798,Cultural Appropriation: Module 3 Part 3,Cultural appropriation,2022-12-21,0:27:11,0.078,disable,"older programme: Circle library, offline archive, or drop?",
,DECIDE,,,,,,783342507,Cultural Appropriation: Module 4 Part 1,Cultural appropriation,2022-12-21,0:27:59,0.079,disable,"older programme: Circle library, offline archive, or drop?",
,DECIDE,,,,,,783348784,Cultural Appropriation: Module 4 Part 2,Cultural appropriation,2022-12-21,0:29:46,0.08,disable,"older programme: Circle library, offline archive, or drop?",
,DECIDE,,,,,,783355270,Cultural Appropriation: Module 4 Part 3,Cultural appropriation,2022-12-21,0:27:14,0.074,disable,"older programme: Circle library, offline archive, or drop?",
,DECIDE,,,,,,1182381467,Q_A_The_Spectrum_and_Context_of_Cultural_Appropriation,Cultural appropriation,2026-04-12,1:56:31,0.779,nobody,"older programme: Circle library, offline archive, or drop?",
,DECIDE,,,,,,1014549708,Deity Module 1: Devotion,Deity: A Path to Liberation,2024-09-30,1:49:46,1.242,disable,"older programme: Circle library, offline archive, or drop?",
,DECIDE,,,,,,1014551358,Deity Module 2: Ritual,Deity: A Path to Liberation,2024-09-30,1:48:43,1.143,disable,"older programme: Circle library, offline archive, or drop?",
,DECIDE,,,,,,1014551781,Deity Module 3: Sound,Deity: A Path to Liberation,2024-09-30,1:48:36,1.613,disable,"older programme: Circle library, offline archive, or drop?",
,DECIDE,,,,,,1014553325,Deity Module 4: Wisdom,Deity: A Path to Liberation,2024-09-30,1:52:53,1.443,disable,"older programme: Circle library, offline archive, or drop?",
,DECIDE,,,,,,758962576,Gabriel Halpern: Grounding and Awakening,Dharma and Hatha - Halpern,2022-10-11,0:57:33,0.452,nobody,"older programme: Circle library, offline archive, or drop?","This practice relates the essence of yoga, as described by the Sutras, to a strong physical practice that addresses the vagus nerve, which controls the parasympathetic nervous system. As you practice, Gabriel also discusses Kundalini, the “spiritual gasoline” that’s said to reside in the base of your spine. When one is awakening the spiritual energies of the body, grounding work with long-held standing and seated poses becomes particularly important for balance."
,DECIDE,,,,,,769263297,Gabriel Halpern: The Four Basic Movements of the Spine,Dharma and Hatha - Halpern,2022-11-10,0:20:17,0.159,nobody,"older programme: Circle library, offline archive, or drop?","In this practice, Gabriel relates the four movements of the spine, with their physical and energetic effects, to the four varnas, the divisions of society, as mentioned in classical yoga texts. As yoga practitioners, we are called to embody, not only spinal movements, but the different varnas, within ourselves, and ultimately awaken our warrior-like and priestly or wise aspects."
,DECIDE,,,,,,778136798,Gabriel Halpern: Twists,Dharma and Hatha - Halpern,2022-12-05,0:28:28,0.207,nobody,"older programme: Circle library, offline archive, or drop?","When our minds are calm, we have more space to introspect, reflect, and mull over the nature of reality and the Self, as the Sutras tell us. Through exploring the spiraling energy of the spine in different variations of standing, seating, and supine twists, as well as the relationship between the body and gravity, we work in this practice to move from a more rajasic energy, to more sattvic."
,DECIDE,,,,,,792354187,Gabriel Halpern: The Levels of Embodied Knowledge,Dharma and Hatha - Halpern,2023-01-24,0:48:21,0.396,nobody,"older programme: Circle library, offline archive, or drop?","In any kind of learning, and particularly embodied learning, one moves from incompetence and the beginner’s ignorance, to increasingly internalized levels of knowledge, in which that knowledge becomes more and more a part of oneself. This strong hatha practice incorporates seated poses, standing poses, and inversions, and focuses on exploring different variations in the poses, and breaking them down into different stages to more fully explore their elements and actions."
,DECIDE,,,,,,794976618,Gabriel Halpern - Padmasana,Dharma and Hatha - Halpern,2023-02-01,0:23:30,0.157,nobody,"older programme: Circle library, offline archive, or drop?","Gabriel relates Padmasana, lotus pose, to the yogic idea of the five koshas, the five sheaths of the Self or soul, which progress from the physical to the increasingly subtle. This practice contains several prep poses for lotus pose which involve strong external rotation of the hips, such as half lotus, and half pigeon. You can practice this as a 20-minute practice, or, lengthen out the holds in each pose by pausing the video, to make it more yin-like."
,DECIDE,,,,,,1178626915,Module_1_Orienting_our_Compass_and_Mapping_the_Territory,Embodied Activism,2026-03-30,1:55:58,0.723,nobody,"older programme: Circle library, offline archive, or drop?",
,DECIDE,,,,,,1178627082,Module_2_Navigating_Challenging_Terrain_and_Exploring_Neglected_Corners,Embodied Activism,2026-03-30,2:01:26,0.801,nobody,"older programme: Circle library, offline archive, or drop?",
,DECIDE,,,,,,1178627240,Module_3_The_Small_Huge_Journey_of_Embodied_Micro-activism,Embodied Activism,2026-03-30,2:01:39,0.581,nobody,"older programme: Circle library, offline archive, or drop?",
,DECIDE,,,,,,1178627349,Module_4_Road_Trips_in_Embodied_Macro-activism,Embodied Activism,2026-03-30,1:59:57,1.026,nobody,"older programme: Circle library, offline archive, or drop?",
,DECIDE,,,,,,528627505,Embodied Antiracism Seminar -  (Video),Embodied Antiracism,2021-03-25,1:35:51,0.853,disable,"older programme: Circle library, offline archive, or drop?",
,DECIDE,,,,,,534220471,Embodied Antiracism 1,Embodied Antiracism,2021-04-07,1:41:39,1.159,disable,"older programme: Circle library, offline archive, or drop?",
,DECIDE,,,,,,534257826,Embodied Antiracism - Module 1 (video),Embodied Antiracism,2021-04-08,1:41:39,1.152,disable,"older programme: Circle library, offline archive, or drop?",This video is about My Movie
,DECIDE,,,,,,537047540,Embodied Antiracism - Module 2 (Video),Embodied Antiracism,2021-04-15,1:31:05,1.022,disable,"older programme: Circle library, offline archive, or drop?",This video is about My Movie
,DECIDE,,,,,,540193103,Embodied Antiracism - Module 3 (Video),Embodied Antiracism,2021-04-22,1:36:29,0.776,disable,"older programme: Circle library, offline archive, or drop?",
,DECIDE,,,,,,542979458,Embodied Antiracism - Module 4 (Video),Embodied Antiracism,2021-04-29,1:41:44,1.214,disable,"older programme: Circle library, offline archive, or drop?",This video is about My Movie
,DECIDE,,,,,,545709850,Embodied Antiracism - Module 5 (Video),Embodied Antiracism,2021-05-05,1:39:40,0.972,disable,"older programme: Circle library, offline archive, or drop?",This video is about My Movie 1
,DECIDE,,,,,,548760282,Embodied Antiracism - Module 6 (Video),Embodied Antiracism,2021-05-13,1:44:51,1.121,disable,"older programme: Circle library, offline archive, or drop?",This video is about Embodied Antiracism - Module 6 (Video)
,DECIDE,,,,,,1178190214,Neuroplasticity_and_Mystical-Nondual_Experiences,Embodied Brain,2026-03-29,1:04:48,0.262,nobody,"older programme: Circle library, offline archive, or drop?",
,DECIDE,,,,,,1178190268,Nonduality_In_Light_Of_Neuroscience,Embodied Brain,2026-03-29,0:47:26,0.175,nobody,"older programme: Circle library, offline archive, or drop?",
,DECIDE,,,,,,1178190324,On_the_Polyvagal_Theory,Embodied Brain,2026-03-29,1:16:17,0.925,nobody,"older programme: Circle library, offline archive, or drop?",
,DECIDE,,,,,,1178190475,The_Brain_on_Stress_Epigenetic_Influences_on_Brain_and_Body,Embodied Brain,2026-03-29,1:02:49,0.228,nobody,"older programme: Circle library, offline archive, or drop?",
,DECIDE,,,,,,1178190541,The_Craving_Mind_How_Mindfulness_Changes_the_Brain,Embodied Brain,2026-03-29,0:52:11,0.176,nobody,"older programme: Circle library, offline archive, or drop?",
,DECIDE,,,,,,1178190625,The_Mystic_s_Brain_The_Biology_of_Contemplative_Practice,Embodied Brain,2026-03-29,1:25:41,0.405,nobody,"older programme: Circle library, offline archive, or drop?",
,DECIDE,,,,,,1178190804,The_New_Mind-Body_Research_the_Yogic_Science_of_Integration_Part_1,Embodied Brain,2026-03-29,1:26:38,0.457,nobody,"older programme: Circle library, offline archive, or drop?",
,DECIDE,,,,,,1178190981,The_New_Mind-Body_Research_the_Yogic_Science_of_Integration_Part_2,Embodied Brain,2026-03-29,1:09:40,0.213,nobody,"older programme: Circle library, offline archive, or drop?",
,DECIDE,,,,,,1178191052,Towards_a_Science_of_Embodied_Mind,Embodied Brain,2026-03-29,1:09:32,0.288,nobody,"older programme: Circle library, offline archive, or drop?",
,DECIDE,,,,,,1178191139,Yoga_and_the_Science_of_Not_Reacting,Embodied Brain,2026-03-29,0:19:11,0.073,nobody,"older programme: Circle library, offline archive, or drop?",
,DECIDE,,,,,,873171132,Module 1.1: Introduction to Embodied Yoga Therapy,Embodied Yoga Therapy,2023-10-11,0:49:56,0.365,disable,"older programme: Circle library, offline archive, or drop?",
,DECIDE,,,,,,873937797,Visionary Experience Module 1.2,Embodied Yoga Therapy,2023-10-13,0:24:28,0.318,nobody,"older programme: Circle library, offline archive, or drop?",
,DECIDE,,,,,,874405425,Intro. to Embodied Yoga Therapy Module 1.2,Embodied Yoga Therapy,2023-10-14,0:30:13,0.787,nobody,"older programme: Circle library, offline archive, or drop?",
,DECIDE,,,,,,874606737,Orientation: Embodied Yoga Therapy Certificate Program,Embodied Yoga Therapy,2023-10-15,0:35:53,0.259,disable,"older programme: Circle library, offline archive, or drop?",
,DECIDE,,,,,,875006033,Module 2.1: History of Modern Yoga,Embodied Yoga Therapy,2023-10-17,0:51:46,0.237,disable,"older programme: Circle library, offline archive, or drop?",
,DECIDE,,,,,,875436553,Module 2.2: History of Modern Yoga,Embodied Yoga Therapy,2023-10-18,0:39:43,0.252,disable,"older programme: Circle library, offline archive, or drop?",
,DECIDE,,,,,,876750192,EYT: Clinical Yoga Therapy Module 1.1,Embodied Yoga Therapy,2023-10-21,0:57:24,0.385,nobody,"older programme: Circle library, offline archive, or drop?",
,DECIDE,,,,,,876951017,Module 4.1 Intro to Clinical Yoga Therapy 2,Embodied Yoga Therapy,2023-10-23,0:57:32,0.315,disable,"older programme: Circle library, offline archive, or drop?",
,DECIDE,,,,,,876953963,Module 4.2: Intro to Clinical Yoga Therapy 2,Embodied Yoga Therapy,2023-10-23,0:52:31,0.509,disable,"older programme: Circle library, offline archive, or drop?",
,DECIDE,,,,,,879073253,Anatomy and Physiology 1.1,Embodied Yoga Therapy,2023-10-29,0:53:17,0.311,nobody,"older programme: Circle library, offline archive, or drop?",
,DECIDE,,,,,,879138805,Anatomy and Physiology 1.2,Embodied Yoga Therapy,2023-10-29,0:48:13,0.453,nobody,"older programme: Circle library, offline archive, or drop?",
,DECIDE,,,,,,880377733,breath anatomy amplified 2.1,Embodied Yoga Therapy,2023-11-02,0:51:54,0.298,nobody,"older programme: Circle library, offline archive, or drop?",
,DECIDE,,,,,,880385615,Anatomy & Phisiology Part 2.2: Breath Anatomy Amplified,Embodied Yoga Therapy,2023-11-02,0:46:18,0.285,disable,"older programme: Circle library, offline archive, or drop?",
,DECIDE,,,,,,881084028,Perspectives on Trauma in Yoga Therapy 1,Embodied Yoga Therapy,2023-11-04,0:55:52,0.368,nobody,"older programme: Circle library, offline archive, or drop?",
,DECIDE,,,,,,881226256,Perspectives on Trauma in Yoga Therapy Part 2,Embodied Yoga Therapy,2023-11-04,0:40:05,0.277,nobody,"older programme: Circle library, offline archive, or drop?",
,DECIDE,,,,,,881339673,Embodied Yoga Therapy Integration Session 1,Embodied Yoga Therapy,2023-11-05,1:10:19,0.729,nobody,"older programme: Circle library, offline archive, or drop?",
,DECIDE,,,,,,882338601,Module 8.1: Contemplative Psychotherapy,Embodied Yoga Therapy,2023-11-08,0:52:09,0.373,disable,"older programme: Circle library, offline archive, or drop?",
,DECIDE,,,,,,882521166,Module 8.2: Contemplative Psychotherapy,Embodied Yoga Therapy,2023-11-08,0:45:23,0.481,disable,"older programme: Circle library, offline archive, or drop?",
,DECIDE,,,,,,883766003,M9: Yoga and Skeletal Uniqueness Part 1.1,Embodied Yoga Therapy,2023-11-12,0:57:38,0.39,nobody,"older programme: Circle library, offline archive, or drop?",
,DECIDE,,,,,,883788576,M9: Skeletal Uniqueness 2,Embodied Yoga Therapy,2023-11-12,0:49:48,0.595,nobody,"older programme: Circle library, offline archive, or drop?",
,DECIDE,,,,,,885011864,Module 10.1: Yoga and Modern Medicine Part 1,Embodied Yoga Therapy,2023-11-15,1:06:05,0.4,disable,"older programme: Circle library, offline archive, or drop?",
,DECIDE,,,,,,885199776,Module 10.2: Yoga and Modern Medicine Part 2,Embodied Yoga Therapy,2023-11-16,0:43:37,0.579,disable,"older programme: Circle library, offline archive, or drop?",
,DECIDE,,,,,,857604554,EYT Meet the Faculty,Embodied Yoga Therapy / Meet the Faculty Compilation,2023-08-24,0:04:13,0.103,disable,"older programme: Circle library, offline archive, or drop?",082423
,DECIDE,,,,,,874176832,Module 1.1 Intro. to Embodied Yoga Therapy,Embodied Yoga Therapy / Recordings of Live Sessions,2023-10-13,1:05:45,0.55,nobody,"older programme: Circle library, offline archive, or drop?",
,DECIDE,,,,,,1101640069,Emotional Alchemy - Module 3 Emotions_ The Alchemy of Witnessing,Emotional Alchemy,2025-07-15,1:46:29,0.673,nobody,"older programme: Circle library, offline archive, or drop?",
,DECIDE,,,,,,1101642843,Emotional Alchemy - Module 1 Emotions_ Demystifying the Science and the Experience,Emotional Alchemy,2025-07-15,1:05:44,0.312,nobody,"older programme: Circle library, offline archive, or drop?",
,DECIDE,,,,,,1101644022,"Emotional Alchemy - Module 2 Emotions_ Unpacking Trauma, Resilience and Evolution",Emotional Alchemy,2025-07-15,1:37:22,0.454,nobody,"older programme: Circle library, offline archive, or drop?",
,DECIDE,,,,,,228856254,Buddhist Psychology & Contemplative Psychotherapy - Module 1,EP_Courses,2017-08-08,2:02:56,1.314,unlisted,"older programme: Circle library, offline archive, or drop?",
,DECIDE,,,,,,228917486,Buddhist Psychology & Contemplative Psychotherapy - Module 2,EP_Courses,2017-08-09,2:02:14,1.185,unlisted,"older programme: Circle library, offline archive, or drop?",
,DECIDE,,,,,,229806188,Buddhist Psychology & Contemplative Psychotherapy - Module 3,EP_Courses,2017-08-16,2:00:48,1.298,unlisted,"older programme: Circle library, offline archive, or drop?",
,DECIDE,,,,,,322075075,Psychedelic Integration - Module 1,EP_Courses,2019-03-07,2:01:11,2.68,unlisted,"older programme: Circle library, offline archive, or drop?",
,DECIDE,,,,,,326989231,Psychedelic Integration - Module 4,EP_Courses,2019-03-28,1:41:49,0.942,unlisted,"older programme: Circle library, offline archive, or drop?",
,DECIDE,,,,,,345253254,"Oppression, Privilege and Spiritual Practice - Module 1",EP_Courses,2019-06-30,2:00:54,0.562,unlisted,"older programme: Circle library, offline archive, or drop?",
,DECIDE,,,,,,346638922,"Oppression, Privilege and Spiritual Practice - Module 2",EP_Courses,2019-07-07,1:48:50,0.755,unlisted,"older programme: Circle library, offline archive, or drop?",
,DECIDE,,,,,,350589924,"Oppression, Privilege and Spiritual Practice - Module 5",EP_Courses,2019-07-28,1:44:58,0.808,unlisted,"older programme: Circle library, offline archive, or drop?",
,DECIDE,,,,,,360684275,Intro to MindBody Therapy - Module 2,EP_Courses,2019-09-18,1:51:46,0.468,unlisted,"older programme: Circle library, offline archive, or drop?",
,DECIDE,,,,,,360704322,Intro to MindBody Therapy - Module 1,EP_Courses,2019-09-18,1:59:32,0.479,disable,"older programme: Circle library, offline archive, or drop?",
,DECIDE,,,,,,363982047,Intro to MindBody Therapy - Module 3,EP_Courses,2019-10-03,1:55:36,0.668,unlisted,"older programme: Circle library, offline archive, or drop?",
,DECIDE,,,,,,367732572,The Sanskrit Seminar - Module 2,EP_Courses,2019-10-21,1:56:03,0.323,disable,"older programme: Circle library, offline archive, or drop?",
,DECIDE,,,,,,369695325,Embodied Leadership -  Module 1,EP_Courses,2019-10-29,1:55:41,1.022,unlisted,"older programme: Circle library, offline archive, or drop?",
,DECIDE,,,,,,370372790,Psychedelic Integration - Module 3,EP_Courses,2019-11-01,1:58:41,0.61,unlisted,"older programme: Circle library, offline archive, or drop?",
,DECIDE,,,,,,370435793,Psychedelic Integration - Module 5,EP_Courses,2019-11-02,1:43:15,0.333,unlisted,"older programme: Circle library, offline archive, or drop?",
,DECIDE,,,,,,370439202,Psychedelic Integration - Module 2,EP_Courses,2019-11-02,1:57:33,0.525,unlisted,"older programme: Circle library, offline archive, or drop?",
,DECIDE,,,,,,370442338,Psychedelic Integration - Module 6,EP_Courses,2019-11-02,1:50:38,0.543,unlisted,"older programme: Circle library, offline archive, or drop?",
,DECIDE,,,,,,371050764,Embodied Leadership - Module 2,EP_Courses,2019-11-05,2:01:20,0.909,unlisted,"older programme: Circle library, offline archive, or drop?",
,DECIDE,,,,,,372268454,The Sanskrit Seminar - Module 3,EP_Courses,2019-11-11,1:56:40,0.321,disable,"older programme: Circle library, offline archive, or drop?",
,DECIDE,,,,,,372532683,Embodied Leadership -  Module 3,EP_Courses,2019-11-12,2:00:42,0.804,unlisted,"older programme: Circle library, offline archive, or drop?",
,DECIDE,,,,,,374072885,Embodied Leadership - Module 4,EP_Courses,2019-11-19,1:59:57,0.81,unlisted,"older programme: Circle library, offline archive, or drop?",
,DECIDE,,,,,,374726139,Foundations of Tantra - Module 1,EP_Courses,2019-11-21,1:48:54,1.236,unlisted,"older programme: Circle library, offline archive, or drop?",
,DECIDE,,,,,,376713872,The Sanskrit Seminar - Module 4,EP_Courses,2019-12-02,1:46:27,0.318,disable,"older programme: Circle library, offline archive, or drop?",
,DECIDE,,,,,,376970168,Embodied Leadership - Module 5,EP_Courses,2019-12-03,2:05:41,0.625,unlisted,"older programme: Circle library, offline archive, or drop?",
,DECIDE,,,,,,377591272,Foundations of Tantra - Module 2,EP_Courses,2019-12-05,2:01:44,0.655,unlisted,"older programme: Circle library, offline archive, or drop?",
,DECIDE,,,,,,378538542,Embodied Leadership - Module 6,EP_Courses,2019-12-10,1:57:38,0.497,unlisted,"older programme: Circle library, offline archive, or drop?",
,DECIDE,,,,,,379126212,Foundations of Tantra - Module 3,EP_Courses,2019-12-12,2:25:10,1.044,unlisted,"older programme: Circle library, offline archive, or drop?",
,DECIDE,,,,,,380542284,Foundations of Tantra - Module 4,EP_Courses,2019-12-19,2:34:20,0.928,unlisted,"older programme: Circle library, offline archive, or drop?",
,DECIDE,,,,,,384430223,The Sanskrit Seminar - Module 5,EP_Courses,2020-01-13,1:52:30,0.34,disable,"older programme: Circle library, offline archive, or drop?",
,DECIDE,,,,,,390378510,The Sanskrit Seminar - Module 6,EP_Courses,2020-02-10,1:53:34,0.329,disable,"older programme: Circle library, offline archive, or drop?",
,DECIDE,,,,,,392278734,Ancient Wisdom for Elemental Healing - Module 1,EP_Courses,2020-02-18,1:51:11,0.591,disable,"older programme: Circle library, offline archive, or drop?",
,DECIDE,,,,,,393746294,Ancient Wisdom for Elemental Healing - Module 2,EP_Courses,2020-02-25,1:57:45,0.673,disable,"older programme: Circle library, offline archive, or drop?",
,DECIDE,,,,,,394368332,Inner Child Work - Module 1,EP_Courses,2020-02-28,1:55:42,0.578,unlisted,"older programme: Circle library, offline archive, or drop?",
,DECIDE,,,,,,394502338,Nonduality: Discovering Wholeness - Module 2,EP_Courses,2020-02-28,2:12:42,0.234,unlisted,"older programme: Circle library, offline archive, or drop?",
,DECIDE,,,,,,395091708,Ancient Wisdom for Elemental Healing - Module 3,EP_Courses,2020-03-03,1:54:23,0.56,disable,"older programme: Circle library, offline archive, or drop?",
,DECIDE,,,,,,395955764,Inner Child Work - Module 2,EP_Courses,2020-03-06,1:58:38,0.62,unlisted,"older programme: Circle library, offline archive, or drop?",
,DECIDE,,,,,,396055489,Nonduality: Discovering Wholeness - Module 3,EP_Courses,2020-03-06,2:21:37,0.249,unlisted,"older programme: Circle library, offline archive, or drop?",
,DECIDE,,,,,,396346835,The Sanskrit Seminar - Module 7,EP_Courses,2020-03-09,1:48:52,0.311,disable,"older programme: Circle library, offline archive, or drop?",
,DECIDE,,,,,,396724585,Ancient Wisdom for Elemental Healing - Module 4,EP_Courses,2020-03-10,1:53:26,0.777,disable,"older programme: Circle library, offline archive, or drop?",
,DECIDE,,,,,,397503605,Inner Child Work - Module 3,EP_Courses,2020-03-13,2:05:11,0.722,unlisted,"older programme: Circle library, offline archive, or drop?",
,DECIDE,,,,,,399249639,Inner Child Work - Module 4,EP_Courses,2020-03-20,1:59:08,0.772,disable,"older programme: Circle library, offline archive, or drop?",
,DECIDE,,,,,,401151438,I Am That - Module 1,EP_Courses,2020-03-26,1:55:17,0.423,unlisted,"older programme: Circle library, offline archive, or drop?",
,DECIDE,,,,,,401152422,I Am That -  Module 2,EP_Courses,2020-03-26,1:56:24,0.539,unlisted,"older programme: Circle library, offline archive, or drop?",
,DECIDE,,,,,,401153906,I Am That - Module 3,EP_Courses,2020-03-26,1:55:55,0.69,unlisted,"older programme: Circle library, offline archive, or drop?",
,DECIDE,,,,,,401155744,I Am That - Module 4,EP_Courses,2020-03-26,1:50:55,0.489,unlisted,"older programme: Circle library, offline archive, or drop?",
,DECIDE,,,,,,401161159,Advanced Kundalini Pranayamas - Module 1,EP_Courses,2020-03-26,1:51:16,0.469,unlisted,"older programme: Circle library, offline archive, or drop?",
,DECIDE,,,,,,401162497,Advanced Kundalini Pranayamas - Module 2,EP_Courses,2020-03-26,1:58:28,0.576,unlisted,"older programme: Circle library, offline archive, or drop?",
,DECIDE,,,,,,401176970,Advanced Kundalini Pranayamas - Module 3,EP_Courses,2020-03-27,2:06:51,0.642,unlisted,"older programme: Circle library, offline archive, or drop?",
,DECIDE,,,,,,401178504,Advanced Kundalini Pranayamas - Module 4,EP_Courses,2020-03-27,2:03:10,0.576,unlisted,"older programme: Circle library, offline archive, or drop?",
,DECIDE,,,,,,401179922,Lakshmi: Four Paths to Abundance - Module 1,EP_Courses,2020-03-27,1:47:20,1.075,unlisted,"older programme: Circle library, offline archive, or drop?",
,DECIDE,,,,,,401182721,Lakshmi: Four Paths to Abundance - Module 2,EP_Courses,2020-03-27,1:58:50,1.101,unlisted,"older programme: Circle library, offline archive, or drop?",
,DECIDE,,,,,,401188744,Lakshmi: Four Paths to Abundance - Module 3,EP_Courses,2020-03-27,1:59:56,1.077,unlisted,"older programme: Circle library, offline archive, or drop?",
,DECIDE,,,,,,401191639,Lakshmi: Four Paths to Abundance - Module 4,EP_Courses,2020-03-27,1:53:23,1.008,unlisted,"older programme: Circle library, offline archive, or drop?",
,DECIDE,,,,,,401351185,Light in the Shadow- Module 1,EP_Courses,2020-03-27,1:54:25,0.928,unlisted,"older programme: Circle library, offline archive, or drop?",
,DECIDE,,,,,,401354151,Light in the Shadow - Module 2,EP_Courses,2020-03-27,1:58:50,1.074,unlisted,"older programme: Circle library, offline archive, or drop?",
,DECIDE,,,,,,401357838,Light in the Shadow - Module 3,EP_Courses,2020-03-27,1:55:53,0.773,unlisted,"older programme: Circle library, offline archive, or drop?",
,DECIDE,,,,,,401367936,Light in the Shadow - Module 4,EP_Courses,2020-03-27,1:57:07,0.956,unlisted,"older programme: Circle library, offline archive, or drop?",
,DECIDE,,,,,,401514156,Navarathri: An Inner Path to Shakti's Realm - Module1,EP_Courses,2020-03-27,1:54:14,0.625,unlisted,"older programme: Circle library, offline archive, or drop?",
,DECIDE,,,,,,401515548,Navarathri: An Inner Path to Shakti's Realm - Module 2,EP_Courses,2020-03-27,1:45:05,0.996,unlisted,"older programme: Circle library, offline archive, or drop?",
,DECIDE,,,,,,401517970,Navarathri: An Inner Path to Shakti's Realm - Module 3,EP_Courses,2020-03-27,2:11:12,1.051,unlisted,"older programme: Circle library, offline archive, or drop?",
,DECIDE,,,,,,401521862,Navarathri: An Inner Path to Shakti's Realm - Module 4,EP_Courses,2020-03-27,2:23:27,0.798,unlisted,"older programme: Circle library, offline archive, or drop?",
,DECIDE,,,,,,401559076,Nonduality: Discovering Wholeness - Module 1,EP_Courses,2020-03-28,1:59:25,0.46,unlisted,"older programme: Circle library, offline archive, or drop?",
,DECIDE,,,,,,401559710,"Module #2: Spiritual Cultivation: Yoga, Dharma, and Īśvara",EP_Courses,2020-03-28,2:12:42,0.364,unlisted,"older programme: Circle library, offline archive, or drop?",
,DECIDE,,,,,,401560149,Module 3: Embodied Metaphysics and Pure Consciousness,EP_Courses,2020-03-28,2:21:37,0.387,unlisted,"older programme: Circle library, offline archive, or drop?",
,DECIDE,,,,,,401560772,Nonduality: Discovering Wholeness - Module 4,EP_Courses,2020-03-28,2:32:42,0.426,unlisted,"older programme: Circle library, offline archive, or drop?",
,DECIDE,,,,,,401780011,Embodying Social Justice - Module 1,EP_Courses,2020-03-29,1:52:22,0.75,unlisted,"older programme: Circle library, offline archive, or drop?",
,DECIDE,,,,,,401780443,Embodying Social Justice - Module 3,EP_Courses,2020-03-29,1:36:13,0.424,unlisted,"older programme: Circle library, offline archive, or drop?",
,DECIDE,,,,,,401780715,Embodying Social Justice - Module 2,EP_Courses,2020-03-29,2:04:54,0.487,unlisted,"older programme: Circle library, offline archive, or drop?",
,DECIDE,,,,,,401782150,Embodying Social Justice - Module 4,EP_Courses,2020-03-29,2:03:10,0.467,unlisted,"older programme: Circle library, offline archive, or drop?",
,DECIDE,,,,,,401873121,Attachment Theory - Module 6,EP_Courses,2020-03-29,1:59:29,0.35,unlisted,"older programme: Circle library, offline archive, or drop?",
,DECIDE,,,,,,401874562,Attachment Theory - Module 4,EP_Courses,2020-03-29,1:55:56,0.373,unlisted,"older programme: Circle library, offline archive, or drop?",
,DECIDE,,,,,,401876539,Attachment Theory - Module 3,EP_Courses,2020-03-29,1:55:46,0.421,unlisted,"older programme: Circle library, offline archive, or drop?",
,DECIDE,,,,,,401881427,Attachment Theory - Module 2,EP_Courses,2020-03-29,1:58:08,0.497,unlisted,"older programme: Circle library, offline archive, or drop?",
,DECIDE,,,,,,401882452,Attachment Theory - Module 1,EP_Courses,2020-03-29,1:52:57,0.494,unlisted,"older programme: Circle library, offline archive, or drop?",
,DECIDE,,,,,,401903599,Attachment Theory - Module 5,EP_Courses,2020-03-29,2:04:35,0.338,unlisted,"older programme: Circle library, offline archive, or drop?",
,DECIDE,,,,,,403049029,The Vedas: Exploring The Source of Yoga - Module 1,EP_Courses,2020-04-01,1:11:08,0.401,unlisted,"older programme: Circle library, offline archive, or drop?",
,DECIDE,,,,,,403053547,The Vedas: Exploring The Source of Yoga - Module 2,EP_Courses,2020-04-01,1:20:00,0.446,unlisted,"older programme: Circle library, offline archive, or drop?",
,DECIDE,,,,,,403059504,The Vedas: Exploring The Source of Yoga - Module 3,EP_Courses,2020-04-01,1:29:42,0.45,unlisted,"older programme: Circle library, offline archive, or drop?",
,DECIDE,,,,,,403065819,The Vedas: Exploring The Source of Yoga - Module 4,EP_Courses,2020-04-01,1:20:05,0.478,unlisted,"older programme: Circle library, offline archive, or drop?",
,DECIDE,,,,,,403381716,Psychoanalysis & Tibetan Buddhism - Module 1,EP_Courses,2020-04-02,1:54:34,1.701,unlisted,"older programme: Circle library, offline archive, or drop?",
,DECIDE,,,,,,403393590,Psychoanalysis & Tibetan Buddhism - Module 2,EP_Courses,2020-04-02,2:01:46,1.069,unlisted,"older programme: Circle library, offline archive, or drop?",
,DECIDE,,,,,,403412208,Psychoanalysis & Tibetan Buddhism - Module 3,EP_Courses,2020-04-02,2:00:04,0.456,unlisted,"older programme: Circle library, offline archive, or drop?",
,DECIDE,,,,,,403421772,Psychoanalysis & Tibetan Buddhism - Module 4,EP_Courses,2020-04-02,1:59:54,0.689,unlisted,"older programme: Circle library, offline archive, or drop?",
,DECIDE,,,,,,403491515,Re-Pairing Practices for Cultivating the Embodiment of Intimacy -Module 1,EP_Courses,2020-04-02,1:45:49,0.436,unlisted,"older programme: Circle library, offline archive, or drop?",
,DECIDE,,,,,,403497273,Re-Pairing Practices for Cultivating the Embodiment of Intimacy - Module 2,EP_Courses,2020-04-02,1:49:18,0.973,unlisted,"older programme: Circle library, offline archive, or drop?",
,DECIDE,,,,,,403502162,Re-Pairing Practices for Cultivating the Embodiment of Intimacy - Module 3,EP_Courses,2020-04-02,1:46:48,1.044,unlisted,"older programme: Circle library, offline archive, or drop?",
,DECIDE,,,,,,403506713,Re-Pairing Practices for Cultivating the Embodiment of Intimacy - Module 4,EP_Courses,2020-04-02,1:45:11,0.896,unlisted,"older programme: Circle library, offline archive, or drop?",
,DECIDE,,,,,,403552551,Hidden Teachings of the Yoga Sūtras - Module 1,EP_Courses,2020-04-03,1:54:52,0.453,unlisted,"older programme: Circle library, offline archive, or drop?",
,DECIDE,,,,,,403557299,Hidden Teachings of the Yoga Sūtras - Module 2,EP_Courses,2020-04-03,1:56:01,0.424,unlisted,"older programme: Circle library, offline archive, or drop?",
,DECIDE,,,,,,403559684,Hidden Teachings of the Yoga Sūtras - Module 3,EP_Courses,2020-04-03,1:57:21,0.428,unlisted,"older programme: Circle library, offline archive, or drop?",
,DECIDE,,,,,,403562421,Hidden Teachings of the Yoga Sūtras - Module 4,EP_Courses,2020-04-03,1:59:06,0.53,unlisted,"older programme: Circle library, offline archive, or drop?",
,DECIDE,,,,,,403566016,Hidden Teachings of the Yoga Sūtras - Module 5,EP_Courses,2020-04-03,1:57:23,0.489,unlisted,"older programme: Circle library, offline archive, or drop?",
,DECIDE,,,,,,403567577,Hidden Teachings of the Yoga Sūtras - Module 6,EP_Courses,2020-04-03,1:52:00,0.456,unlisted,"older programme: Circle library, offline archive, or drop?",
,DECIDE,,,,,,403568598,Hidden Teachings of the Yoga Sūtras - Module 7,EP_Courses,2020-04-03,1:58:02,0.486,unlisted,"older programme: Circle library, offline archive, or drop?",
,DECIDE,,,,,,403571189,Hidden Teachings of the Yoga Sūtras - Module 8,EP_Courses,2020-04-03,1:46:01,0.435,unlisted,"older programme: Circle library, offline archive, or drop?",
,DECIDE,,,,,,403575768,The Science of Spirit - Module 1,EP_Courses,2020-04-03,1:41:26,0.377,unlisted,"older programme: Circle library, offline archive, or drop?",
,DECIDE,,,,,,403578039,The Science of Spirit - Module 2,EP_Courses,2020-04-03,1:39:43,0.36,unlisted,"older programme: Circle library, offline archive, or drop?",
,DECIDE,,,,,,403580056,The Science of Spirit - Module 3,EP_Courses,2020-04-03,1:57:56,0.475,unlisted,"older programme: Circle library, offline archive, or drop?",
,DECIDE,,,,,,403581015,The Science of Spirit - Module 4,EP_Courses,2020-04-03,1:56:45,0.432,unlisted,"older programme: Circle library, offline archive, or drop?",
,DECIDE,,,,,,403735151,Nonviolent Communication - Module 1,EP_Courses,2020-04-03,1:57:31,0.787,unlisted,"older programme: Circle library, offline archive, or drop?",
,DECIDE,,,,,,403738898,Nonviolent Communication - Module 2,EP_Courses,2020-04-03,1:58:30,0.659,unlisted,"older programme: Circle library, offline archive, or drop?",
,DECIDE,,,,,,405265251,Nonviolent Communication - Module 3,EP_Courses,2020-04-08,1:55:44,0.643,unlisted,"older programme: Circle library, offline archive, or drop?",
,DECIDE,,,,,,405284211,Nonviolent Communication - Module 4,EP_Courses,2020-04-08,1:51:57,0.664,unlisted,"older programme: Circle library, offline archive, or drop?",
,DECIDE,,,,,,405914311,Samkhya Philosophy - Module 1,EP_Courses,2020-04-09,1:51:39,0.399,unlisted,"older programme: Circle library, offline archive, or drop?",
,DECIDE,,,,,,405917206,Samkhya Philosophy - Module 2,EP_Courses,2020-04-09,2:03:23,0.479,unlisted,"older programme: Circle library, offline archive, or drop?",
,DECIDE,,,,,,405921911,Samkhya Philosophy - Module 3,EP_Courses,2020-04-09,1:59:18,0.488,unlisted,"older programme: Circle library, offline archive, or drop?",
,DECIDE,,,,,,405926623,Samkhya Philosophy - Module 4,EP_Courses,2020-04-09,2:29:25,0.642,unlisted,"older programme: Circle library, offline archive, or drop?",
,DECIDE,,,,,,405951943,Shakti: Faces of the Goddess - Module 1,EP_Courses,2020-04-09,1:58:18,0.537,unlisted,"older programme: Circle library, offline archive, or drop?",
,DECIDE,,,,,,405957979,Shakti: Faces of the Goddess - Module 2,EP_Courses,2020-04-09,1:59:04,0.786,unlisted,"older programme: Circle library, offline archive, or drop?",
,DECIDE,,,,,,405966454,Shakti: Faces of the Goddess - Module 3,EP_Courses,2020-04-09,1:58:03,0.839,unlisted,"older programme: Circle library, offline archive, or drop?",
,DECIDE,,,,,,405968393,Shakti: Faces of the Goddess - Module 4,EP_Courses,2020-04-09,2:02:59,0.717,unlisted,"older programme: Circle library, offline archive, or drop?",
,DECIDE,,,,,,405970523,Bhakti Yoga - Module 1,EP_Courses,2020-04-09,1:55:06,0.716,unlisted,"older programme: Circle library, offline archive, or drop?",
,DECIDE,,,,,,405973181,Bhakti Yoga - Module 9,EP_Courses,2020-04-09,1:39:08,0.632,unlisted,"older programme: Circle library, offline archive, or drop?",
,DECIDE,,,,,,405973315,Bhakti Yoga - Module 8,EP_Courses,2020-04-09,1:57:14,0.766,unlisted,"older programme: Circle library, offline archive, or drop?",
,DECIDE,,,,,,405973425,Bhakti Yoga - Module 7,EP_Courses,2020-04-09,2:16:25,0.868,unlisted,"older programme: Circle library, offline archive, or drop?",
,DECIDE,,,,,,405973550,Bhakti Yoga - Module 6,EP_Courses,2020-04-09,2:17:09,0.84,unlisted,"older programme: Circle library, offline archive, or drop?",
,DECIDE,,,,,,405973699,Bhakti Yoga - Module 5,EP_Courses,2020-04-09,2:13:42,0.864,unlisted,"older programme: Circle library, offline archive, or drop?",
,DECIDE,,,,,,405973858,Bhakti Yoga - Module 4,EP_Courses,2020-04-09,2:08:46,0.826,unlisted,"older programme: Circle library, offline archive, or drop?",
,DECIDE,,,,,,405973966,Bhakti Yoga - Module 3,EP_Courses,2020-04-09,2:29:52,0.717,unlisted,"older programme: Circle library, offline archive, or drop?",
,DECIDE,,,,,,405974131,Bhakti Yoga - Module 2,EP_Courses,2020-04-09,2:27:05,0.938,unlisted,"older programme: Circle library, offline archive, or drop?",
,DECIDE,,,,,,406012855,Tibetan Buddhism: A Path of Becoming Fully Human - Module 1,EP_Courses,2020-04-09,1:59:30,0.864,unlisted,"older programme: Circle library, offline archive, or drop?",
,DECIDE,,,,,,406018424,Tibetan Buddhism: A Path of Becoming Fully Human - Module 2,EP_Courses,2020-04-09,1:56:55,0.915,unlisted,"older programme: Circle library, offline archive, or drop?",
,DECIDE,,,,,,406024135,Tibetan Buddhism: A Path of Becoming Fully Human - Module 3,EP_Courses,2020-04-09,2:05:11,0.925,unlisted,"older programme: Circle library, offline archive, or drop?",
,DECIDE,,,,,,406027302,Tibetan Buddhism: A Path of Becoming Fully Human - Module 4,EP_Courses,2020-04-09,1:59:50,0.954,unlisted,"older programme: Circle library, offline archive, or drop?",
,DECIDE,,,,,,406033439,Traditions of Meditation - Module 1,EP_Courses,2020-04-09,1:52:27,0.487,unlisted,"older programme: Circle library, offline archive, or drop?",
,DECIDE,,,,,,406034984,Traditions of Meditation - Module 2,EP_Courses,2020-04-09,1:56:57,0.44,unlisted,"older programme: Circle library, offline archive, or drop?",
,DECIDE,,,,,,406036152,Traditions of Meditation - Module 3,EP_Courses,2020-04-09,2:00:15,0.413,unlisted,"older programme: Circle library, offline archive, or drop?",
,DECIDE,,,,,,406037293,Traditions of Meditation - Module 4,EP_Courses,2020-04-09,2:04:03,0.492,unlisted,"older programme: Circle library, offline archive, or drop?",
,DECIDE,,,,,,406056064,The Bhagavad Gita - Module 8,EP_Courses,2020-04-10,1:54:54,0.439,unlisted,"older programme: Circle library, offline archive, or drop?",
,DECIDE,,,,,,406056172,The Bhagavad Gita - Module 7,EP_Courses,2020-04-10,2:02:38,0.485,unlisted,"older programme: Circle library, offline archive, or drop?",
,DECIDE,,,,,,406056358,The Bhagavad Gita - Module 6,EP_Courses,2020-04-10,2:04:45,0.426,unlisted,"older programme: Circle library, offline archive, or drop?",
,DECIDE,,,,,,406056444,The Bhagavad Gita - Module 5,EP_Courses,2020-04-10,1:59:52,0.487,unlisted,"older programme: Circle library, offline archive, or drop?",
,DECIDE,,,,,,406056532,The Bhagavad Gita - Module 4,EP_Courses,2020-04-10,1:57:00,0.475,unlisted,"older programme: Circle library, offline archive, or drop?",
,DECIDE,,,,,,406056615,The Bhagavad Gita - Module 3,EP_Courses,2020-04-10,1:58:41,0.432,unlisted,"older programme: Circle library, offline archive, or drop?",
,DECIDE,,,,,,406056704,The Bhagavad Gita - Module 2,EP_Courses,2020-04-10,1:57:19,0.429,unlisted,"older programme: Circle library, offline archive, or drop?",
,DECIDE,,,,,,406056775,The Bhagavad Gita - Module 1,EP_Courses,2020-04-10,1:59:27,0.481,unlisted,"older programme: Circle library, offline archive, or drop?",
,DECIDE,,,,,,406112192,Virtual Reality - Module 1,EP_Courses,2020-04-10,1:53:47,0.774,unlisted,"older programme: Circle library, offline archive, or drop?",
,DECIDE,,,,,,406113650,Virtual Reality - Module 2,EP_Courses,2020-04-10,1:56:43,0.637,unlisted,"older programme: Circle library, offline archive, or drop?",
,DECIDE,,,,,,406114775,Virtual Reality - Module 3,EP_Courses,2020-04-10,1:59:42,0.735,unlisted,"older programme: Circle library, offline archive, or drop?",
,DECIDE,,,,,,406116136,Virtual Reality - Module 4,EP_Courses,2020-04-10,2:00:16,0.482,unlisted,"older programme: Circle library, offline archive, or drop?",
,DECIDE,,,,,,406222881,Yoga & The Neuroscience of Healing - Module 1,EP_Courses,2020-04-10,1:47:36,0.411,unlisted,"older programme: Circle library, offline archive, or drop?",
,DECIDE,,,,,,406223980,Yoga & The Neuroscience of Healing - Module 2,EP_Courses,2020-04-10,1:41:48,0.357,unlisted,"older programme: Circle library, offline archive, or drop?",
,DECIDE,,,,,,406224983,Yoga & The Neuroscience of Healing - Module 3,EP_Courses,2020-04-10,1:53:04,0.374,unlisted,"older programme: Circle library, offline archive, or drop?",
,DECIDE,,,,,,406228058,Yoga & The Neuroscience of Healing - Module 4,EP_Courses,2020-04-10,1:46:51,0.337,unlisted,"older programme: Circle library, offline archive, or drop?",
,DECIDE,,,,,,406249386,Yogini Mandalas - Module 1,EP_Courses,2020-04-10,1:53:10,0.738,unlisted,"older programme: Circle library, offline archive, or drop?",
,DECIDE,,,,,,406251914,Yogini Mandalas - Module 2,EP_Courses,2020-04-10,2:02:17,0.802,unlisted,"older programme: Circle library, offline archive, or drop?",
,DECIDE,,,,,,406253619,Yogini Mandalas - Module 3,EP_Courses,2020-04-10,1:59:18,0.862,unlisted,"older programme: Circle library, offline archive, or drop?",
,DECIDE,,,,,,406257864,Yogini Mandalas - Module 4,EP_Courses,2020-04-10,1:56:39,0.905,unlisted,"older programme: Circle library, offline archive, or drop?",
,DECIDE,,,,,,406264220,The Realization Process - Module 1,EP_Courses,2020-04-10,1:57:57,0.536,unlisted,"older programme: Circle library, offline archive, or drop?",
,DECIDE,,,,,,406266282,The Realization Process - Module 2,EP_Courses,2020-04-10,1:59:17,0.575,unlisted,"older programme: Circle library, offline archive, or drop?",
,DECIDE,,,,,,406268234,The Realization Process - Module 3,EP_Courses,2020-04-10,1:58:35,0.93,unlisted,"older programme: Circle library, offline archive, or drop?",
,DECIDE,,,,,,406271890,The Realization Process -  Module 4,EP_Courses,2020-04-10,2:02:45,0.659,unlisted,"older programme: Circle library, offline archive, or drop?",
,DECIDE,,,,,,407631789,Art of Breathing - Module 1,EP_Courses,2020-04-14,1:47:00,0.438,unlisted,"older programme: Circle library, offline archive, or drop?",
,DECIDE,,,,,,412755417,Trauma First Aid - Module 1,EP_Courses,2020-04-28,1:39:13,0.601,unlisted,"older programme: Circle library, offline archive, or drop?",
,DECIDE,,,,,,414979171,Trauma First Aid - Module 2,EP_Courses,2020-05-05,1:22:51,0.475,unlisted,"older programme: Circle library, offline archive, or drop?",
,DECIDE,,,,,,417439079,Trauma First Aid - Module 3,EP_Courses,2020-05-12,1:21:31,0.413,unlisted,"older programme: Circle library, offline archive, or drop?",
,DECIDE,,,,,,418428759,Neuroscience of Mindbody - Module 1,EP_Courses,2020-05-14,1:54:55,0.488,unlisted,"older programme: Circle library, offline archive, or drop?",
,DECIDE,,,,,,420346934,Trauma First Aid - Module 4,EP_Courses,2020-05-19,1:27:02,0.593,unlisted,"older programme: Circle library, offline archive, or drop?",
,DECIDE,,,,,,420667691,Trauma Therapy: A Somatic Approach - Module 1,EP_Courses,2020-05-20,1:58:38,0.511,unlisted,"older programme: Circle library, offline archive, or drop?",
,DECIDE,,,,,,421037776,Neuroscience of MindBody - Module 2,EP_Courses,2020-05-21,1:57:04,0.484,unlisted,"older programme: Circle library, offline archive, or drop?",
,DECIDE,,,,,,423018082,Trauma Therapy: A Somatic Approach - Module 2,EP_Courses,2020-05-27,2:00:15,0.434,unlisted,"older programme: Circle library, offline archive, or drop?",
,DECIDE,,,,,,423738686,Neuroscience of MindBody - Module 3,EP_Courses,2020-05-28,2:03:04,0.555,unlisted,"older programme: Circle library, offline archive, or drop?",
,DECIDE,,,,,,425883624,Trauma Therapy: A Somatic Approach - Module 3,EP_Courses,2020-06-04,2:46:36,0.719,unlisted,"older programme: Circle library, offline archive, or drop?",
,DECIDE,,,,,,425974799,Neuroscience of MindBody - Module 4,EP_Courses,2020-06-04,1:52:32,0.464,unlisted,"older programme: Circle library, offline archive, or drop?",
,DECIDE,,,,,,426262031,The 10 Goddesses - Module 1,EP_Courses,2020-06-05,1:51:04,0.873,unlisted,"older programme: Circle library, offline archive, or drop?",
,DECIDE,,,,,,427599465,Trauma Therapy: A Somatic Approach - Module 4,EP_Courses,2020-06-10,2:44:06,0.759,unlisted,"older programme: Circle library, offline archive, or drop?",
,DECIDE,,,,,,429367489,The 10 Goddesses - Module 2,EP_Courses,2020-06-15,1:22:34,0.512,unlisted,"older programme: Circle library, offline archive, or drop?",
,DECIDE,,,,,,430800713,The 10 Goddesses - Module 3,EP_Courses,2020-06-19,1:58:45,0.747,unlisted,"older programme: Circle library, offline archive, or drop?",
,DECIDE,,,,,,432869865,The 10 Goddesses - Module 4,EP_Courses,2020-06-26,1:49:13,0.892,unlisted,"older programme: Circle library, offline archive, or drop?",
,DECIDE,,,,,,435097012,The 10 Goddesses - Module 5,EP_Courses,2020-07-03,1:43:04,0.758,unlisted,"older programme: Circle library, offline archive, or drop?",
,DECIDE,,,,,,444604725,Trauma Recovery: Techniques and Perspectives from the Yoga Tradition - Module 1,EP_Courses,2020-08-04,1:37:30,0.286,unlisted,"older programme: Circle library, offline archive, or drop?",
,DECIDE,,,,,,446842299,Trauma Recovery: Techniques and Perspectives from the Yoga Tradition - Module 2,EP_Courses,2020-08-11,1:59:15,0.354,unlisted,"older programme: Circle library, offline archive, or drop?",
,DECIDE,,,,,,448953343,Trauma Recovery: Techniques and Perspectives from the Yoga Tradition - Module 3,EP_Courses,2020-08-18,1:55:30,0.382,unlisted,"older programme: Circle library, offline archive, or drop?",
,DECIDE,,,,,,451517979,Trauma Recovery: Techniques and Perspectives from the Yoga Tradition - Module 4,EP_Courses,2020-08-25,1:51:03,0.315,unlisted,"older programme: Circle library, offline archive, or drop?",
,DECIDE,,,,,,463854849,Art of Breathing - Module 2,EP_Courses,2020-10-01,1:57:47,0.481,unlisted,"older programme: Circle library, offline archive, or drop?",
,DECIDE,,,,,,463859515,Art of Breathing - Module 3,EP_Courses,2020-10-01,1:57:25,0.463,unlisted,"older programme: Circle library, offline archive, or drop?",
,DECIDE,,,,,,463860941,Art of Breathing - Module 4,EP_Courses,2020-10-01,1:55:57,0.493,unlisted,"older programme: Circle library, offline archive, or drop?",
,DECIDE,,,,,,463882595,Buddhist Psychology & Contemplative Psychotherapy - Module 4,EP_Courses,2020-10-01,1:56:19,1.325,unlisted,"older programme: Circle library, offline archive, or drop?",
,DECIDE,,,,,,465036790,The Sanskrit Seminar - Module 1,EP_Courses,2020-10-05,1:55:06,0.356,disable,"older programme: Circle library, offline archive, or drop?",
,DECIDE,,,,,,465037806,The Sanskrit Seminar - Module 8,EP_Courses,2020-10-05,1:43:16,0.319,disable,"older programme: Circle library, offline archive, or drop?",
,DECIDE,,,,,,465039580,The Sanskrit Seminar - Module 9,EP_Courses,2020-10-05,1:37:50,0.298,disable,"older programme: Circle library, offline archive, or drop?",
,DECIDE,,,,,,465049445,Intro to MindBody Therapy - Module 4,EP_Courses,2020-10-05,2:07:13,0.347,unlisted,"older programme: Circle library, offline archive, or drop?",
,DECIDE,,,,,,465058957,Embracing Diversity - Module 1,EP_Courses,2020-10-05,1:59:59,0.748,unlisted,"older programme: Circle library, offline archive, or drop?",
,DECIDE,,,,,,465061267,Embracing Diversity-  Module 2,EP_Courses,2020-10-05,2:00:59,0.853,unlisted,"older programme: Circle library, offline archive, or drop?",
,DECIDE,,,,,,465064128,Embracing Diversity - Module 3,EP_Courses,2020-10-05,1:59:46,0.714,unlisted,"older programme: Circle library, offline archive, or drop?",
,DECIDE,,,,,,465065961,Embracing Diversity - Module 4,EP_Courses,2020-10-05,2:00:09,0.625,unlisted,"older programme: Circle library, offline archive, or drop?",
,DECIDE,,,,,,465380721,Roots and Branches of Yoga - Course 1 - Module 3,EP_Courses,2020-10-06,1:57:30,0.468,unlisted,"older programme: Circle library, offline archive, or drop?",
,DECIDE,,,,,,465384888,Roots and Branches of Yoga - Course 1 - Module 2,EP_Courses,2020-10-06,1:56:45,0.505,unlisted,"older programme: Circle library, offline archive, or drop?",
,DECIDE,,,,,,465387036,Roots and Branches of Yoga - Course 1 - Module 4,EP_Courses,2020-10-06,1:57:29,0.417,unlisted,"older programme: Circle library, offline archive, or drop?",
,DECIDE,,,,,,465390905,Roots and Branches of Yoga -Course 1 - Module 1,EP_Courses,2020-10-06,1:52:55,0.552,unlisted,"older programme: Circle library, offline archive, or drop?",
,DECIDE,,,,,,465404727,Roots and Branches of Yoga - Course 2 - Module 1,EP_Courses,2020-10-06,2:02:15,0.498,unlisted,"older programme: Circle library, offline archive, or drop?",
,DECIDE,,,,,,465406931,Roots and Branches of Yoga - Course 2 -Module 2,EP_Courses,2020-10-06,1:58:56,0.436,unlisted,"older programme: Circle library, offline archive, or drop?",
,DECIDE,,,,,,465409033,Roots and Branches of Yoga - Course 2 - Module 3,EP_Courses,2020-10-06,1:58:20,0.448,unlisted,"older programme: Circle library, offline archive, or drop?",
,DECIDE,,,,,,465413171,Roots and Branches of Yoga - Course 2 -Module 4,EP_Courses,2020-10-06,2:01:06,0.422,unlisted,"older programme: Circle library, offline archive, or drop?",
,DECIDE,,,,,,465421240,"Oppression, Privilege and Spiritual Practice -  Module 3",EP_Courses,2020-10-06,1:56:30,0.723,unlisted,"older programme: Circle library, offline archive, or drop?",
,DECIDE,,,,,,465424789,"Oppression, Privilege and Spiritual Practice - Module 4",EP_Courses,2020-10-06,1:58:13,0.464,unlisted,"older programme: Circle library, offline archive, or drop?",
,DECIDE,,,,,,465427147,"Oppression, Privilege and Spiritual Practice - Module 6",EP_Courses,2020-10-06,1:49:05,0.432,unlisted,"older programme: Circle library, offline archive, or drop?",
,DECIDE,,,,,,465429297,"Oppression, Privilege and Spiritual Practice - Module 7",EP_Courses,2020-10-06,2:03:39,0.617,unlisted,"older programme: Circle library, offline archive, or drop?",
,DECIDE,,,,,,465432161,"Oppression, Privilege and Spiritual Practice - Module 8",EP_Courses,2020-10-06,1:51:05,0.513,unlisted,"older programme: Circle library, offline archive, or drop?",
,DECIDE,,,,,,465435343,Roots and Branches of Yoga - Course 3 - Module 3,EP_Courses,2020-10-06,2:07:56,0.45,unlisted,"older programme: Circle library, offline archive, or drop?",
,DECIDE,,,,,,465439842,Roots and Branches of Yoga - Course 3 - Module 4,EP_Courses,2020-10-06,2:22:21,0.47,unlisted,"older programme: Circle library, offline archive, or drop?",
,DECIDE,,,,,,465443855,Roots and Branches of Yoga - Course 3 - Module 1,EP_Courses,2020-10-06,2:02:13,0.451,unlisted,"older programme: Circle library, offline archive, or drop?",
,DECIDE,,,,,,465445932,Roots and Branches of Yoga - Course 3 - Module 2,EP_Courses,2020-10-06,1:58:29,0.395,unlisted,"older programme: Circle library, offline archive, or drop?",
,DECIDE,,,,,,465814632,Charge & the Energy Body - Module 1,EP_Courses,2020-10-07,1:57:57,0.93,unlisted,"older programme: Circle library, offline archive, or drop?",
,DECIDE,,,,,,465825119,Charge & the Energy Body - Module 2,EP_Courses,2020-10-07,1:57:11,0.933,unlisted,"older programme: Circle library, offline archive, or drop?",
,DECIDE,,,,,,465836022,Charge & the Energy Body - Module 3,EP_Courses,2020-10-07,1:58:17,0.52,unlisted,"older programme: Circle library, offline archive, or drop?",
,DECIDE,,,,,,465838924,Charge & the Energy Body - Module 4,EP_Courses,2020-10-07,1:57:45,0.558,unlisted,"older programme: Circle library, offline archive, or drop?",
,DECIDE,,,,,,466211081,Indian Philosophy - Module 1,EP_Courses,2020-10-08,1:55:02,1.03,unlisted,"older programme: Circle library, offline archive, or drop?",
,DECIDE,,,,,,466219971,Indian Philosophy - Module 2,EP_Courses,2020-10-08,2:11:38,1.233,unlisted,"older programme: Circle library, offline archive, or drop?",
,DECIDE,,,,,,466229224,Indian Philosophy - Module 3,EP_Courses,2020-10-08,2:07:20,1.205,unlisted,"older programme: Circle library, offline archive, or drop?",
,DECIDE,,,,,,466245387,Indian Philosophy - Module 4,EP_Courses,2020-10-08,2:05:19,0.741,unlisted,"older programme: Circle library, offline archive, or drop?",
,DECIDE,,,,,,467758501,Indian Philosophy - Module 8,EP_Courses,2020-10-13,2:11:40,0.764,unlisted,"older programme: Circle library, offline archive, or drop?",
,DECIDE,,,,,,467762051,Indian Philosophy - Module 7,EP_Courses,2020-10-13,2:07:02,0.786,unlisted,"older programme: Circle library, offline archive, or drop?",
,DECIDE,,,,,,467765745,Indian Philosophy - Module 5,EP_Courses,2020-10-13,2:13:38,1.302,unlisted,"older programme: Circle library, offline archive, or drop?",
,DECIDE,,,,,,467805061,Indian Philosophy - Module 6,EP_Courses,2020-10-13,2:08:15,1.13,unlisted,"older programme: Circle library, offline archive, or drop?",
,DECIDE,,,,,,468167816,Universal Mystic - Module 1,EP_Courses,2020-10-14,2:01:51,0.574,unlisted,"older programme: Circle library, offline archive, or drop?",
,DECIDE,,,,,,468207898,Universal Mystic - Module 2,EP_Courses,2020-10-14,2:02:13,0.704,unlisted,"older programme: Circle library, offline archive, or drop?",
,DECIDE,,,,,,468211405,Universal Mystic - Module 3,EP_Courses,2020-10-14,1:57:59,0.675,unlisted,"older programme: Circle library, offline archive, or drop?",
,DECIDE,,,,,,468216701,Universal Mystic - Module 4,EP_Courses,2020-10-14,2:00:48,0.55,unlisted,"older programme: Circle library, offline archive, or drop?",
,DECIDE,,,,,,497505423,Healing Trauma - Module 1 - Video,EP_Courses,2021-01-06,1:39:12,0.916,disable,"older programme: Circle library, offline archive, or drop?",
,DECIDE,,,,,,499899907,Mod 2 Healing Trauma A. Wong 1/12/2021,EP_Courses,2021-01-13,2:02:12,0.825,disable,"older programme: Circle library, offline archive, or drop?",
,DECIDE,,,,,,502452108,Upanishads Module 2 Video,EP_Courses,2021-01-20,1:54:14,0.469,disable,"older programme: Circle library, offline archive, or drop?",
,DECIDE,,,,,,502667365,Mod 3 Healing Trauma A. Wong 1/19/2021,EP_Courses,2021-01-20,1:58:26,0.999,disable,"older programme: Circle library, offline archive, or drop?",
,DECIDE,,,,,,505226151,Healing Trauma - Module 4 - Video,EP_Courses,2021-01-27,1:59:25,1.146,disable,"older programme: Circle library, offline archive, or drop?",
,DECIDE,,,,,,401631137,The Bhagavad Gita (Pandit Dasa),EPTV,2020-03-28,1:10:23,1.058,nobody,"older programme: Circle library, offline archive, or drop?",
,DECIDE,,,,,,401633105,The Hero's Journey (Joshua M Greene),EPTV,2020-03-28,1:10:45,1.022,nobody,"older programme: Circle library, offline archive, or drop?",
,DECIDE,,,,,,401635130,Surrender Unto Me - Essence of the Gita and Yogas Goal (Dhanurdhara Swami),EPTV,2020-03-28,1:09:29,1.003,nobody,"older programme: Circle library, offline archive, or drop?",
,DECIDE,,,,,,401638215,Astanga Yoga in Patanjali and the Gita (Edwin Bryant),EPTV,2020-03-28,1:37:52,1.593,nobody,"older programme: Circle library, offline archive, or drop?",
,DECIDE,,,,,,401644118,Changing our Understanding of the Yoga Sutra (Christopher Hareesh Wallis),EPTV,2020-03-28,1:32:22,0.889,nobody,"older programme: Circle library, offline archive, or drop?",
,DECIDE,,,,,,401647735,Yoga Sutras_ Mastering the Game of Life (Reverend Jaganath Carrera),EPTV,2020-03-28,1:26:46,1.125,nobody,"older programme: Circle library, offline archive, or drop?",
,DECIDE,,,,,,401652783,Gravity as Therapy (Tias Little),EPTV,2020-03-28,1:47:21,0.626,nobody,"older programme: Circle library, offline archive, or drop?",
,DECIDE,,,,,,401660827,One Sutra for a Lifetime (Nikki Costello),EPTV,2020-03-28,1:14:31,0.874,nobody,"older programme: Circle library, offline archive, or drop?",
,DECIDE,,,,,,401664262,Teaching the Yoga Sutras (Christopher Chapple),EPTV,2020-03-28,1:54:59,1.12,nobody,"older programme: Circle library, offline archive, or drop?",
,DECIDE,,,,,,401667007,The Rishis' Wisdom (Manorama),EPTV,2020-03-28,1:04:01,0.947,nobody,"older programme: Circle library, offline archive, or drop?",
,DECIDE,,,,,,401669673,Contemplative Neuroscience (David Vago),EPTV,2020-03-28,1:02:34,0.256,nobody,"older programme: Circle library, offline archive, or drop?",
,DECIDE,,,,,,401693136,"Towards a Science of Embodied Mind_ Neuroplasticity, Contemplative Practice and the New Mind-Body Paradigm  (Joe Loizzo)",EPTV,2020-03-28,1:21:39,0.377,nobody,"older programme: Circle library, offline archive, or drop?",
,DECIDE,,,,,,401694592,The Confluence of Breakthrough Science and Timeless Practice (Joe Loizzo),EPTV,2020-03-28,1:13:29,0.721,nobody,"older programme: Circle library, offline archive, or drop?",
,DECIDE,,,,,,401695699,Mindfulness and the clinical application of MBSR (Lobsang Rapgay),EPTV,2020-03-28,0:35:55,0.349,nobody,"older programme: Circle library, offline archive, or drop?",
,DECIDE,,,,,,401702409,Skill in Action_ Radical Action Through Contemplative Practice (Michelle Johnson),EPTV,2020-03-28,1:58:13,0.437,nobody,"older programme: Circle library, offline archive, or drop?",
,DECIDE,,,,,,401704834,Bringing the Science of Social Justice Alive in Honoring the Roots of Yoga (SaraÌ King &amp Susanna Barkataki),EPTV,2020-03-28,1:45:37,0.525,nobody,"older programme: Circle library, offline archive, or drop?",
,DECIDE,,,,,,401708958,Nonduality in light of neuroscience - implications for its understanding and practice (Zoran Josipovic),EPTV,2020-03-28,0:47:26,0.197,nobody,"older programme: Circle library, offline archive, or drop?",
,DECIDE,,,,,,401709413,How to Feel Goodness when Everything is Going Wrong (Shambhavi Sarasvati),EPTV,2020-03-28,0:55:32,0.635,nobody,"older programme: Circle library, offline archive, or drop?",
,DECIDE,,,,,,401710419,Yoga and the Science of Not Reacting (Sonia Sequeira),EPTV,2020-03-28,0:18:32,0.065,nobody,"older programme: Circle library, offline archive, or drop?",
,DECIDE,,,,,,401710679,The Mystic's Brain The Biology of Contemplative Practice  and Why It Matters to the Meditator (Kenneth Rose),EPTV,2020-03-28,1:25:41,0.434,nobody,"older programme: Circle library, offline archive, or drop?",
,DECIDE,,,,,,401712303,Buying and Seling Yoga (Andrea Jain),EPTV,2020-03-28,1:25:34,0.624,disable,"older programme: Circle library, offline archive, or drop?",
,DECIDE,,,,,,401712857,The Brain on â€œStressâ€_ Epigenetic Influences on Brain and Body Health (Bruce McEwen),EPTV,2020-03-28,1:02:49,0.256,nobody,"older programme: Circle library, offline archive, or drop?",
,DECIDE,,,,,,401714317,What is the One True Choice Neuroplasticity and Deep Rest in the Unknown (Georgi Y Johnson),EPTV,2020-03-28,1:07:39,0.426,nobody,"older programme: Circle library, offline archive, or drop?","Neuroplasticity occurs in a direct equation to the relaxation of our grasping towards known thought forms, beliefs, and experiences. When we can open the mind to the unknown and the unpredictable, fear by degrees falls away, which allows the structures of the brain to form greater connectivity and oversight. This brings feelings of reward which in turn, further relax the nerve system. When we relax, we need to relax into something, and thus, the system of Nondual Therapy suggests the middle way "
,DECIDE,,,,,,401716506,The Craving Mind_ how mindfulness changes the brain to break bad habits and form new ones (Judson Brewer),EPTV,2020-03-28,0:52:11,0.199,nobody,"older programme: Circle library, offline archive, or drop?",
,DECIDE,,,,,,401717379,Neuroplasticity and Mystical-Nondual Experiences Reported during Meditation Practice (Fred Travis),EPTV,2020-03-28,1:03:59,0.261,nobody,"older programme: Circle library, offline archive, or drop?",
,DECIDE,,,,,,401718071,On the Polyvagal Theory (Stephen Porges),EPTV,2020-03-28,1:16:17,0.997,unlisted,"older programme: Circle library, offline archive, or drop?",
,DECIDE,,,,,,401719867,"The Science of Spirit_ Neuroplasticity, Contemplative Practice and the New Scientific Paradigm (Joe Loizzo)",EPTV,2020-03-28,1:07:40,0.274,nobody,"older programme: Circle library, offline archive, or drop?",
,DECIDE,,,,,,401720619,Unwind Emotional Patterns and Repattern New Neural Pathways (Yasmin Lambat),EPTV,2020-03-28,1:10:52,0.266,nobody,"older programme: Circle library, offline archive, or drop?",
,DECIDE,,,,,,401721282,Yoga - Religion or Spirituality (Ragunath),EPTV,2020-03-28,1:07:50,0.82,nobody,"older programme: Circle library, offline archive, or drop?",
,DECIDE,,,,,,401722576,The Brain and the Health Benefits of Yoga (Helen Lavretsky),EPTV,2020-03-28,0:52:27,0.192,nobody,"older programme: Circle library, offline archive, or drop?",
,DECIDE,,,,,,401733352,Trauma and the Unbound Body (Judith Blackstone),EPTV,2020-03-28,0:51:30,0.531,nobody,"older programme: Circle library, offline archive, or drop?",
,DECIDE,,,,,,401736882,Dynamic Alignment (Amy Matthews),EPTV,2020-03-28,1:21:38,0.934,nobody,"older programme: Circle library, offline archive, or drop?",
,DECIDE,,,,,,401738989,The Symptom is the Teacher (Isa Gucciardi),EPTV,2020-03-28,1:11:42,0.551,nobody,"older programme: Circle library, offline archive, or drop?",
,DECIDE,,,,,,401741109,On Trauma &amp Polyvagal Theory (Stephen Porges),EPTV,2020-03-28,0:50:04,0.746,nobody,"older programme: Circle library, offline archive, or drop?",
,DECIDE,,,,,,401744215,The Unconditional Model_ Using one's Whole Self in Trauma Healing (Anneke Lucas),EPTV,2020-03-28,1:26:56,0.387,nobody,"older programme: Circle library, offline archive, or drop?",
,DECIDE,,,,,,401746762,Healing Violence-Related Trauma Through Yoga (Maria Adelaida Lopez and Natalia Quinones),EPTV,2020-03-28,0:55:27,0.25,nobody,"older programme: Circle library, offline archive, or drop?",
,DECIDE,,,,,,401768620,Is Clinical Virtual Reality Ready for Primetime (Albert Skip Rizzo),EPTV,2020-03-29,1:31:17,0.673,nobody,"older programme: Circle library, offline archive, or drop?",
,DECIDE,,,,,,401769894,Why study Sanskrit (Zoë Slatoff),EPTV,2020-03-29,1:44:57,0.481,nobody,"older programme: Circle library, offline archive, or drop?",
,DECIDE,,,,,,401770113,Beyond Wheels_ How to Talk about the Chakras (Christopher Hareesh Wallis),EPTV,2020-03-29,1:59:29,0.954,nobody,"older programme: Circle library, offline archive, or drop?",
,DECIDE,,,,,,401770253,"Multicultural Healing Practices, Power, and Privilege",EPTV,2020-03-29,1:59:25,0.924,nobody,"older programme: Circle library, offline archive, or drop?",
,DECIDE,,,,,,401770454,Chakras as the Yoke of Yoga (Anodea Judith),EPTV,2020-03-29,0:55:06,0.611,nobody,"older programme: Circle library, offline archive, or drop?",
,DECIDE,,,,,,401770550,Healing in Wholeness_ Tools for Life for Experiencing Indestructible Resilience and Well-Being (Richard Miller),EPTV,2020-03-29,1:32:00,0.527,nobody,"older programme: Circle library, offline archive, or drop?",
,DECIDE,,,,,,401770627,"Reclaiming Life After Trauma_ Healing PTSD With Yoga, Mindfulness Practice and Cognitive-Behavioral Therapy (Daniel Mintie)",EPTV,2020-03-29,1:32:35,0.349,nobody,"older programme: Circle library, offline archive, or drop?",
,DECIDE,,,,,,401770719,How Yoga and Meditation Work to Heal Trauma Symptoms_ the Scientific Foundations (Julie K Staples),EPTV,2020-03-29,1:05:26,0.332,nobody,"older programme: Circle library, offline archive, or drop?",
,DECIDE,,,,,,401770811,"Yoga for Trauma Recovery_ Theory, Philosophy and Practice (Lisa Danylchuk)",EPTV,2020-03-29,1:04:43,0.215,nobody,"older programme: Circle library, offline archive, or drop?",
,DECIDE,,,,,,401770973,A Thousand Paper Cuts_ Understanding the Complex Trauma of Embodied Microaggressions (Rae Johnson),EPTV,2020-03-29,0:41:38,0.171,nobody,"older programme: Circle library, offline archive, or drop?",
,DECIDE,,,,,,401772175,Vedanta_ Spirituality &amp Philosophy of the Upanishads (Swami Sarvapriyananda),EPTV,2020-03-29,1:38:23,0.391,nobody,"older programme: Circle library, offline archive, or drop?",
,DECIDE,,,,,,401773172,"Virtual Reality, The Lucidity Principle, and Soteriology (Andrew Holecek)",EPTV,2020-03-29,0:59:44,0.634,nobody,"older programme: Circle library, offline archive, or drop?",
,DECIDE,,,,,,401774376,How Virtual Reality Advances the Mystic Quest (Michael R Heim)-2,EPTV,2020-03-29,1:09:02,0.336,nobody,"older programme: Circle library, offline archive, or drop?",
,DECIDE,,,,,,401774983,The Supreme Secret of Yoga (Graham Schweig),EPTV,2020-03-29,1:20:09,0.349,nobody,"older programme: Circle library, offline archive, or drop?",
,DECIDE,,,,,,401775400,Quantum Physics and the Integration of Science and Spirituality_ The Scientific Evidence for God and What We Should do About It,EPTV,2020-03-29,0:55:35,0.916,nobody,"older programme: Circle library, offline archive, or drop?",
,DECIDE,,,,,,401776770,Virtual Reality and Simulation - An Advaita VedÄnta Perspective (Swami Sarvapriyananda),EPTV,2020-03-29,0:54:55,0.524,nobody,"older programme: Circle library, offline archive, or drop?",
,DECIDE,,,,,,401777863,The Reality of Illusion_ The Simulation Hypothesis and Yogaâ€™s Five Bodies (Kenneth Rose),EPTV,2020-03-29,1:09:12,0.413,nobody,"older programme: Circle library, offline archive, or drop?",
,DECIDE,,,,,,401781054,On the Yamas and Niyamas (Hari-kirtana das),EPTV,2020-03-29,1:29:08,0.516,nobody,"older programme: Circle library, offline archive, or drop?",
,DECIDE,,,,,,401784383,Virtual Reality as Revealing the Self (Joakim Vindenes),EPTV,2020-03-29,1:04:04,0.255,nobody,"older programme: Circle library, offline archive, or drop?","In his multi-volume Technics and Time, Philosopher Bernhard Stiegler argues that human beings and technology are intrinsically linked together in a co-constitutive relationship. According to Stiegler, we invent ourselves through technology and through this process we constitute the conventions that make us who we are; time, society and culture. For Stiegler, technology and humans are fundamentally united – and technology is equally as much something in us as it is something outside us. Thus, as "
,DECIDE,,,,,,401791712,VR and AR Powered by EEG and Heart Rate for Stress Management (Sarah Hill),EPTV,2020-03-29,0:20:18,0.149,nobody,"older programme: Circle library, offline archive, or drop?","In this talk by Sarah Hill, CEO of Healium and StoryUP Studios, we will learn about the therapeutic benefits individuals experience from the use of virtual and augmented reality technology. Sarah shows us how users of these technologies can see and interact with their emotions, heart rate, and brain wave patterns to create virtual experiences that have powerful effects on the nervous system. Individuals are able to significantly reduce anxiety, decrease pain, and increase feelings of calm and po"
,DECIDE,,,,,,401793366,Am I Virtual Dreaming Exploring Lucidity in Virtual Reality (Jordan Quaglia),EPTV,2020-03-29,0:28:40,0.102,nobody,"older programme: Circle library, offline archive, or drop?",
,DECIDE,,,,,,401846717,The Esoteric Feminine in Hathayoga Sources (Ruth Westoby),EPTV,2020-03-29,0:53:30,0.56,nobody,"older programme: Circle library, offline archive, or drop?",
,DECIDE,,,,,,401849312,The Medieval Chakra System of the Divine Mother (Christopher Tompkins),EPTV,2020-03-29,0:36:27,0.433,nobody,"older programme: Circle library, offline archive, or drop?",
,DECIDE,,,,,,401859254,Esoteric Wisdom and the Feminine Principle in Tibetan Buddhism (Lama Tsultrim Allione),EPTV,2020-03-29,1:09:35,0.718,nobody,"older programme: Circle library, offline archive, or drop?",
,DECIDE,,,,,,401865016,Yoga Disciplines and Vows - Gandhi's Embodied Practices (Veena Howard),EPTV,2020-03-29,0:59:53,0.257,nobody,"older programme: Circle library, offline archive, or drop?",
,DECIDE,,,,,,401867367,Yoga on the Eve of Colonialism (Jason Birch),EPTV,2020-03-29,1:10:25,0.262,nobody,"older programme: Circle library, offline archive, or drop?",
,DECIDE,,,,,,401868265,Visual and Material Evidence of Medieval Yoga and Yogis (Seth Powell),EPTV,2020-03-29,1:24:52,0.369,nobody,"older programme: Circle library, offline archive, or drop?",
,DECIDE,,,,,,401868829,Early Records of Āsana Practice (Philipp Maas),EPTV,2020-03-29,0:48:31,0.168,nobody,"older programme: Circle library, offline archive, or drop?",
,DECIDE,,,,,,401869144,Yoga History_ Taking the Long View (Christopher Chapple),EPTV,2020-03-29,1:32:23,0.815,nobody,"older programme: Circle library, offline archive, or drop?",
,DECIDE,,,,,,401883735,"Kundalini Yoga As Taught By Yogi Bhajan_ Selected Contributions to Basic Science and Clinical Treatment, and a Variety of Medita",EPTV,2020-03-29,1:20:41,0.323,nobody,"older programme: Circle library, offline archive, or drop?",
,DECIDE,,,,,,401885702,Sudarshan Kriya Yoga_ Breathing For Healthy Life (Sameer Anil Zope),EPTV,2020-03-29,0:53:50,0.186,nobody,"older programme: Circle library, offline archive, or drop?",
,DECIDE,,,,,,401887214,Molecular Mechanisms and Clinical Applications of Pranayama (Sundar Balasubramanian),EPTV,2020-03-29,0:54:24,0.225,nobody,"older programme: Circle library, offline archive, or drop?",
,DECIDE,,,,,,401888995,Breath and Presence (Mary Reilly Nichols),EPTV,2020-03-29,1:45:45,0.678,nobody,"older programme: Circle library, offline archive, or drop?",
,DECIDE,,,,,,401897964,Following the Nondual Path of the Divine Feminine (Sally Kempton),EPTV,2020-03-29,1:13:01,0.787,nobody,"older programme: Circle library, offline archive, or drop?",
,DECIDE,,,,,,401945121,Utilizing the Prana Map to Navigate Life and Spiritual Practice (Kavitha Chinnaiyan),EPTV,2020-03-29,1:36:35,0.47,nobody,"older programme: Circle library, offline archive, or drop?",
,DECIDE,,,,,,401945876,The Prana of Paramahansa Yogananda (Jensen Martin),EPTV,2020-03-29,1:32:11,1.04,nobody,"older programme: Circle library, offline archive, or drop?",
,DECIDE,,,,,,401946848,History of Pranayama (Yoganand Michael Carroll),EPTV,2020-03-29,1:08:07,0.713,nobody,"older programme: Circle library, offline archive, or drop?",
,DECIDE,,,,,,401947666,Pranayama and Hatha Yoga (Srivatsa Ramaswami),EPTV,2020-03-29,1:07:19,0.574,nobody,"older programme: Circle library, offline archive, or drop?",
,DECIDE,,,,,,401948393,Worship the Lord of Prana_ Connecting with the Teachings on Breath Awareness (Mary Reilly Nichols),EPTV,2020-03-29,1:36:04,0.367,nobody,"older programme: Circle library, offline archive, or drop?",
,DECIDE,,,,,,401948890,The Anatomy of Breathwork – Essential Principles and Pervasive Myths (Leslie Kaminoff),EPTV,2020-03-29,1:41:48,0.404,nobody,"older programme: Circle library, offline archive, or drop?",
,DECIDE,,,,,,401949345,Advanced Pranayama Techniques From Kundalini Yoga As Taught By Yogi Bhajan™ (David Shannahoff-Khalsa),EPTV,2020-03-29,1:29:46,0.362,nobody,"older programme: Circle library, offline archive, or drop?",
,DECIDE,,,,,,401949837,How Does Pranayama Lead You to Your Highest Self (Allison Gemmel LaFramboise),EPTV,2020-03-29,1:01:36,0.843,nobody,"older programme: Circle library, offline archive, or drop?",
,DECIDE,,,,,,401950526,Prāṇacintā_ Meditating on the Vital Breath as an Exercise of Bodily Self-Awareness (Ana Laura Funes Maderey),EPTV,2020-03-29,0:50:41,0.442,nobody,"older programme: Circle library, offline archive, or drop?",
,DECIDE,,,,,,401960481,An Integrated Awakening_ From Separation to Seamless Reality (Thanissara),EPTV,2020-03-29,1:25:00,1.116,nobody,"older programme: Circle library, offline archive, or drop?",
,DECIDE,,,,,,401960753,Buddhism in the Western Therapeutic Environment (Isa Gucciardi),EPTV,2020-03-29,1:20:57,0.523,nobody,"older programme: Circle library, offline archive, or drop?",
,DECIDE,,,,,,401961196,Touching the Earth_ Neuroscience of Natural Awakening (Ralph de la Rosa),EPTV,2020-03-29,1:13:07,1.128,nobody,"older programme: Circle library, offline archive, or drop?",
,DECIDE,,,,,,401964064,The Third Wave of Contemplative Life (Joe Loizzo),EPTV,2020-03-29,1:12:22,1.309,nobody,"older programme: Circle library, offline archive, or drop?",
,DECIDE,,,,,,401964529,Aversion vs Connection (Christopher Tompkins),EPTV,2020-03-29,0:59:27,0.447,nobody,"older programme: Circle library, offline archive, or drop?",
,DECIDE,,,,,,401967627,Beyond McMindfulness (Miles Neale),EPTV,2020-03-29,1:15:05,1.159,nobody,"older programme: Circle library, offline archive, or drop?",
,DECIDE,,,,,,401970022,"Reason, Intuition, and the Science of Buddhism (Thupten Jinpa)",EPTV,2020-03-29,1:08:40,0.646,nobody,"older programme: Circle library, offline archive, or drop?",
,DECIDE,,,,,,401986797,The Radiance Sutras (Lorin Roche),EPTV,2020-03-29,1:00:43,0.7,nobody,"older programme: Circle library, offline archive, or drop?",
,DECIDE,,,,,,401987684,Our Pristine Mind (Orgyen Chowang Rinpoche),EPTV,2020-03-29,1:01:52,0.948,nobody,"older programme: Circle library, offline archive, or drop?",
,DECIDE,,,,,,401993048,Tantra &amp Sustainability (Ramesh Bjonnes),EPTV,2020-03-29,1:08:45,0.692,nobody,"older programme: Circle library, offline archive, or drop?",
,DECIDE,,,,,,401998959,The Glance of Shiva (Mary Reilly Nichols),EPTV,2020-03-29,0:41:03,0.626,nobody,"older programme: Circle library, offline archive, or drop?",
,DECIDE,,,,,,402002374,The Promise of Tantra (Pandit Rajmani Tigunait),EPTV,2020-03-29,1:14:00,0.842,nobody,"older programme: Circle library, offline archive, or drop?",
,DECIDE,,,,,,402010209,Kundalini &amp Radical Embodiment (Hari Kauer),EPTV,2020-03-29,0:47:27,0.632,nobody,"older programme: Circle library, offline archive, or drop?",
,DECIDE,,,,,,1178621493,Module_1A_Heart_Connections,Heart Connections,2026-03-30,1:10:08,0.385,nobody,"older programme: Circle library, offline archive, or drop?",
,DECIDE,,,,,,1178621643,Module_1B_Heart_Connections,Heart Connections,2026-03-30,1:19:31,0.517,nobody,"older programme: Circle library, offline archive, or drop?",
,DECIDE,,,,,,1178621843,Module_2A_Heart_Connections,Heart Connections,2026-03-30,0:44:45,0.251,nobody,"older programme: Circle library, offline archive, or drop?",
,DECIDE,,,,,,1178621921,Module_2B_Heart_Connections,Heart Connections,2026-03-30,1:30:20,0.522,nobody,"older programme: Circle library, offline archive, or drop?",
,DECIDE,,,,,,755678858,EP_Nervous_System_Reset_2022.mp4,Heather Oblak,2022-09-30,0:15:17,0.165,nobody,"older programme: Circle library, offline archive, or drop?",
,DECIDE,,,,,,755728624,EP_Bands_of_Power_2022,Heather Oblak,2022-09-30,1:02:27,1.594,nobody,"older programme: Circle library, offline archive, or drop?",
,DECIDE,,,,,,755752326,Embodying Shiva-Shakti :: Prana Vidya for Inner Balance & Harmony,Heather Oblak,2022-09-30,0:32:10,0.651,nobody,"older programme: Circle library, offline archive, or drop?","Prana Vidya Tantrik Deity Mirroring practice to nourish, purify, and balance your inner Divine Masculine and Divine Feminine energies -:- with Tantra Yogācharya Heather Oblak of YogEvolve Sacred Soul Alchemy"
,DECIDE,,,,,,755758709,Finding Your Seat :: Intuitive Myofascial Yoga,Heather Oblak,2022-09-30,0:30:41,0.291,nobody,"older programme: Circle library, offline archive, or drop?",An intuitive myofascial yoga practice to explore and establish that sweet spot of ease and stability at the center of your BEing that serves as a foundation for embodying your Luminous Divinity -:- with Tantra Yogācharya Heather Oblak of YogEvolve Sacred Soul Alchemy
,DECIDE,,,,,,755816885,LUMINOUS BEing :: Energy Cleanse Yoga Nidra,Heather Oblak,2022-10-01,0:47:20,1.054,nobody,"older programme: Circle library, offline archive, or drop?",A pranic healing journey to cleanse and revitalize your chakras and embody your luminous dimension of BEing -:- with Tantra Yogācharya Heather Oblak of YogEvolve Sacred Soul Alchemy
,DECIDE,,,,,,755821020,Bands of Power :: Prana Vidya for Energetic Integrity & Psychic Protection,Heather Oblak,2022-10-01,1:02:27,1.594,nobody,"older programme: Circle library, offline archive, or drop?",Tantrik Shamanic energy transmission (Shaktipat) ceremony to install and activate an elemental shield of power and protection within your subtle energy field that connects you with the 5 elements (Mahabhutas) and transmutes negative environmental energies into nourishing Light -:- with Tantra Yogācharya Heather Oblak of YogEvolve Sacred Soul Alchemy
,DECIDE,,,,,,757290770,video1403201105.mp4,Heather Oblak,2022-10-05,0:16:40,0.194,nobody,"older programme: Circle library, offline archive, or drop?",Grounding Through the Heart :: Nervous System Reset
,DECIDE,,,,,,1226597512,Subtle Liberation-Based Teaching Information Session (Sahrdaya Meditation Teacher Formation),Information Sessions,2026-09-14,1:13:56,0.963,nobody,"older programme: Circle library, offline archive, or drop?",
,DECIDE,,,,,,918100257,Day 1 Faith Hunter,INSPIRE Yoga Teacher Conference,2024-02-29,0:20:03,0.191,nobody,"older programme: Circle library, offline archive, or drop?",
,DECIDE,,,,,,918100374,Day 1 Michael James Wong,INSPIRE Yoga Teacher Conference,2024-02-29,0:25:21,0.136,nobody,"older programme: Circle library, offline archive, or drop?",
,DECIDE,,,,,,918100468,Day 1 Panel Discussion Recording,INSPIRE Yoga Teacher Conference,2024-02-29,1:02:36,0.294,nobody,"older programme: Circle library, offline archive, or drop?",
,DECIDE,,,,,,918100607,Day 1 Sri Dharma Mittra,INSPIRE Yoga Teacher Conference,2024-02-29,0:24:39,0.313,nobody,"older programme: Circle library, offline archive, or drop?",
,DECIDE,,,,,,918100782,Day 1 Welcome to DREAMING BIG,INSPIRE Yoga Teacher Conference,2024-02-29,0:01:32,0.011,nobody,"older programme: Circle library, offline archive, or drop?",
,DECIDE,,,,,,918100802,Day 2 Allison Rissel,INSPIRE Yoga Teacher Conference,2024-02-29,0:20:09,0.351,nobody,"older programme: Circle library, offline archive, or drop?",
,DECIDE,,,,,,918101072,Day 2 Ava Taylor,INSPIRE Yoga Teacher Conference,2024-02-29,0:26:23,0.343,nobody,"older programme: Circle library, offline archive, or drop?",
,DECIDE,,,,,,918101313,Day 2 DJ Cavem,INSPIRE Yoga Teacher Conference,2024-02-29,0:07:19,0.252,nobody,"older programme: Circle library, offline archive, or drop?",
,DECIDE,,,,,,918101510,Day 2 Panel Discussion Recording,INSPIRE Yoga Teacher Conference,2024-02-29,0:59:59,1.139,nobody,"older programme: Circle library, offline archive, or drop?",
,DECIDE,,,,,,918102253,Day 3 Cyndi Lee,INSPIRE Yoga Teacher Conference,2024-02-29,0:18:02,0.283,nobody,"older programme: Circle library, offline archive, or drop?",
,DECIDE,,,,,,918102481,Day 3 Matt Giordano,INSPIRE Yoga Teacher Conference,2024-02-29,0:36:59,0.371,nobody,"older programme: Circle library, offline archive, or drop?",
,DECIDE,,,,,,918102713,Day 3 Panel Discussion Recording,INSPIRE Yoga Teacher Conference,2024-02-29,1:05:44,1.377,nobody,"older programme: Circle library, offline archive, or drop?",
,DECIDE,,,,,,918103888,Day 3 Sadie Nardini,INSPIRE Yoga Teacher Conference,2024-02-29,0:20:45,0.099,nobody,"older programme: Circle library, offline archive, or drop?",
,DECIDE,,,,,,918121693,Day 4 Bryan Kest,INSPIRE Yoga Teacher Conference,2024-02-29,0:13:30,0.153,nobody,"older programme: Circle library, offline archive, or drop?",
,DECIDE,,,,,,918121785,Day 4 Erica Garcia,INSPIRE Yoga Teacher Conference,2024-02-29,0:17:33,0.245,nobody,"older programme: Circle library, offline archive, or drop?",
,DECIDE,,,,,,918121986,Day 4 Panel Discussion Recording,INSPIRE Yoga Teacher Conference,2024-02-29,1:05:14,1.161,nobody,"older programme: Circle library, offline archive, or drop?",
,DECIDE,,,,,,918122669,Day 4 Raghunath,INSPIRE Yoga Teacher Conference,2024-02-29,0:23:59,0.142,nobody,"older programme: Circle library, offline archive, or drop?",
,DECIDE,,,,,,918122780,Day 5 Gwen Lawrence,INSPIRE Yoga Teacher Conference,2024-02-29,0:00:24,0.013,nobody,"older programme: Circle library, offline archive, or drop?",
,DECIDE,,,,,,918122802,Day 5 Janet Stone,INSPIRE Yoga Teacher Conference,2024-02-29,0:14:10,0.074,nobody,"older programme: Circle library, offline archive, or drop?",
,DECIDE,,,,,,918122867,Day 5 Panel Discussion Recording,INSPIRE Yoga Teacher Conference,2024-02-29,1:18:20,1.397,nobody,"older programme: Circle library, offline archive, or drop?",
,DECIDE,,,,,,918123544,Day 5 Sid McNairy,INSPIRE Yoga Teacher Conference,2024-02-29,0:39:14,0.175,nobody,"older programme: Circle library, offline archive, or drop?",
,DECIDE,,,,,,1000524905,Episode 1 - Mantra - Sita Ram,Kirtan at Home with Nina Rao,2024-08-19,0:25:59,1.052,nobody,"older programme: Circle library, offline archive, or drop?",
,DECIDE,,,,,,1000538988,Episode 2 - Mantra - Hare Krishna Hare Rama,Kirtan at Home with Nina Rao,2024-08-19,0:25:46,1.044,nobody,"older programme: Circle library, offline archive, or drop?",
,DECIDE,,,,,,1000544945,Episode 3 - Mantra - Om Namah Shivaya,Kirtan at Home with Nina Rao,2024-08-19,0:26:06,1.104,nobody,"older programme: Circle library, offline archive, or drop?",
,DECIDE,,,,,,1000550678,Episode 4 - Mantra - Sarasvati Chant,Kirtan at Home with Nina Rao,2024-08-19,0:25:37,0.984,nobody,"older programme: Circle library, offline archive, or drop?",
,DECIDE,,,,,,1000940920,Episode 5 - Mantra - Pati Hare,Kirtan at Home with Nina Rao,2024-08-20,0:21:50,0.911,nobody,"older programme: Circle library, offline archive, or drop?",
,DECIDE,,,,,,1000945599,Episode 6 - Mantra - Devi Pranāmah,Kirtan at Home with Nina Rao,2024-08-20,0:25:53,1.05,nobody,"older programme: Circle library, offline archive, or drop?",
,DECIDE,,,,,,1000951445,"Episode 7 - Mantra - In-Dwelling Presence and Sustainer of Life, Viṣṇu",Kirtan at Home with Nina Rao,2024-08-20,0:28:34,1.171,nobody,"older programme: Circle library, offline archive, or drop?",
,DECIDE,,,,,,1000952670,Episode 8 - Mantra - Prayer to Ganesha,Kirtan at Home with Nina Rao,2024-08-20,0:25:33,1.003,nobody,"older programme: Circle library, offline archive, or drop?",
,DECIDE,,,,,,912154238,Jacob - C0001_1_Proxy,Leslie Kaminoff (London 2024),2024-02-12,0:52:18,0.316,nobody,"older programme: Circle library, offline archive, or drop?",
,DECIDE,,,,,,912157581,Jacob - C0002_Proxy,Leslie Kaminoff (London 2024),2024-02-12,0:06:12,0.118,nobody,"older programme: Circle library, offline archive, or drop?",
,DECIDE,,,,,,912158337,Jacob - C0003_Proxy,Leslie Kaminoff (London 2024),2024-02-12,0:32:43,0.199,nobody,"older programme: Circle library, offline archive, or drop?",
,DECIDE,,,,,,912160462,Jacob - C0004_Proxy,Leslie Kaminoff (London 2024),2024-02-12,0:13:31,0.087,nobody,"older programme: Circle library, offline archive, or drop?",
,DECIDE,,,,,,912161421,Leslie - C0001_Proxy,Leslie Kaminoff (London 2024),2024-02-12,1:40:08,0.743,nobody,"older programme: Circle library, offline archive, or drop?",
,DECIDE,,,,,,912169684,Leslie - C0002_Proxy,Leslie Kaminoff (London 2024),2024-02-12,0:17:18,0.136,nobody,"older programme: Circle library, offline archive, or drop?",
,DECIDE,,,,,,912217785,Wide Angle,Leslie Kaminoff (London 2024),2024-02-12,1:58:18,4.213,nobody,"older programme: Circle library, offline archive, or drop?",
,DECIDE,,,,,,794714308,Awakened Body Webinar,LIVE 2023 Awakened Body Cert,2023-02-01,1:00:48,0.408,disable,"older programme: Circle library, offline archive, or drop?",
,DECIDE,,,,,,796495155,Awakened Body Certificate Orientation,LIVE 2023 Awakened Body Cert,2023-02-07,1:42:45,0.871,disable,"older programme: Circle library, offline archive, or drop?",
,DECIDE,,,,,,797161064,Intro to Somatics ABC.mp4,LIVE 2023 Awakened Body Cert,2023-02-08,1:56:18,0.816,nobody,"older programme: Circle library, offline archive, or drop?",
,DECIDE,,,,,,797748285,Developmental Somatic Psychology,LIVE 2023 Awakened Body Cert,2023-02-10,1:55:02,1.207,disable,"older programme: Circle library, offline archive, or drop?",
,DECIDE,,,,,,798785140,Re-imagining Intuition,LIVE 2023 Awakened Body Cert,2023-02-14,1:56:45,0.968,disable,"older programme: Circle library, offline archive, or drop?",
,DECIDE,,,,,,800292586,Awakened Body Integration #1.mp4,LIVE 2023 Awakened Body Cert,2023-02-19,1:28:20,0.539,nobody,"older programme: Circle library, offline archive, or drop?",
,DECIDE,,,,,,800900270,Awakened Body: Fractals of Spiritual Development,LIVE 2023 Awakened Body Cert,2023-02-21,1:55:23,1.196,disable,"older programme: Circle library, offline archive, or drop?",
,DECIDE,,,,,,805280636,Integration Session #2,LIVE 2023 Awakened Body Cert,2023-03-06,1:26:56,0.612,disable,"older programme: Circle library, offline archive, or drop?",
,DECIDE,,,,,,805947574,Queering the Body : Gender and Sexuality,LIVE 2023 Awakened Body Cert,2023-03-08,1:54:29,1.015,disable,"older programme: Circle library, offline archive, or drop?",
,DECIDE,,,,,,806887978,Body to Body Intimacy,LIVE 2023 Awakened Body Cert,2023-03-10,2:07:58,1.063,disable,"older programme: Circle library, offline archive, or drop?",
,DECIDE,,,,,,808266883,Soma Semantics: Cultivating Presence Via Embodied Witnessing Praxis,LIVE 2023 Awakened Body Cert,2023-03-15,1:53:10,1.552,nobody,"older programme: Circle library, offline archive, or drop?",
,DECIDE,,,,,,809481493,Integration Session 3 Awakened Body Certificate.mp4,LIVE 2023 Awakened Body Cert,2023-03-19,0:56:09,1.013,nobody,"older programme: Circle library, offline archive, or drop?",
,DECIDE,,,,,,810559258,Contemporary Psychoanalysis Playing with Theories of Embodiment.mp4,LIVE 2023 Awakened Body Cert,2023-03-22,1:07:01,0.611,nobody,"older programme: Circle library, offline archive, or drop?",
,DECIDE,,,,,,812853181,Beyond Trauma Unbinding the Body Via Posttraumatic Growth Video.mp4,LIVE 2023 Awakened Body Cert,2023-03-29,1:41:56,1.074,nobody,"older programme: Circle library, offline archive, or drop?",
,DECIDE,,,,,,813594017,Embodied Movement Practices Engaging the Whole Self.mp4,LIVE 2023 Awakened Body Cert,2023-03-31,1:57:29,1.652,nobody,"older programme: Circle library, offline archive, or drop?",
,DECIDE,,,,,,815129683,The Unknown Unknown: Somatic Encounters with the Other,LIVE 2023 Awakened Body Cert,2023-04-05,1:54:30,1.222,disable,"older programme: Circle library, offline archive, or drop?",
,DECIDE,,,,,,815549980,Just to Be Alive: Somatics and Spirituality,LIVE 2023 Awakened Body Cert,2023-04-07,1:58:57,0.888,disable,"older programme: Circle library, offline archive, or drop?",
,DECIDE,,,,,,816017717,AB Cert Closing Ceremony.mp4,LIVE 2023 Awakened Body Cert,2023-04-09,1:19:51,1.287,nobody,"older programme: Circle library, offline archive, or drop?",
,DECIDE,,,,,,818523022,Polyvagal Theory and The Awakened Body with Dr. Albert Wong,LIVE 2023 Awakened Body Cert,2023-04-17,1:53:55,1.63,nobody,"older programme: Circle library, offline archive, or drop?",
,DECIDE,,,,,,818986864,Close Your Eyes to See.mp4,LIVE 2023 Awakened Body Cert,2023-04-19,1:56:42,0.862,nobody,"older programme: Circle library, offline archive, or drop?",
,DECIDE,,,,,,1120012316,Living from the Subtle Body,Living Room Lectures / Four Pathways - Tantrik Practice,2025-09-19,1:34:28,1.456,disable,"older programme: Circle library, offline archive, or drop?",
,DECIDE,,,,,,1129991883,Manifestation for Realists,Living Room Lectures / Four Pathways - Tantrik Practice,2025-10-23,1:17:07,0.661,disable,"older programme: Circle library, offline archive, or drop?",
,DECIDE,,,,,,608999995,MBT Orientation,MBT Cert 2021/2022 / MBT Trimester One,2021-09-19,0:58:55,0.422,disable,"older programme: Circle library, offline archive, or drop?",
,DECIDE,,,,,,610383820,Module 1: Intro to Somatic Psychology,MBT Cert 2021/2022 / MBT Trimester One,2021-09-21,1:52:29,0.854,disable,"older programme: Circle library, offline archive, or drop?",
,DECIDE,,,,,,612261459,Module 2: Intro to Somatic Psychology,MBT Cert 2021/2022 / MBT Trimester One,2021-09-23,1:57:48,0.66,disable,"older programme: Circle library, offline archive, or drop?",
,DECIDE,,,,,,617140668,Module 1: Ethos & Inquiry,MBT Cert 2021/2022 / MBT Trimester One,2021-09-28,1:50:42,0.81,disable,"older programme: Circle library, offline archive, or drop?",
,DECIDE,,,,,,618576041,Module 2: Ethos & Inquiry,MBT Cert 2021/2022 / MBT Trimester One,2021-09-30,1:30:30,0.527,disable,"older programme: Circle library, offline archive, or drop?",
,DECIDE,,,,,,623086801,Module 3: Ethos & Inquiry,MBT Cert 2021/2022 / MBT Trimester One,2021-10-05,1:55:19,1.374,disable,"older programme: Circle library, offline archive, or drop?",
,DECIDE,,,,,,625696456,Module 4: Ethos & Inquiry,MBT Cert 2021/2022 / MBT Trimester One,2021-10-07,1:28:13,0.661,disable,"older programme: Circle library, offline archive, or drop?",
,DECIDE,,,,,,639163972,Module 1: MindBody Inquiry Skills,MBT Cert 2021/2022 / MBT Trimester One,2021-10-26,1:56:27,0.595,disable,"older programme: Circle library, offline archive, or drop?",
,DECIDE,,,,,,640113566,Module 2: MindBody Inquiry Skills,MBT Cert 2021/2022 / MBT Trimester One,2021-10-28,1:56:52,0.973,disable,"older programme: Circle library, offline archive, or drop?",
,DECIDE,,,,,,641356351,Module 3:  MindBody Inquiry Skills,MBT Cert 2021/2022 / MBT Trimester One,2021-11-02,1:41:54,0.534,disable,"older programme: Circle library, offline archive, or drop?",
,DECIDE,,,,,,642428336,Module 4: MindBody Inquiry Skills,MBT Cert 2021/2022 / MBT Trimester One,2021-11-04,1:51:59,0.506,disable,"older programme: Circle library, offline archive, or drop?",
,DECIDE,,,,,,643789469,Module 1: Dialectical Mindfulness Skills,MBT Cert 2021/2022 / MBT Trimester One,2021-11-09,1:38:46,0.544,disable,"older programme: Circle library, offline archive, or drop?",
,DECIDE,,,,,,645078031,Module 2: Dialectical Mindfulness Skills,MBT Cert 2021/2022 / MBT Trimester One,2021-11-12,1:28:03,0.723,disable,"older programme: Circle library, offline archive, or drop?",
,DECIDE,,,,,,646338780,Module 1: Somatic Practitioner Skills 1,MBT Cert 2021/2022 / MBT Trimester One,2021-11-16,1:51:53,0.466,disable,"older programme: Circle library, offline archive, or drop?",
,DECIDE,,,,,,647192069,Module 2: Somatic Practitioner Skills 1,MBT Cert 2021/2022 / MBT Trimester One,2021-11-18,1:49:37,0.483,disable,"older programme: Circle library, offline archive, or drop?",
,DECIDE,,,,,,651448846,Module 3: Somatic Practitioner Skills 1,MBT Cert 2021/2022 / MBT Trimester One,2021-11-30,1:45:40,0.62,disable,"older programme: Circle library, offline archive, or drop?",
,DECIDE,,,,,,652350803,Module 4: Somatic Practitioner Skills 1,MBT Cert 2021/2022 / MBT Trimester One,2021-12-02,1:41:28,0.64,disable,"older programme: Circle library, offline archive, or drop?",
,DECIDE,,,,,,654231966,Module 1: Trauma Therapy: A Somatic Approach,MBT Cert 2021/2022 / MBT Trimester One,2021-12-07,1:42:35,0.459,disable,"older programme: Circle library, offline archive, or drop?",
,DECIDE,,,,,,654808370,Module 2: Trauma Therapy,MBT Cert 2021/2022 / MBT Trimester One,2021-12-09,1:56:31,0.535,disable,"older programme: Circle library, offline archive, or drop?",
,DECIDE,,,,,,656737479,Module 3: Trauma Therapy,MBT Cert 2021/2022 / MBT Trimester One,2021-12-14,1:56:56,0.513,disable,"older programme: Circle library, offline archive, or drop?",
,DECIDE,,,,,,657295751,Module 4: Trauma Therapy,MBT Cert 2021/2022 / MBT Trimester One,2021-12-16,1:49:57,0.601,disable,"older programme: Circle library, offline archive, or drop?",
,DECIDE,,,,,,655781172,MBT Integrative Seminar: Writing as Contemplative Practice,MBT Cert 2021/2022 / MBT Trimester Three,2021-12-12,1:07:18,0.466,disable,"older programme: Circle library, offline archive, or drop?",
,DECIDE,,,,,,671565911,Practice Session Demo,MBT Cert 2021/2022 / MBT Trimester Three,2022-01-30,0:19:21,0.13,disable,"older programme: Circle library, offline archive, or drop?",
,DECIDE,,,,,,695951999,Module 1: Somatic Practitioner Skills 3,MBT Cert 2021/2022 / MBT Trimester Three,2022-04-05,1:32:22,0.798,disable,"older programme: Circle library, offline archive, or drop?",
,DECIDE,,,,,,696806742,Module 2: Somatic Practitioner Skills 3,MBT Cert 2021/2022 / MBT Trimester Three,2022-04-07,1:35:21,0.337,disable,"older programme: Circle library, offline archive, or drop?",
,DECIDE,,,,,,698443334,Module 3: Somatic Practitioner Skills 3,MBT Cert 2021/2022 / MBT Trimester Three,2022-04-12,1:28:27,0.43,disable,"older programme: Circle library, offline archive, or drop?",
,DECIDE,,,,,,699286548,Module 4: Somatic Practitioner Skills 3,MBT Cert 2021/2022 / MBT Trimester Three,2022-04-14,1:29:20,0.429,disable,"older programme: Circle library, offline archive, or drop?",
,DECIDE,,,,,,700661603,Module 5: Somatic Practitioner Skills 3,MBT Cert 2021/2022 / MBT Trimester Three,2022-04-19,1:38:04,0.339,disable,"older programme: Circle library, offline archive, or drop?",
,DECIDE,,,,,,701511678,Module 6: Somatic Practitioner Skills 3,MBT Cert 2021/2022 / MBT Trimester Three,2022-04-21,1:39:32,0.429,disable,"older programme: Circle library, offline archive, or drop?",
,DECIDE,,,,,,703122939,Module 1: Somatic Practitioners  Skills 4,MBT Cert 2021/2022 / MBT Trimester Three,2022-04-26,1:31:37,1.261,disable,"older programme: Circle library, offline archive, or drop?",
,DECIDE,,,,,,704272354,Module 2: Somatic Practitioner Skills 4,MBT Cert 2021/2022 / MBT Trimester Three,2022-04-28,1:09:55,0.298,disable,"older programme: Circle library, offline archive, or drop?",
,DECIDE,,,,,,705586201,Module 3: Somatic Practitioner Skills 4,MBT Cert 2021/2022 / MBT Trimester Three,2022-05-03,1:01:57,0.217,disable,"older programme: Circle library, offline archive, or drop?",
,DECIDE,,,,,,706371370,Module 4: Somatic Practitioner Skills 4,MBT Cert 2021/2022 / MBT Trimester Three,2022-05-05,1:30:42,0.323,disable,"older programme: Circle library, offline archive, or drop?",
,DECIDE,,,,,,708044858,Module 5: Somatic Practitioner Skills 4,MBT Cert 2021/2022 / MBT Trimester Three,2022-05-10,1:36:30,0.342,disable,"older programme: Circle library, offline archive, or drop?",
,DECIDE,,,,,,708904137,Module 6: Somatic Practitioner Skills 4,MBT Cert 2021/2022 / MBT Trimester Three,2022-05-12,1:36:13,0.331,disable,"older programme: Circle library, offline archive, or drop?",
,DECIDE,,,,,,710895107,Module 1: An African Centered Approach to MindBody Practice,MBT Cert 2021/2022 / MBT Trimester Three,2022-05-17,1:34:41,0.346,disable,"older programme: Circle library, offline archive, or drop?",
,DECIDE,,,,,,711870175,Module 2: An African Centered Approach to MindBody Practice,MBT Cert 2021/2022 / MBT Trimester Three,2022-05-20,1:33:15,0.319,disable,"older programme: Circle library, offline archive, or drop?",
,DECIDE,,,,,,713339104,Module 3: An African-Centered Approach to MindBody Practice,MBT Cert 2021/2022 / MBT Trimester Three,2022-05-24,1:32:26,0.33,disable,"older programme: Circle library, offline archive, or drop?",
,DECIDE,,,,,,714241352,Module 4: An African-Centered Approach to MindBody Practice,MBT Cert 2021/2022 / MBT Trimester Three,2022-05-26,1:33:16,0.409,disable,"older programme: Circle library, offline archive, or drop?",
,DECIDE,,,,,,718788816,Final Skills Lab & Integration Session,MBT Cert 2021/2022 / MBT Trimester Three,2022-06-09,1:27:02,0.328,disable,"older programme: Circle library, offline archive, or drop?",
,DECIDE,,,,,,722038430,MBT Closing Ceremony,MBT Cert 2021/2022 / MBT Trimester Three,2022-06-20,1:28:25,0.445,disable,"older programme: Circle library, offline archive, or drop?",
,DECIDE,,,,,,386263206,"Module 1: Power, Privilege, and Difference",MBT Cert 2021/2022 / MBT Trimester Two,2020-01-21,2:02:49,0.454,unlisted,"older programme: Circle library, offline archive, or drop?",
,DECIDE,,,,,,387760422,"Module 2: Power, Privilege, and  Difference",MBT Cert 2021/2022 / MBT Trimester Two,2020-01-28,1:54:01,0.364,unlisted,"older programme: Circle library, offline archive, or drop?",
,DECIDE,,,,,,389278474,"Module 3: Power, Privilege, and Different",MBT Cert 2021/2022 / MBT Trimester Two,2020-02-04,1:53:39,0.382,unlisted,"older programme: Circle library, offline archive, or drop?",
,DECIDE,,,,,,390780451,"Module 4: Power, Privilege, and difference",MBT Cert 2021/2022 / MBT Trimester Two,2020-02-11,1:59:07,0.396,unlisted,"older programme: Circle library, offline archive, or drop?",
,DECIDE,,,,,,486006475,Module 1: Neuroscience of MindBody Therapy,MBT Cert 2021/2022 / MBT Trimester Two,2020-12-01,2:01:06,1.255,disable,"older programme: Circle library, offline archive, or drop?",
,DECIDE,,,,,,486876436,Module 2: Neuroscience of MindBody Therapy,MBT Cert 2021/2022 / MBT Trimester Two,2020-12-03,1:55:20,1.233,disable,"older programme: Circle library, offline archive, or drop?",
,DECIDE,,,,,,488373257,Module 3: Neuroscience of MindBody Therapy,MBT Cert 2021/2022 / MBT Trimester Two,2020-12-08,1:59:23,0.733,disable,"older programme: Circle library, offline archive, or drop?",
,DECIDE,,,,,,489265304,Module 4: Neuroscience of MindBody Therapy,MBT Cert 2021/2022 / MBT Trimester Two,2020-12-10,1:58:55,0.789,disable,"older programme: Circle library, offline archive, or drop?",
,DECIDE,,,,,,664542300,Nurture Surround Demo (short),MBT Cert 2021/2022 / MBT Trimester Two,2022-01-11,0:07:37,0.329,disable,"older programme: Circle library, offline archive, or drop?",
,DECIDE,,,,,,664545817,Nurture Surround Demo (long),MBT Cert 2021/2022 / MBT Trimester Two,2022-01-11,0:32:10,0.405,disable,"older programme: Circle library, offline archive, or drop?",
,DECIDE,,,,,,664984687,Module 1 - Touch Skills & Somatic Practices,MBT Cert 2021/2022 / MBT Trimester Two,2022-01-11,1:54:39,0.818,disable,"older programme: Circle library, offline archive, or drop?",
,DECIDE,,,,,,665451613,Module 2: Touch Skills & Somatic Practices,MBT Cert 2021/2022 / MBT Trimester Two,2022-01-13,1:58:23,0.481,disable,"older programme: Circle library, offline archive, or drop?",
,DECIDE,,,,,,665457204,Module 2: Touch Skills & Somatic Practices - A Heart Demo Session,MBT Cert 2021/2022 / MBT Trimester Two,2022-01-13,0:34:39,0.154,disable,"older programme: Circle library, offline archive, or drop?",
,DECIDE,,,,,,665458606,Module 2: Touch Skills & Somatic Practices - Opening the Thoracic Inlet Demo,MBT Cert 2021/2022 / MBT Trimester Two,2022-01-13,0:08:35,0.239,disable,"older programme: Circle library, offline archive, or drop?",
,DECIDE,,,,,,667062217,Module 3: Touch Skills & Somatic Practices,MBT Cert 2021/2022 / MBT Trimester Two,2022-01-18,1:57:48,0.479,disable,"older programme: Circle library, offline archive, or drop?",
,DECIDE,,,,,,668085492,Module 4: Touch Skills & Somatic Practices,MBT Cert 2021/2022 / MBT Trimester Two,2022-01-20,2:02:21,0.454,disable,"older programme: Circle library, offline archive, or drop?",
,DECIDE,,,,,,669937418,Module 1: Somatic Practitioner Skills 2,MBT Cert 2021/2022 / MBT Trimester Two,2022-01-25,1:33:28,0.497,disable,"older programme: Circle library, offline archive, or drop?",
,DECIDE,,,,,,670541873,Module 2: Somatic Practitioner Skills 2,MBT Cert 2021/2022 / MBT Trimester Two,2022-01-27,1:29:38,0.645,disable,"older programme: Circle library, offline archive, or drop?",
,DECIDE,,,,,,672195758,Module 3: Somatic Practitioner Skills Two,MBT Cert 2021/2022 / MBT Trimester Two,2022-02-01,1:33:51,0.333,disable,"older programme: Circle library, offline archive, or drop?",
,DECIDE,,,,,,673030162,Module 4: Somatic Practitioner Skills Two,MBT Cert 2021/2022 / MBT Trimester Two,2022-02-03,1:27:00,0.372,disable,"older programme: Circle library, offline archive, or drop?",
,DECIDE,,,,,,674711200,Module 5: Somatic Practitioner Skills Two,MBT Cert 2021/2022 / MBT Trimester Two,2022-02-08,1:28:09,0.333,disable,"older programme: Circle library, offline archive, or drop?",
,DECIDE,,,,,,675723899,Module 6: Somatic Practitioner Skills Two,MBT Cert 2021/2022 / MBT Trimester Two,2022-02-10,1:32:09,0.431,disable,"older programme: Circle library, offline archive, or drop?",
,DECIDE,,,,,,677525765,Module 1: Contemporary Yoga Therapy Praxis,MBT Cert 2021/2022 / MBT Trimester Two,2022-02-15,1:25:13,0.488,disable,"older programme: Circle library, offline archive, or drop?",
,DECIDE,,,,,,677838596,Module 2: Contemporary Yoga Therapy Praxis,MBT Cert 2021/2022 / MBT Trimester Two,2022-02-15,1:24:14,0.431,disable,"older programme: Circle library, offline archive, or drop?",
,DECIDE,,,,,,680277881,Module 3: Contemporary Yoga Therapy Praxis & Mental Health Promotion,MBT Cert 2021/2022 / MBT Trimester Two,2022-02-22,1:28:19,0.33,disable,"older programme: Circle library, offline archive, or drop?",
,DECIDE,,,,,,681154236,Module 4: Contemporary Yoga Therapy Praxis,MBT Cert 2021/2022 / MBT Trimester Two,2022-02-24,1:28:59,0.314,disable,"older programme: Circle library, offline archive, or drop?",
,DECIDE,,,,,,408423177,MBT Faculty Q & A - Working Online (video lg),MBT Meetings,2020-04-16,1:04:30,0.454,nobody,"older programme: Circle library, offline archive, or drop?",
,DECIDE,,,,,,408431259,MBT Fac Q & A - Ethics Scope Self Care (video lg),MBT Meetings,2020-04-16,1:27:58,0.541,nobody,"older programme: Circle library, offline archive, or drop?",
,DECIDE,,,,,,910583034,Yoga Sutra Meditation - Module 1,Meditation and the Yoga Sutras,2024-02-06,2:03:28,0.867,disable,"older programme: Circle library, offline archive, or drop?",
,DECIDE,,,,,,910584215,Yoga Sutra Meditation - Module 2,Meditation and the Yoga Sutras,2024-02-06,1:41:38,1.1,disable,"older programme: Circle library, offline archive, or drop?",
,DECIDE,,,,,,910586312,Yoga Sutra Meditation - Module 3,Meditation and the Yoga Sutras,2024-02-06,1:50:16,0.875,disable,"older programme: Circle library, offline archive, or drop?",
,DECIDE,,,,,,910588371,Yoga Sutra Meditation - Module 4,Meditation and the Yoga Sutras,2024-02-06,2:05:02,0.901,disable,"older programme: Circle library, offline archive, or drop?",
,DECIDE,,,,,,899356461,Day 1 - Oneika Mays (Earth Talk),Meditation Resolution 2024,2024-01-02,0:22:36,0.404,disable,"older programme: Circle library, offline archive, or drop?",
,DECIDE,,,,,,899360601,Day 2 - Susanna Harwood-Rubin (Water Practice),Meditation Resolution 2024,2024-01-02,0:23:49,0.258,disable,"older programme: Circle library, offline archive, or drop?",
,DECIDE,,,,,,899360692,Day 2 - Susanna Harwood-Rubin (Water Talk),Meditation Resolution 2024,2024-01-02,0:25:35,0.365,disable,"older programme: Circle library, offline archive, or drop?",
,DECIDE,,,,,,899366135,Day 1 - Oneika Mays (Earth Practice),Meditation Resolution 2024,2024-01-03,0:31:27,0.389,disable,"older programme: Circle library, offline archive, or drop?",
,DECIDE,,,,,,899887872,Day 3 - Mary Reilly Nichols (Fire Practice),Meditation Resolution 2024,2024-01-04,0:24:37,0.072,disable,"older programme: Circle library, offline archive, or drop?",
,DECIDE,,,,,,899887915,Day 3 - Mary Reilly Nichols (Fire Talk),Meditation Resolution 2024,2024-01-04,0:23:51,0.099,disable,"older programme: Circle library, offline archive, or drop?",
,DECIDE,,,,,,899894437,Day 4 - Mary Reilly Nichols (Air Practice),Meditation Resolution 2024,2024-01-04,0:18:48,0.219,disable,"older programme: Circle library, offline archive, or drop?",
,DECIDE,,,,,,899894673,Day 4 - Mary Reilly Nichols (Air Talk),Meditation Resolution 2024,2024-01-04,0:33:02,0.239,disable,"older programme: Circle library, offline archive, or drop?",
,DECIDE,,,,,,1178766877,Day_5_-_Abha_Rajbhandari_Ether_Practice,Meditation Resolution 2024,2026-03-31,0:31:35,0.275,nobody,"older programme: Circle library, offline archive, or drop?",
,DECIDE,,,,,,1178767077,Day_5_-_Abha_Rajbhandari_Ether_Talk,Meditation Resolution 2024,2026-03-31,0:22:56,0.101,nobody,"older programme: Circle library, offline archive, or drop?",
,DECIDE,,,,,,1178767252,INTRO_Meditation_Resolution_2024,Meditation Resolution 2024,2026-03-31,0:01:44,0.056,nobody,"older programme: Circle library, offline archive, or drop?",
,DECIDE,,,,,,1043294092,Meditation Resolution 2025 Day 1 - Mary Reilly Nichols (avidyā),Meditation Resolution 2025,2025-01-01,0:50:49,0.275,nobody,"older programme: Circle library, offline archive, or drop?",
,DECIDE,,,,,,1043517106,Meditation Resolution 2025 Day 2 - Nataraj Chaitanya (asmitā),Meditation Resolution 2025,2025-01-02,1:08:09,0.451,nobody,"older programme: Circle library, offline archive, or drop?",
,DECIDE,,,,,,1043775403,Meditation Resolution 2025 Day 3 - Abha Rajbhandari (rāga),Meditation Resolution 2025,2025-01-03,1:02:26,0.332,nobody,"older programme: Circle library, offline archive, or drop?",
,DECIDE,,,,,,1043963265,Day 4 - Meditation Resolution 2025 - Reggie Hubbard (dveṣa),Meditation Resolution 2025,2025-01-04,0:57:31,1.713,nobody,"older programme: Circle library, offline archive, or drop?",
,DECIDE,,,,,,1044144357,Day 5 - Meditation Resolution 2025 - Susanna Harwood Rubin (abhiniveśa),Meditation Resolution 2025,2025-01-05,0:58:52,1.39,nobody,"older programme: Circle library, offline archive, or drop?",
,DECIDE,,,,,,1150911426,Day 1 - Annamaya Kośa (Food Sheath): Body as Temple,Meditation Resolution 2026,2026-01-02,1:04:37,0.669,nobody,"older programme: Circle library, offline archive, or drop?",
,DECIDE,,,,,,1151087139,Day 2 - Prāṇamaya Kośa (Energy Body): Breath as Guide,Meditation Resolution 2026,2026-01-02,1:10:57,0.509,nobody,"older programme: Circle library, offline archive, or drop?",
,DECIDE,,,,,,1151298519,Day 3 - Manomaya Kośa,Meditation Resolution 2026,2026-01-04,1:01:11,0.435,nobody,"older programme: Circle library, offline archive, or drop?",
,DECIDE,,,,,,1151462959,Day 4 - Vijñānamaya Kośa,Meditation Resolution 2026,2026-01-05,1:01:30,1.097,nobody,"older programme: Circle library, offline archive, or drop?",
,DECIDE,,,,,,1151974830,Day 5 - Ānandamaya Kośa (Bliss Sheath): Bliss as Homecoming,Meditation Resolution 2026,2026-01-06,1:13:54,0.719,nobody,"older programme: Circle library, offline archive, or drop?",
,DECIDE,,,,,,456368142,MBT-Meet-the-Faculty-Q&A,MindBody Therapy Cert,2020-09-09,1:27:11,0.348,nobody,"older programme: Circle library, offline archive, or drop?",
,DECIDE,,,,,,457051171,The MindBody Therapy Certificate Program Introduction,MindBody Therapy Cert,2020-09-11,1:03:07,0.346,nobody,"older programme: Circle library, offline archive, or drop?",The MindBody Therapy Certificate Program Introduction
,DECIDE,,,,,,458227480,Intro to MBT (video),MindBody Therapy Cert,2020-09-15,1:57:05,0.483,nobody,"older programme: Circle library, offline archive, or drop?",
,DECIDE,,,,,,459069789,Intro to MBT 2 (video),MindBody Therapy Cert,2020-09-17,1:58:51,0.577,nobody,"older programme: Circle library, offline archive, or drop?",
,DECIDE,,,,,,460738036,Intro to MBT - Module 3 (video),MindBody Therapy Cert,2020-09-22,2:01:35,0.582,nobody,"older programme: Circle library, offline archive, or drop?",
,DECIDE,,,,,,461575001,Intro to MBT - Module 4 (video),MindBody Therapy Cert,2020-09-24,1:58:46,0.476,nobody,"older programme: Circle library, offline archive, or drop?",
,DECIDE,,,,,,462876934,MindBody Assessment - Module 1 - (Video),MindBody Therapy Cert,2020-09-29,1:56:34,0.513,nobody,"older programme: Circle library, offline archive, or drop?",
,DECIDE,,,,,,463679725,MindBody Assessment - Module 2 - (Video),MindBody Therapy Cert,2020-10-01,2:00:35,0.555,nobody,"older programme: Circle library, offline archive, or drop?",
,DECIDE,,,,,,465245066,MB Assessment - Module 3 - (Video),MindBody Therapy Cert,2020-10-06,1:58:09,0.648,nobody,"older programme: Circle library, offline archive, or drop?",
,DECIDE,,,,,,466036058,MB Assessment Module 4 - (Video),MindBody Therapy Cert,2020-10-08,1:56:04,0.511,nobody,"older programme: Circle library, offline archive, or drop?",
,DECIDE,,,,,,469291606,MBT Integrative Seminar 1,MindBody Therapy Cert,2020-10-17,1:19:23,0.565,nobody,"older programme: Circle library, offline archive, or drop?",MBT Integrative Seminar 1
,DECIDE,,,,,,471090307,Module 4 Video Temp 2,MindBody Therapy Cert,2020-10-22,1:30:11,0.502,nobody,"older programme: Circle library, offline archive, or drop?",
,DECIDE,,,,,,475676720,MBT Community Conversation,MindBody Therapy Cert,2020-11-05,0:43:12,0.234,nobody,"older programme: Circle library, offline archive, or drop?",
,DECIDE,,,,,,551786507,MBT Mod 1 - Trauma Therapy: A Somatic Approach,MindBody Therapy Cert,2021-05-18,1:58:57,0.547,disable,"older programme: Circle library, offline archive, or drop?",
,DECIDE,,,,,,552998081,MBT Mod 2 - Trauma Therapy,MindBody Therapy Cert,2021-05-20,2:03:58,0.526,disable,"older programme: Circle library, offline archive, or drop?",A Somatic Appproach
,DECIDE,,,,,,554881151,MBT Mod 3 - Trauma Therapy,MindBody Therapy Cert,2021-05-25,2:04:04,0.522,disable,"older programme: Circle library, offline archive, or drop?",
,DECIDE,,,,,,555798187,MBT Mod 4 - Trauma Therapy,MindBody Therapy Cert,2021-05-27,2:04:15,0.657,disable,"older programme: Circle library, offline archive, or drop?",
,DECIDE,,,,,,361092120,CERT MBT2019 Dialogue Skills Module 1,MindBody Therapy Cert / Clinical and Dialogue Skills,2019-09-19,1:35:20,0.382,unlisted,"older programme: Circle library, offline archive, or drop?",
,DECIDE,,,,,,362594718,CERT MBT2019 Dialogue Skills Module 2,MindBody Therapy Cert / Clinical and Dialogue Skills,2019-09-26,1:31:05,0.411,unlisted,"older programme: Circle library, offline archive, or drop?",
,DECIDE,,,,,,364076366,CERT MBT2019 Dialogue Skills Module 3,MindBody Therapy Cert / Clinical and Dialogue Skills,2019-10-03,1:47:15,0.463,unlisted,"older programme: Circle library, offline archive, or drop?",
,DECIDE,,,,,,367049859,CERT MBT2019 Dialogue Skills Module 5,MindBody Therapy Cert / Clinical and Dialogue Skills,2019-10-17,1:47:09,0.473,unlisted,"older programme: Circle library, offline archive, or drop?",
,DECIDE,,,,,,367364758,CERT MBT2019 Clinical Skills Module 1,MindBody Therapy Cert / Clinical and Dialogue Skills,2019-10-18,2:00:14,0.43,unlisted,"older programme: Circle library, offline archive, or drop?",
,DECIDE,,,,,,368562504,CERT MBT2019 Dialogue Skills Module 6,MindBody Therapy Cert / Clinical and Dialogue Skills,2019-10-24,1:51:59,0.447,unlisted,"older programme: Circle library, offline archive, or drop?",
,DECIDE,,,,,,368850052,CERT MBT2019 Clinical Skills Module 2,MindBody Therapy Cert / Clinical and Dialogue Skills,2019-10-25,1:56:47,0.328,unlisted,"older programme: Circle library, offline archive, or drop?",
,DECIDE,,,,,,370348780,CERT MBT2019 Clinical Skills Module 3,MindBody Therapy Cert / Clinical and Dialogue Skills,2019-11-01,1:56:23,0.493,unlisted,"older programme: Circle library, offline archive, or drop?",
,DECIDE,,,,,,372096247,CERT MBT2019 Clinical Skills Module 4,MindBody Therapy Cert / Clinical and Dialogue Skills,2019-11-09,1:54:21,0.502,unlisted,"older programme: Circle library, offline archive, or drop?",
,DECIDE,,,,,,373469180,CERT MBT2019 Clinical Skills Module 5,MindBody Therapy Cert / Clinical and Dialogue Skills,2019-11-15,2:08:24,0.474,unlisted,"older programme: Circle library, offline archive, or drop?",
,DECIDE,,,,,,374833860,CERT MBT2019 Clinical Skills Module 6,MindBody Therapy Cert / Clinical and Dialogue Skills,2019-11-22,1:17:39,0.293,unlisted,"older programme: Circle library, offline archive, or drop?",
,DECIDE,,,,,,377922643,CERT MBT2019 Clinical Skills Module 7,MindBody Therapy Cert / Clinical and Dialogue Skills,2019-12-07,2:00:11,0.53,unlisted,"older programme: Circle library, offline archive, or drop?",
,DECIDE,,,,,,379176761,CERT MBT2019 Clinical Skills Module 8,MindBody Therapy Cert / Clinical and Dialogue Skills,2019-12-13,1:55:08,0.445,unlisted,"older programme: Circle library, offline archive, or drop?",
,DECIDE,,,,,,386411903,CERT MBT2020 Clinical Skills 2 Module 1,MindBody Therapy Cert / Clinical and Dialogue Skills,2020-01-22,1:49:05,0.463,unlisted,"older programme: Circle library, offline archive, or drop?",
,DECIDE,,,,,,388006265,CERT MBT2020 Clinical Skills 2 Module 2,MindBody Therapy Cert / Clinical and Dialogue Skills,2020-01-29,1:57:34,0.839,unlisted,"older programme: Circle library, offline archive, or drop?",
,DECIDE,,,,,,389607161,CERT MBT2020 Clinical Skills 2 Module 3,MindBody Therapy Cert / Clinical and Dialogue Skills,2020-02-05,1:59:18,0.556,unlisted,"older programme: Circle library, offline archive, or drop?",
,DECIDE,,,,,,391067147,CERT MBT2020 Clinical Skills 2 Module 4,MindBody Therapy Cert / Clinical and Dialogue Skills,2020-02-12,1:52:35,0.794,unlisted,"older programme: Circle library, offline archive, or drop?",
,DECIDE,,,,,,392477502,CERT MBT2020 Clinical Skills 2 Module 5,MindBody Therapy Cert / Clinical and Dialogue Skills,2020-02-19,1:57:50,0.433,unlisted,"older programme: Circle library, offline archive, or drop?",
,DECIDE,,,,,,393987214,CERT MBT2020 Clinical Skills 2 Module 6,MindBody Therapy Cert / Clinical and Dialogue Skills,2020-02-26,1:59:55,0.712,unlisted,"older programme: Circle library, offline archive, or drop?",
,DECIDE,,,,,,394275800,CERT MBT2020 Dialogue Skills 2 Module 1,MindBody Therapy Cert / Clinical and Dialogue Skills,2020-02-27,1:56:19,0.452,unlisted,"older programme: Circle library, offline archive, or drop?",
,DECIDE,,,,,,395752670,CERT MBT2020 Dialogue Skills 2 Module 2,MindBody Therapy Cert / Clinical and Dialogue Skills,2020-03-05,1:48:08,0.429,unlisted,"older programme: Circle library, offline archive, or drop?",
,DECIDE,,,,,,397197817,CERT MBT2020 Dialogue Skills 2 Module 3,MindBody Therapy Cert / Clinical and Dialogue Skills,2020-03-12,1:55:16,0.369,unlisted,"older programme: Circle library, offline archive, or drop?",
,DECIDE,,,,,,398841338,CERT MBT2020 Dialogue Skills 2 Module 4,MindBody Therapy Cert / Clinical and Dialogue Skills,2020-03-19,1:50:59,0.365,unlisted,"older programme: Circle library, offline archive, or drop?",
,DECIDE,,,,,,410041632,CERT MBT2020 Clinical Skills 3 Module 1,MindBody Therapy Cert / Clinical and Dialogue Skills,2020-04-21,1:24:47,0.321,unlisted,"older programme: Circle library, offline archive, or drop?",
,DECIDE,,,,,,411747662,CERT MBT2020 Clinical Skills 3 Module 2,MindBody Therapy Cert / Clinical and Dialogue Skills,2020-04-25,2:02:40,0.479,unlisted,"older programme: Circle library, offline archive, or drop?",
,DECIDE,,,,,,414167998,CERT MBT2020 Clinical Skills 3 Module 3,MindBody Therapy Cert / Clinical and Dialogue Skills,2020-05-02,1:55:57,0.354,unlisted,"older programme: Circle library, offline archive, or drop?",
,DECIDE,,,,,,416558911,CERT MBT2020 Clinical Skills 3 Module 4,MindBody Therapy Cert / Clinical and Dialogue Skills,2020-05-09,1:52:54,0.351,unlisted,"older programme: Circle library, offline archive, or drop?",
,DECIDE,,,,,,419331203,CERT MBT2020 Clinical Skills 3 Module 5,MindBody Therapy Cert / Clinical and Dialogue Skills,2020-05-16,2:01:12,0.425,unlisted,"older programme: Circle library, offline archive, or drop?",
,DECIDE,,,,,,421631134,CERT MBT2020 Clinical Skills 4 Module 1,MindBody Therapy Cert / Clinical and Dialogue Skills,2020-05-22,1:59:13,0.461,unlisted,"older programme: Circle library, offline archive, or drop?",
,DECIDE,,,,,,423000582,CERT MBT2020 Clinical Skills 3 Module 6,MindBody Therapy Cert / Clinical and Dialogue Skills,2020-05-27,2:02:49,0.558,unlisted,"older programme: Circle library, offline archive, or drop?",
,DECIDE,,,,,,424064562,CERT MBT2020 Clinical Skills 4 Module 2,MindBody Therapy Cert / Clinical and Dialogue Skills,2020-05-29,1:58:37,0.496,unlisted,"older programme: Circle library, offline archive, or drop?",
,DECIDE,,,,,,426566916,CERT MBT2020 Clinical Skills 4 Module 3,MindBody Therapy Cert / Clinical and Dialogue Skills,2020-06-06,1:58:36,0.464,unlisted,"older programme: Circle library, offline archive, or drop?",
,DECIDE,,,,,,428575841,CERT MBT2020 Clinical Skills 4 Module 4,MindBody Therapy Cert / Clinical and Dialogue Skills,2020-06-12,1:48:30,0.534,unlisted,"older programme: Circle library, offline archive, or drop?",
,DECIDE,,,,,,430829412,CERT MBT2020 Clinical Skills 4 Module 5,MindBody Therapy Cert / Clinical and Dialogue Skills,2020-06-19,2:00:24,0.425,unlisted,"older programme: Circle library, offline archive, or drop?",
,DECIDE,,,,,,432929881,CERT MBT2020 Clinical Skills 4 Module 6,MindBody Therapy Cert / Clinical and Dialogue Skills,2020-06-26,2:01:36,0.493,unlisted,"older programme: Circle library, offline archive, or drop?",
,DECIDE,,,,,,467862438,CERT MBT2020 Dialogue Skills Module 1,MindBody Therapy Cert / Clinical and Dialogue Skills,2020-10-13,1:38:53,0.59,unlisted,"older programme: Circle library, offline archive, or drop?",
,DECIDE,,,,,,468769179,CERT MBT2020 Dialogue Skills Module 2,MindBody Therapy Cert / Clinical and Dialogue Skills,2020-10-16,1:33:35,0.486,unlisted,"older programme: Circle library, offline archive, or drop?",
,DECIDE,,,,,,470283762,CERT MBT2020 Dialogue Skills Module 3,MindBody Therapy Cert / Clinical and Dialogue Skills,2020-10-20,1:35:00,0.679,unlisted,"older programme: Circle library, offline archive, or drop?",
,DECIDE,,,,,,472491120,CERT MBT2020 Dialogue Skills Module 5,MindBody Therapy Cert / Clinical and Dialogue Skills,2020-10-27,1:31:54,1.117,unlisted,"older programme: Circle library, offline archive, or drop?",
,DECIDE,,,,,,473521636,CERT MBT2020 Dialogue Skills Module 6,MindBody Therapy Cert / Clinical and Dialogue Skills,2020-10-29,1:36:34,0.541,unlisted,"older programme: Circle library, offline archive, or drop?",
,DECIDE,,,,,,475183386,CERT MBT2020 Clinical Skills Module 1,MindBody Therapy Cert / Clinical and Dialogue Skills,2020-11-03,1:30:37,0.51,unlisted,"older programme: Circle library, offline archive, or drop?","Created with Movavi Video Editor Business
https://www.movavi.com/video-editor-business/?c=vebiz15"
,DECIDE,,,,,,476041510,CERT MBT2020 Clinical Skills Module 2,MindBody Therapy Cert / Clinical and Dialogue Skills,2020-11-05,1:34:45,0.441,unlisted,"older programme: Circle library, offline archive, or drop?",
,DECIDE,,,,,,477761911,CERT MBT2020 Clinical Skills Module 3,MindBody Therapy Cert / Clinical and Dialogue Skills,2020-11-10,1:51:29,0.549,unlisted,"older programme: Circle library, offline archive, or drop?",
,DECIDE,,,,,,478578597,CERT MBT2020 Clinical Skills Module 4,MindBody Therapy Cert / Clinical and Dialogue Skills,2020-11-12,1:40:12,0.524,unlisted,"older programme: Circle library, offline archive, or drop?",
,DECIDE,,,,,,480370359,CERT MBT2020 Clinical Skills Module 5,MindBody Therapy Cert / Clinical and Dialogue Skills,2020-11-17,1:56:31,0.717,unlisted,"older programme: Circle library, offline archive, or drop?",
,DECIDE,,,,,,481313730,CERT MBT2020 Clinical Skills Module 6,MindBody Therapy Cert / Clinical and Dialogue Skills,2020-11-19,1:39:44,0.549,unlisted,"older programme: Circle library, offline archive, or drop?",
,DECIDE,,,,,,499693154,CERT MBT2021 Dialogue Skills 2 Module 1,MindBody Therapy Cert / Clinical and Dialogue Skills,2021-01-12,1:36:01,0.437,unlisted,"older programme: Circle library, offline archive, or drop?",
,DECIDE,,,,,,500396595,CERT MBT2021 Dialogue Skills 2 Module 2,MindBody Therapy Cert / Clinical and Dialogue Skills,2021-01-14,1:35:00,0.604,unlisted,"older programme: Circle library, offline archive, or drop?",
,DECIDE,,,,,,503152938,CERT MBT2021 Dialogue Skills 2 Module 4,MindBody Therapy Cert / Clinical and Dialogue Skills,2021-01-21,1:34:25,0.668,unlisted,"older programme: Circle library, offline archive, or drop?",
,DECIDE,,,,,,503704970,CERT MBT2021 Dialogue Skills 2 Module 3,MindBody Therapy Cert / Clinical and Dialogue Skills,2021-01-23,1:35:44,0.586,unlisted,"older programme: Circle library, offline archive, or drop?",
,DECIDE,,,,,,504852921,CERT MBT2021 Dialogue Skills 2 Module 5,MindBody Therapy Cert / Clinical and Dialogue Skills,2021-01-26,1:37:26,0.763,unlisted,"older programme: Circle library, offline archive, or drop?",
,DECIDE,,,,,,505729788,CERT MBT2021 Dialogue Skills 2 Module 6,MindBody Therapy Cert / Clinical and Dialogue Skills,2021-01-28,1:31:44,0.686,unlisted,"older programme: Circle library, offline archive, or drop?",
,DECIDE,,,,,,507543587,CERT MBT2021 Clinical Skills 2 Module 1,MindBody Therapy Cert / Clinical and Dialogue Skills,2021-02-02,2:03:47,0.623,unlisted,"older programme: Circle library, offline archive, or drop?",
,DECIDE,,,,,,508441218,CERT MBT2021 Clinical Skills 2 Module 2,MindBody Therapy Cert / Clinical and Dialogue Skills,2021-02-04,1:59:42,1.005,unlisted,"older programme: Circle library, offline archive, or drop?",
,DECIDE,,,,,,510071387,CERT MBT2021 Clinical Skills 2 Module 3,MindBody Therapy Cert / Clinical and Dialogue Skills,2021-02-09,2:05:09,0.694,unlisted,"older programme: Circle library, offline archive, or drop?",
,DECIDE,,,,,,510995045,CERT MBT2021 Clinical Skills 2 Module 4,MindBody Therapy Cert / Clinical and Dialogue Skills,2021-02-11,1:57:04,1.508,unlisted,"older programme: Circle library, offline archive, or drop?",
,DECIDE,,,,,,512945448,CERT MBT2021 Clinical Skills 2 Module 5,MindBody Therapy Cert / Clinical and Dialogue Skills,2021-02-16,1:54:25,1.014,unlisted,"older programme: Circle library, offline archive, or drop?",
,DECIDE,,,,,,513903900,CERT MBT2021 Clinical Skills 2 Module 6,MindBody Therapy Cert / Clinical and Dialogue Skills,2021-02-18,1:59:53,2.009,unlisted,"older programme: Circle library, offline archive, or drop?",
,DECIDE,,,,,,533708653,CERT MBT2021 Clinical Skills 3 Module 1,MindBody Therapy Cert / Clinical and Dialogue Skills,2021-04-06,2:00:09,0.568,unlisted,"older programme: Circle library, offline archive, or drop?",
,DECIDE,,,,,,534625751,CERT MBT2021 Clinical Skills 3 Module 2,MindBody Therapy Cert / Clinical and Dialogue Skills,2021-04-08,1:55:09,0.515,unlisted,"older programme: Circle library, offline archive, or drop?",
,DECIDE,,,,,,536560304,CERT MBT2021 Clinical Skills 3 Module 3,MindBody Therapy Cert / Clinical and Dialogue Skills,2021-04-13,2:04:04,0.701,unlisted,"older programme: Circle library, offline archive, or drop?",
,DECIDE,,,,,,537306312,CERT MBT2021 Clinical Skills 3 Module 3,MindBody Therapy Cert / Clinical and Dialogue Skills,2021-04-15,1:56:19,0.503,unlisted,"older programme: Circle library, offline archive, or drop?",
,DECIDE,,,,,,539332143,CERT MBT2021 Clinical Skills 3 Module 5,MindBody Therapy Cert / Clinical and Dialogue Skills,2021-04-20,2:10:13,0.828,unlisted,"older programme: Circle library, offline archive, or drop?",
,DECIDE,,,,,,539782130,CERT MBT2021 Clinical Skills 3 Module 6,MindBody Therapy Cert / Clinical and Dialogue Skills,2021-04-21,1:44:14,0.932,unlisted,"older programme: Circle library, offline archive, or drop?",
,DECIDE,,,,,,541961813,CERT MBT2021 Clinical Skills 4 Module 1,MindBody Therapy Cert / Clinical and Dialogue Skills,2021-04-27,2:01:24,0.605,unlisted,"older programme: Circle library, offline archive, or drop?",
,DECIDE,,,,,,545820799,CERT MBT2021 (Clinical) Dialogue Skills (4) Module 4,MindBody Therapy Cert / Clinical and Dialogue Skills,2021-05-06,1:50:01,0.527,unlisted,"older programme: Circle library, offline archive, or drop?",
,DECIDE,,,,,,548739595,CERT MBT2021 Clinical Skills 4 Module 6,MindBody Therapy Cert / Clinical and Dialogue Skills,2021-05-13,2:03:39,0.611,unlisted,"older programme: Circle library, offline archive, or drop?",
,DECIDE,,,,,,580343082,(Intro) Buddhist Meditation Mini-Training,Mini-Trainings: Podcast Series,2021-07-28,0:00:47,0.013,nobody,"older programme: Circle library, offline archive, or drop?",This video is about Buddhist Meditation Mini-Training (Intro)
,DECIDE,,,,,,580374432,(Part 1) Buddhist Meditation Mini-Training,Mini-Trainings: Podcast Series,2021-07-28,0:14:36,0.264,nobody,"older programme: Circle library, offline archive, or drop?",This video is about Buddhist Meditation Mini-Training (Part 1)
,DECIDE,,,,,,580445697,(Part 3) Buddhist Meditation Mini-Training,Mini-Trainings: Podcast Series,2021-07-28,0:19:27,0.351,nobody,"older programme: Circle library, offline archive, or drop?",This video is about Buddhist Meditation Mini-Training (Part 3)
,DECIDE,,,,,,580483078,(Intro) The Four Yogas - Mary,Mini-Trainings: Podcast Series,2021-07-28,0:01:53,0.05,nobody,"older programme: Circle library, offline archive, or drop?",
,DECIDE,,,,,,580489164,(Part 4) The Four Yogas - Mary,Mini-Trainings: Podcast Series,2021-07-28,0:13:55,0.406,nobody,"older programme: Circle library, offline archive, or drop?",
,DECIDE,,,,,,580567514,(Part 3) The Four Yogas - Mary,Mini-Trainings: Podcast Series,2021-07-29,0:15:50,0.435,nobody,"older programme: Circle library, offline archive, or drop?",
,DECIDE,,,,,,580612058,(Part 2) The Four Yogas - Mary,Mini-Trainings: Podcast Series,2021-07-29,0:14:16,0.391,nobody,"older programme: Circle library, offline archive, or drop?",
,DECIDE,,,,,,580656787,(Part 1) The Four Yogas - Mary,Mini-Trainings: Podcast Series,2021-07-29,0:14:15,0.402,nobody,"older programme: Circle library, offline archive, or drop?",
,DECIDE,,,,,,580818627,(Intro) Shakti Mini-Training - Laura,Mini-Trainings: Podcast Series,2021-07-29,0:03:34,0.153,nobody,"older programme: Circle library, offline archive, or drop?",
,DECIDE,,,,,,580825623,(Part 4) Shakti Mini-training - Laura,Mini-Trainings: Podcast Series,2021-07-29,0:20:11,0.824,nobody,"older programme: Circle library, offline archive, or drop?",
,DECIDE,,,,,,580849117,(Part 2) Buddhist Meditation Mini-Training,Mini-Trainings: Podcast Series,2021-07-29,0:15:22,0.272,nobody,"older programme: Circle library, offline archive, or drop?",This video is about Buddhist Meditation Mini-Training (Part 2)
,DECIDE,,,,,,580866123,(Part 3) Laura: Shakti Mini-Training Kali,Mini-Trainings: Podcast Series,2021-07-29,0:16:37,0.695,nobody,"older programme: Circle library, offline archive, or drop?",
,DECIDE,,,,,,580883841,(Intro) Shamanic Mini-Training,Mini-Trainings: Podcast Series,2021-07-29,0:00:54,0.013,nobody,"older programme: Circle library, offline archive, or drop?",This video is about Shamanic Mini-Training Intro
,DECIDE,,,,,,580895652,(Part 1) Shamanic Mini-Training,Mini-Trainings: Podcast Series,2021-07-29,0:09:01,0.147,nobody,"older programme: Circle library, offline archive, or drop?",This video is about Shamanic Mini-Training Part 1
,DECIDE,,,,,,580904094,(Part 2) Shamanic Mini-Training,Mini-Trainings: Podcast Series,2021-07-29,0:12:49,0.21,nobody,"older programme: Circle library, offline archive, or drop?",This video is about Shamanic Mini-Training #2
,DECIDE,,,,,,582180792,(Part 2) Laura: Shakti Mini-Training,Mini-Trainings: Podcast Series,2021-08-02,0:15:58,0.646,nobody,"older programme: Circle library, offline archive, or drop?",
,DECIDE,,,,,,582561919,Shamanic Mini-Training Part 3,Mini-Trainings: Podcast Series,2021-08-03,0:13:39,0.228,nobody,"older programme: Circle library, offline archive, or drop?",This video is about Shamanic Mini-Training Part 3
,DECIDE,,,,,,843088678,Four Yogas- Intro (with logo),Mini-Trainings: Podcast Series,2023-07-07,0:00:47,0.007,disable,"older programme: Circle library, offline archive, or drop?",
,DECIDE,,,,,,843096588,Episode 1 Karma Yoga (Updated),Mini-Trainings: Podcast Series,2023-07-07,0:13:24,0.271,disable,"older programme: Circle library, offline archive, or drop?",
,DECIDE,,,,,,843102394,Episode 2: Bhakti Yoga (Updated),Mini-Trainings: Podcast Series,2023-07-07,0:13:28,0.344,disable,"older programme: Circle library, offline archive, or drop?",
,DECIDE,,,,,,843111569,Episode 3: Jyana Yoga (updated),Mini-Trainings: Podcast Series,2023-07-07,0:15:11,0.39,disable,"older programme: Circle library, offline archive, or drop?",
,DECIDE,,,,,,837086785,Addiction: The Dis-ease of the Lost Self,My library,2023-06-17,1:00:33,0.962,unlisted,"older programme: Circle library, offline archive, or drop?",
,DECIDE,,,,,,897712446,30-Day Sādhana - Naumi Cit,My library / 30-Day Sadhana - Mantra,2023-12-25,0:09:29,0.357,nobody,"older programme: Circle library, offline archive, or drop?",
,DECIDE,,,,,,897713230,30-Day Sādhana - Asato Ma Sad Gamaya,My library / 30-Day Sadhana - Mantra,2023-12-25,0:11:22,0.432,nobody,"older programme: Circle library, offline archive, or drop?",
,DECIDE,,,,,,897714099,30-Day Sādhana - Shakti Mantra,My library / 30-Day Sadhana - Mantra,2023-12-25,0:11:11,0.419,nobody,"older programme: Circle library, offline archive, or drop?",
,DECIDE,,,,,,897715227,30-Day Sādhana - Ekadantaya,My library / 30-Day Sadhana - Mantra,2023-12-25,0:13:23,0.513,nobody,"older programme: Circle library, offline archive, or drop?",
,DECIDE,,,,,,897716377,30-Day Sādhana - Om Dum Durgaye Namaha,My library / 30-Day Sadhana - Mantra,2023-12-25,0:08:41,0.352,nobody,"older programme: Circle library, offline archive, or drop?",
,DECIDE,,,,,,897717165,30-Day Sādhana - Gurave Sarvalokanam,My library / 30-Day Sadhana - Mantra,2023-12-25,0:13:02,0.537,nobody,"older programme: Circle library, offline archive, or drop?",
,DECIDE,,,,,,897718122,30-Day Sādhana - Shanti Patha,My library / 30-Day Sadhana - Mantra,2023-12-25,0:09:49,0.397,nobody,"older programme: Circle library, offline archive, or drop?",
,DECIDE,,,,,,897719071,30-Day Sādhana - Vijñāna Bhairava Tantra,My library / 30-Day Sadhana - Mantra,2023-12-25,0:10:01,0.374,nobody,"older programme: Circle library, offline archive, or drop?",
,DECIDE,,,,,,897719825,30-Day Sādhana - Om Mani Padme Hum,My library / 30-Day Sadhana - Mantra,2023-12-25,0:10:47,0.405,nobody,"older programme: Circle library, offline archive, or drop?",
,DECIDE,,,,,,897721085,30-Day Sādhana - Lokah Samastah Sukhino Bhavantu,My library / 30-Day Sadhana - Mantra,2023-12-25,0:10:12,0.379,nobody,"older programme: Circle library, offline archive, or drop?",
,DECIDE,,,,,,897722358,30-Day Sādhana - Gananam Tva,My library / 30-Day Sadhana - Mantra,2023-12-25,0:10:20,0.388,nobody,"older programme: Circle library, offline archive, or drop?",
,DECIDE,,,,,,897723452,30-Day Sādhana - Patañjali Invocation,My library / 30-Day Sadhana - Mantra,2023-12-25,0:12:26,0.461,nobody,"older programme: Circle library, offline archive, or drop?",
,DECIDE,,,,,,897724583,30-Day Sādhana - Rudra Gayatri,My library / 30-Day Sadhana - Mantra,2023-12-25,0:13:29,0.51,nobody,"older programme: Circle library, offline archive, or drop?",
,DECIDE,,,,,,897726383,30 Day Sadhana - Shanti Mantra,My library / 30-Day Sadhana - Mantra,2023-12-25,0:12:28,0.512,nobody,"older programme: Circle library, offline archive, or drop?",
,DECIDE,,,,,,897727324,30 Day Sadhana - Session 2,My library / 30-Day Sadhana - Mantra,2023-12-25,0:12:32,0.514,nobody,"older programme: Circle library, offline archive, or drop?",
,DECIDE,,,,,,897728951,30 Day Sadhana - Session 1,My library / 30-Day Sadhana - Mantra,2023-12-25,0:19:00,0.778,nobody,"older programme: Circle library, offline archive, or drop?",
,DECIDE,,,,,,897730661,30-Day Sadhana - Mala,My library / 30-Day Sadhana - Mantra,2023-12-25,0:06:04,0.244,nobody,"older programme: Circle library, offline archive, or drop?",
,DECIDE,,,,,,897731195,30-Day Mantra Sadhana - Intro,My library / 30-Day Sadhana - Mantra,2023-12-25,0:04:15,0.174,nobody,"older programme: Circle library, offline archive, or drop?",
,DECIDE,,,,,,897743161,30-Day Sādhana - Akhanda Mandalakaram,My library / 30-Day Sadhana - Mantra,2023-12-25,0:13:49,0.466,nobody,"older programme: Circle library, offline archive, or drop?",
,DECIDE,,,,,,897745194,30-Day Sādhana - Guru Sandals,My library / 30-Day Sadhana - Mantra,2023-12-25,0:12:49,0.435,nobody,"older programme: Circle library, offline archive, or drop?",
,DECIDE,,,,,,897747708,30-Day Sādhana - Sarasvati,My library / 30-Day Sadhana - Mantra,2023-12-25,0:15:19,0.541,nobody,"older programme: Circle library, offline archive, or drop?",
,DECIDE,,,,,,897750532,30-Day Sādhana - Om Namo Bhagavate Vasudevaya,My library / 30-Day Sadhana - Mantra,2023-12-25,0:11:23,0.386,nobody,"older programme: Circle library, offline archive, or drop?",
,DECIDE,,,,,,1231410524,Living Room Lectures Fall 2026 - The Cosmic Artist,My library / Living Room Lectures 2026,2026-09-29,1:27:00,1.237,nobody,"older programme: Circle library, offline archive, or drop?",
,DECIDE,,,,,,1231410525,Living Room Lectures Fall 2026 - Where do I begin?,My library / Living Room Lectures 2026,2026-09-29,1:32:03,1.027,unlisted,"older programme: Circle library, offline archive, or drop?",
,DECIDE,,,,,,951570502,Nalanda Day 2 Part 1_16x9_v1,Nalanda Event,2024-05-29,0:58:21,0.991,nobody,"older programme: Circle library, offline archive, or drop?",
,DECIDE,,,,,,951585523,Nalanda Day 1 Part 1_16x9_v1,Nalanda Event,2024-05-29,0:47:09,0.954,nobody,"older programme: Circle library, offline archive, or drop?",
,DECIDE,,,,,,951596827,Nalanda Day 1 Part 2_16x9_v1,Nalanda Event,2024-05-29,0:59:06,1.121,nobody,"older programme: Circle library, offline archive, or drop?",
,DECIDE,,,,,,951610106,Nalanda Day 2 Part 4,Nalanda Event,2024-05-29,1:18:11,1.436,nobody,"older programme: Circle library, offline archive, or drop?",
,DECIDE,,,,,,951638371,Nalanda Day 2 Part 5,Nalanda Event,2024-05-29,1:00:15,1.119,nobody,"older programme: Circle library, offline archive, or drop?",
,DECIDE,,,,,,952067639,Nalanda Day 2 Part 3_16x9_v1,Nalanda Event,2024-05-30,0:48:58,0.799,nobody,"older programme: Circle library, offline archive, or drop?",
,DECIDE,,,,,,954310957,Nalanda Day 2 Part 2_16x9_v1,Nalanda Event,2024-06-06,0:26:11,0.483,nobody,"older programme: Circle library, offline archive, or drop?",
,DECIDE,,,,,,408899537,x Deity Module 1: Devotion,OLD Deity: A Path to Liberation,2020-04-17,1:49:40,0.683,disable,"older programme: Circle library, offline archive, or drop?",
,DECIDE,,,,,,411536498,x Deity Module 2: Ritual,OLD Deity: A Path to Liberation,2020-04-24,1:48:37,0.634,disable,"older programme: Circle library, offline archive, or drop?",
,DECIDE,,,,,,414124013,x Deity Module 3: Sound,OLD Deity: A Path to Liberation,2020-05-01,1:48:30,0.817,disable,"older programme: Circle library, offline archive, or drop?",
,DECIDE,,,,,,416361426,x Deity Module 4: Wisdom,OLD Deity: A Path to Liberation,2020-05-08,1:52:47,0.758,disable,"older programme: Circle library, offline archive, or drop?",
,DECIDE,,,,,,1022219833,Spiritual Technology Seminar,PUBLIC 200-Hour YTT / 1. Pre-Requisite Seminars,2024-10-22,1:24:10,1.162,disable,"older programme: Circle library, offline archive, or drop?",
,DECIDE,,,,,,1212451140,The_Yoga_Canon_A_Lecture_about_Indian_and_Yoga_Philosophical_Texts,PUBLIC 200-Hour YTT / 1. Pre-Requisite Seminars,2026-07-23,1:41:12,0.697,nobody,"older programme: Circle library, offline archive, or drop?",
,DECIDE,,,,,,1023593306,Fall Sadhana Orientation EDITED,PUBLIC 200-Hour YTT / 2. Orientation session,2024-10-26,1:56:21,1.559,nobody,"older programme: Circle library, offline archive, or drop?",
,DECIDE,,,,,,1024601535,Week 1 - Foundations and Historical Context,PUBLIC 200-Hour YTT / 3. Fall 2024 Weekly Sessions,2024-10-30,2:28:05,0.975,nobody,"older programme: Circle library, offline archive, or drop?",
,DECIDE,,,,,,1029036482,Week 3 - The Theory of Meditation in Sāṃkhya-Yoga,PUBLIC 200-Hour YTT / 3. Fall 2024 Weekly Sessions,2024-11-12,2:26:43,1.218,nobody,"older programme: Circle library, offline archive, or drop?",
,DECIDE,,,,,,1031347266,"Week 4 - The Bhagavad Gītā - Karma, Bhakti, and Jñāna Yoga",PUBLIC 200-Hour YTT / 3. Fall 2024 Weekly Sessions,2024-11-19,2:25:12,0.897,nobody,"older programme: Circle library, offline archive, or drop?",
,DECIDE,,,,,,1033636215,Week 5 - Non-Dualistic Philosophies - Advaita Vedānta and Kashmir Śaivism,PUBLIC 200-Hour YTT / 3. Fall 2024 Weekly Sessions,2024-11-26,2:44:39,1.244,nobody,"older programme: Circle library, offline archive, or drop?",
,DECIDE,,,,,,1038064953,Week 7 -  Buddhist Influences on Yoga Philosophy,PUBLIC 200-Hour YTT / 3. Fall 2024 Weekly Sessions,2024-12-11,2:26:00,1.992,nobody,"older programme: Circle library, offline archive, or drop?",
,DECIDE,,,,,,1040152734,Week 8 - Ethical Questions and Final Thoughts,PUBLIC 200-Hour YTT / 3. Fall 2024 Weekly Sessions,2024-12-17,2:11:52,1.422,nobody,"older programme: Circle library, offline archive, or drop?",
,DECIDE,,,,,,1040167479,Week 6 - Śāktism & Kuṇḍalinī with Tova Olsson,PUBLIC 200-Hour YTT / 3. Fall 2024 Weekly Sessions,2024-12-17,2:16:11,1.68,nobody,"older programme: Circle library, offline archive, or drop?",
,DECIDE,,,,,,1049104174,Week 1 - Prāṇa Logic - Foundations of Breath Philosophy,PUBLIC 200-Hour YTT / 4. Winter 2025 Weekly Sessions,2025-01-21,2:22:43,1.707,nobody,"older programme: Circle library, offline archive, or drop?",
,DECIDE,,,,,,1051395848,Week 2 - Core Prāṇāyāma Techniques,PUBLIC 200-Hour YTT / 4. Winter 2025 Weekly Sessions,2025-01-29,2:35:28,1.246,nobody,"older programme: Circle library, offline archive, or drop?",
,DECIDE,,,,,,1053550300,Week 3 - Ardhanārīśvara and the Kulārṇava Tantra,PUBLIC 200-Hour YTT / 4. Winter 2025 Weekly Sessions,2025-02-04,2:22:19,1.327,nobody,"older programme: Circle library, offline archive, or drop?",
,DECIDE,,,,,,1058051814,Week 5 - Discovering Svara Yoga,PUBLIC 200-Hour YTT / 4. Winter 2025 Weekly Sessions,2025-02-19,2:34:20,1.331,nobody,"older programme: Circle library, offline archive, or drop?",
,DECIDE,,,,,,1060679685,Week 6 - Breath Techniques in Buddhist Yoga,PUBLIC 200-Hour YTT / 4. Winter 2025 Weekly Sessions,2025-02-27,2:17:19,2.348,nobody,"older programme: Circle library, offline archive, or drop?",
,DECIDE,,,,,,1062554663,Week 7 - Prāṇa and Mantra with Dr. Kavitha Chinnaiyan,PUBLIC 200-Hour YTT / 4. Winter 2025 Weekly Sessions,2025-03-04,2:17:19,2.325,nobody,"older programme: Circle library, offline archive, or drop?",
,DECIDE,,,,,,1065147616,Winter - Week 8,PUBLIC 200-Hour YTT / 4. Winter 2025 Weekly Sessions,2025-03-12,2:47:58,2.083,nobody,"older programme: Circle library, offline archive, or drop?",
,DECIDE,,,,,,1077748904,Week 1 - An Introduction to Rasa Theory & the Śṛṅgāra Rasa,PUBLIC 200-Hour YTT / 5. Spring 2025 Weekly Sessions,2025-04-22,2:30:37,1.29,nobody,"older programme: Circle library, offline archive, or drop?",
,DECIDE,,,,,,1080019904,Week 2 - Hāsya Rasa – The Comic Rasa,PUBLIC 200-Hour YTT / 5. Spring 2025 Weekly Sessions,2025-04-30,2:33:29,1.783,nobody,"older programme: Circle library, offline archive, or drop?",
,DECIDE,,,,,,1082017189,Week 3 - Karuṇa - Tibetan Buddhist Meditation with Dr. James Bae & the Rasa of Compassion,PUBLIC 200-Hour YTT / 5. Spring 2025 Weekly Sessions,2025-05-07,2:23:52,2.252,nobody,"older programme: Circle library, offline archive, or drop?",
,DECIDE,,,,,,1084131175,Week 4 - The Raudra Rasa (The Furious Rasa),PUBLIC 200-Hour YTT / 5. Spring 2025 Weekly Sessions,2025-05-14,2:14:11,2.053,nobody,"older programme: Circle library, offline archive, or drop?",
,DECIDE,,,,,,1086220290,Week 5 - Vīrya Rasa - The Aesthetic Emotion of Heroism,PUBLIC 200-Hour YTT / 5. Spring 2025 Weekly Sessions,2025-05-20,2:29:34,1.111,nobody,"older programme: Circle library, offline archive, or drop?",
,DECIDE,,,,,,1087862911,Week 6 - Bhayānaka – The Fearsome Rasa,PUBLIC 200-Hour YTT / 5. Spring 2025 Weekly Sessions,2025-05-26,2:22:01,3.424,nobody,"older programme: Circle library, offline archive, or drop?",
,DECIDE,,,,,,1090265013,Week 7 - The Bibhātsa Rasa - The Aesthetic Emotion of Disgust,PUBLIC 200-Hour YTT / 5. Spring 2025 Weekly Sessions,2025-06-03,2:39:54,1.86,nobody,"older programme: Circle library, offline archive, or drop?",
,DECIDE,,,,,,1092583323,Week 8 - The Adbhuta Rasa - The Aesthetic Emotion of Wonder,PUBLIC 200-Hour YTT / 5. Spring 2025 Weekly Sessions,2025-06-11,2:48:55,1.822,nobody,"older programme: Circle library, offline archive, or drop?",
,DECIDE,,,,,,1050549412,"1. Weekend 1 - Orientation, Intention, and Vision (January 25)",PUBLIC 200-Hour YTT / 6. Weekend Immersions,2025-01-26,4:05:23,1.714,nobody,"older programme: Circle library, offline archive, or drop?",
,DECIDE,,,,,,1054291542,2. Weekend 1 - Orientation & Yoga Foundations (January 26),PUBLIC 200-Hour YTT / 6. Weekend Immersions,2025-02-06,3:40:14,2.886,nobody,"older programme: Circle library, offline archive, or drop?",
,DECIDE,,,,,,1057184463,3. Weekend 2 - Anatomy for Yoga Teachers Part 1 (February 15),PUBLIC 200-Hour YTT / 6. Weekend Immersions,2025-02-16,3:39:13,3.056,nobody,"older programme: Circle library, offline archive, or drop?",
,DECIDE,,,,,,1057372852,4. Weekend 2 - Anatomy for Yoga Teachers Part 2 (February 16),PUBLIC 200-Hour YTT / 6. Weekend Immersions,2025-02-17,3:49:23,3.094,nobody,"older programme: Circle library, offline archive, or drop?",
,DECIDE,,,,,,1063952226,5. Weekend 3 - Sequencing for Yoga Teachers (March 8),PUBLIC 200-Hour YTT / 6. Weekend Immersions,2025-03-09,3:50:21,1.259,nobody,"older programme: Circle library, offline archive, or drop?",
,DECIDE,,,,,,1064535420,6. Weekend 3 - Sequencing for Yoga Teachers (March 9),PUBLIC 200-Hour YTT / 6. Weekend Immersions,2025-03-11,3:44:22,4.476,nobody,"older programme: Circle library, offline archive, or drop?",
,DECIDE,,,,,,1074993314,7. Weekend 4 - Subtle Body Anatomy - Module 1 (April 12),PUBLIC 200-Hour YTT / 6. Weekend Immersions,2025-04-12,3:41:23,3.114,nobody,"older programme: Circle library, offline archive, or drop?",
,DECIDE,,,,,,1075609449,8. Weekend 4 - YTT Practicum 1 - Part 1,PUBLIC 200-Hour YTT / 6. Weekend Immersions,2025-04-15,4:06:11,5.281,nobody,"older programme: Circle library, offline archive, or drop?",
,DECIDE,,,,,,1083381484,9. Weekend 5 - Subtle Body Anatomy - Module 2 (May 10),PUBLIC 200-Hour YTT / 6. Weekend Immersions,2025-05-12,3:52:53,3.268,nobody,"older programme: Circle library, offline archive, or drop?",
,DECIDE,,,,,,1083580072,10. Weekend 5 - YTT Practicum 1 Part 2,PUBLIC 200-Hour YTT / 6. Weekend Immersions,2025-05-12,3:59:34,4.275,nobody,"older programme: Circle library, offline archive, or drop?",
,DECIDE,,,,,,1094068984,11. Weekend 6 - Subtle Alignment 1,PUBLIC 200-Hour YTT / 6. Weekend Immersions,2025-06-17,3:35:28,2.446,nobody,"older programme: Circle library, offline archive, or drop?",
,DECIDE,,,,,,1094073889,12. Weekend 6 -  Subtle Alignment 2 with Practice,PUBLIC 200-Hour YTT / 6. Weekend Immersions,2025-06-17,3:49:40,3.506,nobody,"older programme: Circle library, offline archive, or drop?",
,DECIDE,,,,,,1119214771,14. Body Shop,PUBLIC 200-Hour YTT / 6. Weekend Immersions,2025-09-16,3:46:28,3.593,nobody,"older programme: Circle library, offline archive, or drop?",
,DECIDE,,,,,,1119259587,13. Prop Shop,PUBLIC 200-Hour YTT / 6. Weekend Immersions,2025-09-16,3:41:21,4.053,nobody,"older programme: Circle library, offline archive, or drop?",
,DECIDE,,,,,,1119285679,"15. Modern Teaching Technologies, Methods, and Strategies",PUBLIC 200-Hour YTT / 6. Weekend Immersions,2025-09-17,3:55:39,2.214,nobody,"older programme: Circle library, offline archive, or drop?",
,DECIDE,,,,,,1125384958,"16. Online Strategies - Technologies, Social Media, and Specialization",PUBLIC 200-Hour YTT / 6. Weekend Immersions,2025-10-08,3:54:09,2.483,nobody,"older programme: Circle library, offline archive, or drop?",
,DECIDE,,,,,,1135066280,19. Business Essentials - Building a Foundation,PUBLIC 200-Hour YTT / 6. Weekend Immersions,2025-11-09,3:24:55,2.687,nobody,"older programme: Circle library, offline archive, or drop?",
,DECIDE,,,,,,1135863700,20. Business Essentials - Sustainable Strategies,PUBLIC 200-Hour YTT / 6. Weekend Immersions,2025-11-11,3:44:36,2.848,nobody,"older programme: Circle library, offline archive, or drop?",
,DECIDE,,,,,,1142605121,21. Practicum and Integration II - Day 1,PUBLIC 200-Hour YTT / 6. Weekend Immersions,2025-12-02,3:45:40,3.217,nobody,"older programme: Circle library, offline archive, or drop?",
,DECIDE,,,,,,1142677605,22. Practicum + Integration II - Day 2,PUBLIC 200-Hour YTT / 6. Weekend Immersions,2025-12-03,3:42:36,2.884,nobody,"older programme: Circle library, offline archive, or drop?",
,DECIDE,,,,,,1100707528,2. Day 1 - Afternoon - Theory of the Practice & Prāna Mandala Samhāra,PUBLIC 200-Hour YTT / 7. Summer Retreat 2025,2025-07-11,2:26:10,1.38,nobody,"older programme: Circle library, offline archive, or drop?",
,DECIDE,,,,,,1100709066,"1. Day 1 - Morning - Orientation, Introductory Concepts & Kundalini Stavah",PUBLIC 200-Hour YTT / 7. Summer Retreat 2025,2025-07-11,2:21:26,1.63,nobody,"older programme: Circle library, offline archive, or drop?",
,DECIDE,,,,,,1100924956,"4. Day 2 - Afternoon - Mauna, Tantrik Body, and the Five Centers",PUBLIC 200-Hour YTT / 7. Summer Retreat 2025,2025-07-13,2:20:43,1.078,nobody,"older programme: Circle library, offline archive, or drop?",
,DECIDE,,,,,,1100925399,"3. Day 2 - Morning - Orientation, Introductory Concepts & Kundalini Stavah Part 2",PUBLIC 200-Hour YTT / 7. Summer Retreat 2025,2025-07-13,2:16:25,1.399,nobody,"older programme: Circle library, offline archive, or drop?",
,DECIDE,,,,,,1100931594,"6. Day 3 - Afternoon - So'ham Hamsa, Uccāra, & Bhāvanā",PUBLIC 200-Hour YTT / 7. Summer Retreat 2025,2025-07-13,1:54:00,1.155,nobody,"older programme: Circle library, offline archive, or drop?",
,DECIDE,,,,,,1100932109,5. Day 3 - Morning - Prāna Mandala Samhāra Practice & Bhairavī-mudrā,PUBLIC 200-Hour YTT / 7. Summer Retreat 2025,2025-07-13,2:19:09,1.412,nobody,"older programme: Circle library, offline archive, or drop?",
,DECIDE,,,,,,1101084905,"8. Day 4 - Afternoon - Camatkara, Rasa, & Spanda",PUBLIC 200-Hour YTT / 7. Summer Retreat 2025,2025-07-14,2:21:36,1.827,nobody,"older programme: Circle library, offline archive, or drop?",
,DECIDE,,,,,,1101086236,7. Day 4 - Morning - The Goddess Within with Nataraj Chaitanya,PUBLIC 200-Hour YTT / 7. Summer Retreat 2025,2025-07-14,2:37:52,2.632,nobody,"older programme: Circle library, offline archive, or drop?",
,DECIDE,,,,,,1101287807,9. Day 5 - Morning - Invoking the Goddess with Nataraj Chaitanya,PUBLIC 200-Hour YTT / 7. Summer Retreat 2025,2025-07-14,2:29:42,1.798,nobody,"older programme: Circle library, offline archive, or drop?",
,DECIDE,,,,,,1101394871,10. Day 5 - Afternoon Practice - Śrī Rudram & Bhūta Śuddhi,PUBLIC 200-Hour YTT / 7. Summer Retreat 2025,2025-07-15,2:07:50,1.064,nobody,"older programme: Circle library, offline archive, or drop?",
,DECIDE,,,,,,1101704169,11. Day 6 - Morning - Satsang abd Integration with Nataraj Chaitanya & Jacob Kyle,PUBLIC 200-Hour YTT / 7. Summer Retreat 2025,2025-07-15,2:33:59,2.87,nobody,"older programme: Circle library, offline archive, or drop?",
,DECIDE,,,,,,1102035855,12. Day 6 - Afternoon - The Esoteric Meaning of the Kundalini Stavah,PUBLIC 200-Hour YTT / 7. Summer Retreat 2025,2025-07-16,2:15:16,2.858,nobody,"older programme: Circle library, offline archive, or drop?",
,DECIDE,,,,,,1102846849,"14. Day 7 - Afternoon - Reflection, Integration, and ""Until we meet again...""",PUBLIC 200-Hour YTT / 7. Summer Retreat 2025,2025-07-20,1:50:52,1.834,nobody,"older programme: Circle library, offline archive, or drop?",
,DECIDE,,,,,,1102847909,"13. Day 7 - Morning - Theory of Mantra, Mudrā & the Aesthetic Delight of Mūlādhāra",PUBLIC 200-Hour YTT / 7. Summer Retreat 2025,2025-07-20,2:03:13,2.15,nobody,"older programme: Circle library, offline archive, or drop?",
,DECIDE,,,,,,1178628100,Body_Theology_with_Michelle_Voss_Roberts,Radical Theology,2026-03-30,1:07:46,0.802,nobody,"older programme: Circle library, offline archive, or drop?",
,DECIDE,,,,,,1178628295,Multi-Religious_Theology_with_John_J_Thatamanil,Radical Theology,2026-03-30,1:27:10,0.985,nobody,"older programme: Circle library, offline archive, or drop?",
,DECIDE,,,,,,1178191175,Module_1_Seven_Principles_of_Repairing,Re-pairing,2026-03-29,1:45:49,0.388,nobody,"older programme: Circle library, offline archive, or drop?",
,DECIDE,,,,,,1178191283,Module_2_Beyond_I_m_right_you_re_wrong,Re-pairing,2026-03-29,1:49:18,0.9,nobody,"older programme: Circle library, offline archive, or drop?",
,DECIDE,,,,,,1178191477,Module_3_Self_and_Other,Re-pairing,2026-03-29,1:46:48,0.963,nobody,"older programme: Circle library, offline archive, or drop?",
,DECIDE,,,,,,1178191796,Module_4_Enlarging_our_Sense_of_Self,Re-pairing,2026-03-29,1:45:11,0.833,nobody,"older programme: Circle library, offline archive, or drop?",
,DECIDE,,,,,,1217378123,Swan Song - Day 1,Sadhana School / Swan Song 2026,2026-08-11,0:48:02,0.928,nobody,"no Circle space yet: Summer Recordings, or a new course?",
,DECIDE,,,,,,1218599131,Swan Song - Day 6,Sadhana School / Swan Song 2026,2026-08-16,1:22:08,1.163,nobody,"no Circle space yet: Summer Recordings, or a new course?",
,DECIDE,,,,,,1218670005,Swan Song - Day 2,Sadhana School / Swan Song 2026,2026-08-16,1:28:01,1.462,nobody,"no Circle space yet: Summer Recordings, or a new course?",
,DECIDE,,,,,,1218672615,Swan Song - Day 3,Sadhana School / Swan Song 2026,2026-08-16,1:15:38,1.232,nobody,"no Circle space yet: Summer Recordings, or a new course?",
,DECIDE,,,,,,1218678091,Swan Song - Day 4,Sadhana School / Swan Song 2026,2026-08-16,1:33:04,2.067,nobody,"no Circle space yet: Summer Recordings, or a new course?",
,DECIDE,,,,,,1218682965,Swan Song - Day 5,Sadhana School / Swan Song 2026,2026-08-16,1:31:45,1.972,nobody,"no Circle space yet: Summer Recordings, or a new course?",
,DECIDE,,,,,,1219245554,Swan Song - Day 7,Sadhana School / Swan Song 2026,2026-08-18,1:26:25,2.062,nobody,"no Circle space yet: Summer Recordings, or a new course?",
,DECIDE,,,,,,1219245576,Swan Song - Day 8,Sadhana School / Swan Song 2026,2026-08-18,1:28:31,1.759,nobody,"no Circle space yet: Summer Recordings, or a new course?",
,DECIDE,,,,,,1220212870,Swan Song - Day 9,Sadhana School / Swan Song 2026,2026-08-21,1:30:15,2.217,nobody,"no Circle space yet: Summer Recordings, or a new course?",
,DECIDE,,,,,,1220212871,Swan Song - Day 10,Sadhana School / Swan Song 2026,2026-08-21,1:36:04,1.779,nobody,"no Circle space yet: Summer Recordings, or a new course?",
,DECIDE,,,,,,1220212872,Swan Song - Day 11,Sadhana School / Swan Song 2026,2026-08-21,1:31:47,1.713,nobody,"no Circle space yet: Summer Recordings, or a new course?",
,DECIDE,,,,,,1220519426,Swan Song - Day 12,Sadhana School / Swan Song 2026,2026-08-23,1:24:08,1.457,nobody,"no Circle space yet: Summer Recordings, or a new course?",
,DECIDE,,,,,,1220519427,Swan Song - Day 13,Sadhana School / Swan Song 2026,2026-08-23,1:30:56,2.243,nobody,"no Circle space yet: Summer Recordings, or a new course?",
,DECIDE,,,,,,1221164949,Swan Song - Day 15,Sadhana School / Swan Song 2026,2026-08-25,0:54:35,0.993,nobody,"no Circle space yet: Summer Recordings, or a new course?",
,DECIDE,,,,,,1221165308,Swan Song - Day 14,Sadhana School / Swan Song 2026,2026-08-25,1:34:38,0.746,nobody,"no Circle space yet: Summer Recordings, or a new course?",
,DECIDE,,,,,,1221825530,Swan Song - Day 16,Sadhana School / Swan Song 2026,2026-08-27,1:18:49,1.48,nobody,"no Circle space yet: Summer Recordings, or a new course?",
,DECIDE,,,,,,1221825543,Swan Song - Day 17,Sadhana School / Swan Song 2026,2026-08-27,1:39:32,1.709,nobody,"no Circle space yet: Summer Recordings, or a new course?",
,DECIDE,,,,,,1221953573,Swan Song - Day 18,Sadhana School / Swan Song 2026,2026-08-28,1:31:44,1.866,nobody,"no Circle space yet: Summer Recordings, or a new course?",
,DECIDE,,,,,,1222391438,Swan Song - Day 19,Sadhana School / Swan Song 2026,2026-08-29,1:02:00,0.731,nobody,"no Circle space yet: Summer Recordings, or a new course?",
,DECIDE,,,,,,1223423267,Swan Song - Day 20,Sadhana School / Swan Song 2026,2026-09-02,1:48:26,2.138,nobody,"no Circle space yet: Summer Recordings, or a new course?",
,DECIDE,,,,,,1223423269,Swan Song - Day 21,Sadhana School / Swan Song 2026,2026-09-02,2:04:39,2.388,nobody,"no Circle space yet: Summer Recordings, or a new course?",
,DECIDE,,,,,,1010747198,Virginia for Matsyendrasaṃhitā Video Testimonials,Sadhana Testimonials,2024-09-18,0:04:35,0.176,disable,"older programme: Circle library, offline archive, or drop?",
,DECIDE,,,,,,1010747311,Patricia Pinto for Matsyendrasaṃhitā Video Testimonials,Sadhana Testimonials,2024-09-18,0:04:46,0.133,disable,"older programme: Circle library, offline archive, or drop?",
,DECIDE,,,,,,1010747459,Heather Carpenter for Matsyendrasaṃhitā Video Testimonials,Sadhana Testimonials,2024-09-18,0:06:18,0.189,disable,"older programme: Circle library, offline archive, or drop?",
,DECIDE,,,,,,1010747597,Ali Woozley for Matsyendrasaṃhitā Video Testimonials,Sadhana Testimonials,2024-09-18,0:03:03,0.087,disable,"older programme: Circle library, offline archive, or drop?",
,DECIDE,,,,,,571099170,"EPTV – Marshall Kai Green_Kinship, Accountability, and Radical Loving",SCC videos,2021-07-05,1:06:02,1.445,disable,"older programme: Circle library, offline archive, or drop?",
,DECIDE,,,,,,571265543,EPTV - Amy Edelstein_Living from Wholeness to Transform Our Fragmented World,SCC videos,2021-07-05,0:53:49,0.386,disable,"older programme: Circle library, offline archive, or drop?",
,DECIDE,,,,,,571273696,EPTV – Naya Jones_Being With: Reflecting on the Spiritual Activism of Gloria Anzaldúa and Audre Lorde,SCC videos,2021-07-05,0:56:10,0.501,anybody,"older programme: Circle library, offline archive, or drop?",
,DECIDE,,,,,,571280214,EPTV – Marie Cartier_The Significance and Sacrality of Lesbian Bars Pre and Post Stonewall,SCC videos,2021-07-05,0:57:48,0.64,disable,"older programme: Circle library, offline archive, or drop?",
,DECIDE,,,,,,571288895,EPTV – Tomás Prower_Multicultural Queer Mythology,SCC videos,2021-07-05,1:04:01,0.606,disable,"older programme: Circle library, offline archive, or drop?",
,DECIDE,,,,,,571296549,EPTV – Devora Neumark_Amplifying Presence in/for Climate & Environmental Justice,SCC videos,2021-07-05,0:52:52,0.507,disable,"older programme: Circle library, offline archive, or drop?",
,DECIDE,,,,,,571303905,EPTV – Fred Luskin_The Art and Science of Forgiveness,SCC videos,2021-07-05,0:59:29,0.66,disable,"older programme: Circle library, offline archive, or drop?",
,DECIDE,,,,,,571314376,EPTV - Jasmine Syedullah_The Freedom to Stay Fugitive,SCC videos,2021-07-05,0:39:51,1.238,disable,"older programme: Circle library, offline archive, or drop?",
,DECIDE,,,,,,571326707,EPTV – Andrea Jain_Peace Love Yoga: The Politics of Global Spirituality,SCC videos,2021-07-05,0:33:33,0.213,disable,"older programme: Circle library, offline archive, or drop?",
,DECIDE,,,,,,571329449,EPTV – Leslie E. Sponsel_Spiritual Ecology: Exploring Four Elemental Questions,SCC videos,2021-07-05,1:02:24,0.549,disable,"older programme: Circle library, offline archive, or drop?",
,DECIDE,,,,,,571335564,EPTV – Neil Dalal_The Bhagavadgītā as Ecospiritual Practice,SCC videos,2021-07-05,1:02:20,1.017,disable,"older programme: Circle library, offline archive, or drop?",
,DECIDE,,,,,,571346649,EPTV-Francesca Maximé_Cultivating Fierce Compassion: Using Mindfulness to  Become an Embodied Antiracist,SCC videos,2021-07-05,0:57:11,1.288,anybody,"older programme: Circle library, offline archive, or drop?",
,DECIDE,,,,,,571375551,EPTV - Jeong-eun Rhee_Rememorying Our Connectivity toward Embodied Spiritual Citizenship,SCC videos,2021-07-05,0:39:19,0.203,disable,"older programme: Circle library, offline archive, or drop?",
,DECIDE,,,,,,571378342,EPTV - Oneika Mays_Spiritual Activism is an Inside Job,SCC videos,2021-07-05,1:11:21,0.95,disable,"older programme: Circle library, offline archive, or drop?",
,DECIDE,,,,,,571387706,EPTV – Shreena Gandhi_Understanding the History of Yoga in the US,SCC videos,2021-07-05,0:44:26,0.26,disable,"older programme: Circle library, offline archive, or drop?",
,DECIDE,,,,,,571390119,EPTV – Ramdas Lamb_Can and Should “My World” become “Our World?”,SCC videos,2021-07-05,0:45:54,0.484,disable,"older programme: Circle library, offline archive, or drop?",
,DECIDE,,,,,,571396486,EPTV – Amy Edelstein_Living from Wholeness to Transform Our Fragmented World,SCC videos,2021-07-05,0:53:48,0.389,disable,"older programme: Circle library, offline archive, or drop?",
,DECIDE,,,,,,571399953,SCC-Devora Neumark.m4v,SCC videos,2021-07-05,0:59:16,0.635,disable,"older programme: Circle library, offline archive, or drop?",
,DECIDE,,,,,,571405952,SCC-Marie Cartier.m4v,SCC videos,2021-07-05,1:03:45,0.751,disable,"older programme: Circle library, offline archive, or drop?",
,DECIDE,,,,,,571412323,SCC-Tomás Prower.m4v,SCC videos,2021-07-05,1:09:23,0.694,disable,"older programme: Circle library, offline archive, or drop?",
,DECIDE,,,,,,571425945,SCC-Naya Jones.m4v,SCC videos,2021-07-05,1:02:33,0.612,disable,"older programme: Circle library, offline archive, or drop?",
,DECIDE,,,,,,571433998,SCC-Leslie E. Sponsel.m4v,SCC videos,2021-07-06,1:08:12,0.649,anybody,"older programme: Circle library, offline archive, or drop?",
,DECIDE,,,,,,571439206,SCC-Neil Dalal.m4v,SCC videos,2021-07-06,1:08:23,1.126,disable,"older programme: Circle library, offline archive, or drop?",
,DECIDE,,,,,,571451601,SCC-Francesca Maximé .m4v,SCC videos,2021-07-06,1:03:01,1.395,disable,"older programme: Circle library, offline archive, or drop?",
,DECIDE,,,,,,571473008,SCC-Jeong-eun Rhee.m4v,SCC videos,2021-07-06,0:45:48,0.318,disable,"older programme: Circle library, offline archive, or drop?",
,DECIDE,,,,,,571475000,SCC-Amy Edelstein.m4v,SCC videos,2021-07-06,0:59:47,0.489,disable,"older programme: Circle library, offline archive, or drop?",
,DECIDE,,,,,,571481171,SCC- Marshall Kai Green.m4v,SCC videos,2021-07-06,1:12:17,1.549,disable,"older programme: Circle library, offline archive, or drop?",
,DECIDE,,,,,,571492528,SCC-Fred Luskin.m4v,SCC videos,2021-07-06,1:05:53,0.772,disable,"older programme: Circle library, offline archive, or drop?",
,DECIDE,,,,,,571496715,SCC-Jasmine Syedullah .m4v,SCC videos,2021-07-06,0:45:22,1.336,disable,"older programme: Circle library, offline archive, or drop?",
,DECIDE,,,,,,571511011,SCC-Shreena Gandhi.m4v,SCC videos,2021-07-06,0:49:51,0.346,disable,"older programme: Circle library, offline archive, or drop?",
,DECIDE,,,,,,571511413,SCC-Andrea Jain.m4v,SCC videos,2021-07-06,0:39:26,0.31,disable,"older programme: Circle library, offline archive, or drop?",
,DECIDE,,,,,,571657418,SCC-Ramdas Lamb.m4v,SCC videos,2021-07-06,0:51:36,0.576,disable,"older programme: Circle library, offline archive, or drop?",
,DECIDE,,,,,,571714697,SCC-Oneika Mays.m4v,SCC videos,2021-07-06,1:17:26,1.053,disable,"older programme: Circle library, offline archive, or drop?",
,DECIDE,,,,,,575146116,EPTV-Panel1-SpiritualActivism.m4v,SCC videos,2021-07-14,1:21:11,1.737,disable,"older programme: Circle library, offline archive, or drop?",
,DECIDE,,,,,,575597525,EPTV-panel2- Appropriation.m4v,SCC videos,2021-07-15,1:37:13,1.625,disable,"older programme: Circle library, offline archive, or drop?",
,DECIDE,,,,,,576030213,EPTV-panel3_RacialJustice&Healing.m4v,SCC videos,2021-07-17,2:00:59,2.097,disable,"older programme: Circle library, offline archive, or drop?",
,DECIDE,,,,,,576259069,EPTV-Greta Gaard.m4v,SCC videos,2021-07-17,1:03:02,0.863,unlisted,"older programme: Circle library, offline archive, or drop?",
,DECIDE,,,,,,576332192,EPTV-panel4-Eco-spirituality.m4v,SCC videos,2021-07-18,1:43:52,1.965,disable,"older programme: Circle library, offline archive, or drop?",
,DECIDE,,,,,,576476733,EPTV-H. “Herukhuti” Sharif Williams .m4v,SCC videos,2021-07-18,1:24:44,1.948,disable,"older programme: Circle library, offline archive, or drop?",
,DECIDE,,,,,,576510620,EPTV-Jeff Hood.m4v,SCC videos,2021-07-18,0:56:55,1.267,disable,"older programme: Circle library, offline archive, or drop?",
,DECIDE,,,,,,383579207,MindBody Seminar - MHP,SEMINARS,2020-01-08,2:00:16,0.982,unlisted,"older programme: Circle library, offline archive, or drop?",
,DECIDE,,,,,,393038639,Free MindBody Seminar - IFS with Jay Earley (movavi),SEMINARS,2020-02-21,1:25:50,0.381,nobody,"older programme: Circle library, offline archive, or drop?",
,DECIDE,,,,,,393044485,MindBody Seminar - IFS with Jay Earley (movavi),SEMINARS,2020-02-21,1:18:08,0.335,nobody,"older programme: Circle library, offline archive, or drop?",
,DECIDE,,,,,,393332562,Free Yoga Seminar - Shamans & Siddhas,SEMINARS,2020-02-23,1:31:24,0.57,nobody,"older programme: Circle library, offline archive, or drop?",
,DECIDE,,,,,,393346856,Yoga Seminar - Shamans and Siddhas (movavi),SEMINARS,2020-02-24,1:23:02,0.507,nobody,"older programme: Circle library, offline archive, or drop?",
,DECIDE,,,,,,395092150,ARA - WS - MindBody Seminar - Healing Ground (movavi),SEMINARS,2020-03-03,1:23:48,1.622,nobody,"older programme: Circle library, offline archive, or drop?",
,DECIDE,,,,,,395269319,Free MindBody Seminar - Healing Ground,SEMINARS,2020-03-03,1:27:34,0.725,nobody,"older programme: Circle library, offline archive, or drop?",
,DECIDE,,,,,,402959173,Yoga Seminar - OM with Mary (video lg),SEMINARS,2020-04-01,1:25:34,0.444,nobody,"older programme: Circle library, offline archive, or drop?",
,DECIDE,,,,,,404868357,MB Seminar Free - Trauma April 2020,SEMINARS,2020-04-07,1:32:50,0.321,nobody,"older programme: Circle library, offline archive, or drop?",
,DECIDE,,,,,,404873387,MB Seminar - Trauma April 2020 (product lg),SEMINARS,2020-04-07,1:27:54,0.286,nobody,"older programme: Circle library, offline archive, or drop?",
,DECIDE,,,,,,505259778,Mindbody_Nondual_Realization_Video,SEMINARS,2021-01-27,1:30:53,0.545,disable,"older programme: Circle library, offline archive, or drop?",
,DECIDE,,,,,,995783147,WS - Shiva Sutras - Session 1 (with Slides),Shiva Sutras 2024,2024-08-07,2:07:11,0.926,nobody,"older programme: Circle library, offline archive, or drop?",
,DECIDE,,,,,,995814485,Śiva Sūtras - Session 1 (just Video),Shiva Sutras 2024,2024-08-07,2:34:19,1.632,nobody,"older programme: Circle library, offline archive, or drop?",
,DECIDE,,,,,,996390414,Śiva Sūtras - Session 2 Zoom,Shiva Sutras 2024,2024-08-08,2:06:26,0.864,nobody,"older programme: Circle library, offline archive, or drop?",
,DECIDE,,,,,,996394587,Śiva Sūtras - Session 2 Edited,Shiva Sutras 2024,2024-08-08,1:40:56,0.691,nobody,"older programme: Circle library, offline archive, or drop?",
,DECIDE,,,,,,998395943,Śiva Sūtras - Session 3 Avo,Shiva Sutras 2024,2024-08-13,1:45:01,1.592,nobody,"older programme: Circle library, offline archive, or drop?",
,DECIDE,,,,,,998396473,Śiva Sūtras - Session 3 Zoom,Shiva Sutras 2024,2024-08-13,1:45:01,0.678,nobody,"older programme: Circle library, offline archive, or drop?",
,DECIDE,,,,,,998406633,Śiva Sūtras - Session 3 Part 2 Avo,Shiva Sutras 2024,2024-08-13,0:40:02,0.7,nobody,"older programme: Circle library, offline archive, or drop?",
,DECIDE,,,,,,998406897,Śiva Sūtras - Session 3 Part 2 Zoom,Shiva Sutras 2024,2024-08-13,0:40:02,0.426,nobody,"older programme: Circle library, offline archive, or drop?",
,DECIDE,,,,,,998436345,Śiva Sūtras - Session 3 Edited,Shiva Sutras 2024,2024-08-13,2:01:06,0.896,nobody,"older programme: Circle library, offline archive, or drop?",
,DECIDE,,,,,,999231427,Śiva Sūtras - Session 4 Zoom,Shiva Sutras 2024,2024-08-15,2:14:23,1.027,nobody,"older programme: Circle library, offline archive, or drop?",
,DECIDE,,,,,,999231637,Śiva Sūtras - Session 3 Avo,Shiva Sutras 2024,2024-08-15,2:14:23,2.259,nobody,"older programme: Circle library, offline archive, or drop?",
,DECIDE,,,,,,999232573,Śiva Sūtras - Session 3 Part 2 Avo,Shiva Sutras 2024,2024-08-15,0:18:52,0.179,nobody,"older programme: Circle library, offline archive, or drop?",
,DECIDE,,,,,,999260022,Śiva Sūtras - Session 4 Edited,Shiva Sutras 2024,2024-08-15,2:16:38,1.168,nobody,"older programme: Circle library, offline archive, or drop?",
,DECIDE,,,,,,1004522784,WS - Shiva Sutras - Session 1,Shiva Sutras 2024,2024-08-30,2:07:11,0.926,nobody,"older programme: Circle library, offline archive, or drop?",
,DECIDE,,,,,,952455073,How to Decode Ancient Wisdom Outro_16x9_v1,SLO - Decoding Ancient Texts,2024-05-31,0:04:52,0.151,disable,"older programme: Circle library, offline archive, or drop?",
,DECIDE,,,,,,952474189,How to Decode Ancient Wisdom Module 5_16x9_v1,SLO - Decoding Ancient Texts,2024-05-31,0:10:41,0.327,disable,"older programme: Circle library, offline archive, or drop?",
,DECIDE,,,,,,952475558,How to Decode Ancient Wisdom Module 4_16x9_v1,SLO - Decoding Ancient Texts,2024-05-31,0:08:23,0.261,disable,"older programme: Circle library, offline archive, or drop?",
,DECIDE,,,,,,952476501,How to Decode Ancient Wisdom Module 3_16x9_v1,SLO - Decoding Ancient Texts,2024-05-31,0:17:13,0.537,disable,"older programme: Circle library, offline archive, or drop?",
,DECIDE,,,,,,952589948,How to Decode Ancient Wisdom Module 2_16x9_v1,SLO - Decoding Ancient Texts,2024-06-01,0:13:36,0.432,disable,"older programme: Circle library, offline archive, or drop?",
,DECIDE,,,,,,952591079,How to Decode Ancient Wisdom Module 1_16x9_v1,SLO - Decoding Ancient Texts,2024-06-01,0:07:01,0.224,disable,"older programme: Circle library, offline archive, or drop?",
,DECIDE,,,,,,937789994,C0046,SLO NEW COURSES / Hari-kirtana das,2024-04-22,0:10:07,0.362,nobody,"older programme: Circle library, offline archive, or drop?",
,DECIDE,,,,,,937837998,C0047,SLO NEW COURSES / Hari-kirtana das,2024-04-22,0:09:53,0.339,nobody,"older programme: Circle library, offline archive, or drop?",
,DECIDE,,,,,,937938514,C0048,SLO NEW COURSES / Hari-kirtana das,2024-04-22,0:10:49,0.365,nobody,"older programme: Circle library, offline archive, or drop?",
,DECIDE,,,,,,938269846,C0049,SLO NEW COURSES / Hari-kirtana das,2024-04-23,0:06:20,0.211,nobody,"older programme: Circle library, offline archive, or drop?",
,DECIDE,,,,,,938311435,C0050,SLO NEW COURSES / Hari-kirtana das,2024-04-23,0:09:27,0.307,nobody,"older programme: Circle library, offline archive, or drop?",
,DECIDE,,,,,,938457914,C0052,SLO NEW COURSES / Hari-kirtana das,2024-04-24,0:10:32,0.336,nobody,"older programme: Circle library, offline archive, or drop?",
,DECIDE,,,,,,938744276,C0053,SLO NEW COURSES / Hari-kirtana das,2024-04-24,0:09:57,0.326,nobody,"older programme: Circle library, offline archive, or drop?",
,DECIDE,,,,,,938810822,C0054,SLO NEW COURSES / Hari-kirtana das,2024-04-24,0:10:49,0.357,nobody,"older programme: Circle library, offline archive, or drop?",
,DECIDE,,,,,,939142418,C0055,SLO NEW COURSES / Hari-kirtana das,2024-04-25,0:01:20,0.045,nobody,"older programme: Circle library, offline archive, or drop?",
,DECIDE,,,,,,939151900,C0056,SLO NEW COURSES / Hari-kirtana das,2024-04-25,0:05:21,0.178,nobody,"older programme: Circle library, offline archive, or drop?",
,DECIDE,,,,,,942360975,C0051,SLO NEW COURSES / Hari-kirtana das,2024-05-03,0:10:49,0.35,nobody,"older programme: Circle library, offline archive, or drop?",
,DECIDE,,,,,,942375435,C0057,SLO NEW COURSES / Hari-kirtana das,2024-05-03,0:10:49,0.363,nobody,"older programme: Circle library, offline archive, or drop?",
,DECIDE,,,,,,942383270,C0058,SLO NEW COURSES / Hari-kirtana das,2024-05-03,0:10:48,0.359,nobody,"older programme: Circle library, offline archive, or drop?",
,DECIDE,,,,,,942393121,C0059,SLO NEW COURSES / Hari-kirtana das,2024-05-03,0:00:54,0.031,nobody,"older programme: Circle library, offline archive, or drop?",
,DECIDE,,,,,,942419457,C0022,SLO NEW COURSES / Hari-kirtana das,2024-05-03,0:05:37,0.221,nobody,"older programme: Circle library, offline archive, or drop?",
,DECIDE,,,,,,942537064,C0023,SLO NEW COURSES / Hari-kirtana das,2024-05-04,0:04:29,0.176,nobody,"older programme: Circle library, offline archive, or drop?",
,DECIDE,,,,,,942699175,C0024,SLO NEW COURSES / Hari-kirtana das,2024-05-04,0:05:37,0.223,nobody,"older programme: Circle library, offline archive, or drop?",
,DECIDE,,,,,,942705007,C0025,SLO NEW COURSES / Hari-kirtana das,2024-05-04,0:04:17,0.166,nobody,"older programme: Circle library, offline archive, or drop?",
,DECIDE,,,,,,942707024,C0026,SLO NEW COURSES / Hari-kirtana das,2024-05-04,0:05:37,0.226,nobody,"older programme: Circle library, offline archive, or drop?",
,DECIDE,,,,,,942712386,C0027,SLO NEW COURSES / Hari-kirtana das,2024-05-04,0:05:39,0.223,nobody,"older programme: Circle library, offline archive, or drop?",
,DECIDE,,,,,,942940160,C0028,SLO NEW COURSES / Hari-kirtana das,2024-05-05,0:05:22,0.211,nobody,"older programme: Circle library, offline archive, or drop?",
,DECIDE,,,,,,942943647,C0029,SLO NEW COURSES / Hari-kirtana das,2024-05-05,0:05:37,0.22,nobody,"older programme: Circle library, offline archive, or drop?",
,DECIDE,,,,,,943173648,C0030,SLO NEW COURSES / Hari-kirtana das,2024-05-06,0:03:54,0.146,nobody,"older programme: Circle library, offline archive, or drop?",
,DECIDE,,,,,,943177582,C0031,SLO NEW COURSES / Hari-kirtana das,2024-05-06,0:05:37,0.221,nobody,"older programme: Circle library, offline archive, or drop?",
,DECIDE,,,,,,943183481,C0032,SLO NEW COURSES / Hari-kirtana das,2024-05-06,0:05:39,0.215,nobody,"older programme: Circle library, offline archive, or drop?",
,DECIDE,,,,,,943189333,C0033,SLO NEW COURSES / Hari-kirtana das,2024-05-06,0:05:39,0.221,nobody,"older programme: Circle library, offline archive, or drop?",
,DECIDE,,,,,,943195225,C0034,SLO NEW COURSES / Hari-kirtana das,2024-05-06,0:04:23,0.165,nobody,"older programme: Circle library, offline archive, or drop?",
,DECIDE,,,,,,943200035,C0035,SLO NEW COURSES / Hari-kirtana das,2024-05-06,0:05:37,0.219,nobody,"older programme: Circle library, offline archive, or drop?",
,DECIDE,,,,,,943206449,C0036,SLO NEW COURSES / Hari-kirtana das,2024-05-06,0:04:24,0.172,nobody,"older programme: Circle library, offline archive, or drop?",
,DECIDE,,,,,,943404038,C0037,SLO NEW COURSES / Hari-kirtana das,2024-05-06,0:05:37,0.209,nobody,"older programme: Circle library, offline archive, or drop?",
,DECIDE,,,,,,943418400,C0038,SLO NEW COURSES / Hari-kirtana das,2024-05-06,0:05:39,0.217,nobody,"older programme: Circle library, offline archive, or drop?",
,DECIDE,,,,,,943425356,C0039,SLO NEW COURSES / Hari-kirtana das,2024-05-06,0:00:57,0.038,nobody,"older programme: Circle library, offline archive, or drop?",
,DECIDE,,,,,,943426484,C0040,SLO NEW COURSES / Hari-kirtana das,2024-05-06,0:05:21,0.201,nobody,"older programme: Circle library, offline archive, or drop?",
,DECIDE,,,,,,943432647,C0041,SLO NEW COURSES / Hari-kirtana das,2024-05-06,0:05:37,0.207,nobody,"older programme: Circle library, offline archive, or drop?",
,DECIDE,,,,,,943445903,C0042,SLO NEW COURSES / Hari-kirtana das,2024-05-06,0:05:39,0.208,nobody,"older programme: Circle library, offline archive, or drop?",
,DECIDE,,,,,,943459099,C0043,SLO NEW COURSES / Hari-kirtana das,2024-05-07,0:05:39,0.213,nobody,"older programme: Circle library, offline archive, or drop?",
,DECIDE,,,,,,943463261,C0044,SLO NEW COURSES / Hari-kirtana das,2024-05-07,0:05:29,0.215,nobody,"older programme: Circle library, offline archive, or drop?",
,DECIDE,,,,,,630387213,Oct social meeeting,Social Meetings,2021-10-12,0:55:59,0.434,disable,"older programme: Circle library, offline archive, or drop?",
,DECIDE,,,,,,1176740922,A_Panel_Discussion_Eco-Spirituality,Spiritual activism,2026-03-24,1:43:52,1.827,nobody,"older programme: Circle library, offline archive, or drop?",
,DECIDE,,,,,,1176741341,A_Panel_Discussion_Globalization_Appropriation_Day_3,Spiritual activism,2026-03-24,1:37:13,1.516,nobody,"older programme: Circle library, offline archive, or drop?",
,DECIDE,,,,,,1176741737,A_Panel_Discussion_Racial_Justice_Healing_Day_4,Spiritual activism,2026-03-24,2:00:59,1.951,nobody,"older programme: Circle library, offline archive, or drop?",
,DECIDE,,,,,,1176742171,A_Panel_Discussion_What_is_Spiritual_Activism_Day_2,Spiritual activism,2026-03-24,1:21:11,1.616,nobody,"older programme: Circle library, offline archive, or drop?",
,DECIDE,,,,,,1176742713,Amplifying_Presence_in_for_Climate_Environmental_Justice,Spiritual activism,2026-03-24,0:52:52,0.472,nobody,"older programme: Circle library, offline archive, or drop?",
,DECIDE,,,,,,1176742872,Being_With_Reflecting_on_the_Spiritual_Activism,Spiritual activism,2026-03-24,0:56:10,0.493,nobody,"older programme: Circle library, offline archive, or drop?",
,DECIDE,,,,,,1176742986,Can_and_Should_My_World_become_Our_World,Spiritual activism,2026-03-24,0:45:54,0.44,nobody,"older programme: Circle library, offline archive, or drop?",
,DECIDE,,,,,,1176743097,Cornel_West_on_What_it_Means_to_be_a_Spiritually-Informed_Citizen,Spiritual activism,2026-03-24,1:15:10,2.116,nobody,"older programme: Circle library, offline archive, or drop?",
,DECIDE,,,,,,1176743538,Kinship_Accountability_and_Radical_Loving,Spiritual activism,2026-03-24,1:06:02,1.34,nobody,"older programme: Circle library, offline archive, or drop?",
,DECIDE,,,,,,1176743917,Living_from_Wholeness_to_Transform_Our_Fragmented_World,Spiritual activism,2026-03-24,0:53:49,0.36,nobody,"older programme: Circle library, offline archive, or drop?",
,DECIDE,,,,,,1176744048,Multicultural_Queer_Mythology,Spiritual activism,2026-03-24,1:04:01,0.58,nobody,"older programme: Circle library, offline archive, or drop?",
,DECIDE,,,,,,1176744208,Peace_Love_Yoga_The_Politics_of_Global_Spirituality,Spiritual activism,2026-03-24,0:33:33,0.2,nobody,"older programme: Circle library, offline archive, or drop?",
,DECIDE,,,,,,1176744282,Rememorying_Our_Connectivity_Toward_Embodied_Spiritual_Citizenship,Spiritual activism,2026-03-24,0:39:19,0.183,nobody,"older programme: Circle library, offline archive, or drop?",
,DECIDE,,,,,,1176744340,Sacred_Activism_and_Radical_Regeneration,Spiritual activism,2026-03-24,1:01:26,1.264,nobody,"older programme: Circle library, offline archive, or drop?",
,DECIDE,,,,,,1176744637,Spiritual_Activism_is_an_Inside_Job,Spiritual activism,2026-03-24,1:11:21,0.918,nobody,"older programme: Circle library, offline archive, or drop?",
,DECIDE,,,,,,1176744847,Spiritual_Ecology_Exploring_Four_Elemental_Questions,Spiritual activism,2026-03-24,1:02:24,0.518,nobody,"older programme: Circle library, offline archive, or drop?",
,DECIDE,,,,,,1176744963,The_Art_and_Science_of_Forgiveness,Spiritual activism,2026-03-24,0:59:29,0.604,nobody,"older programme: Circle library, offline archive, or drop?",
,DECIDE,,,,,,1176745347,The_Bhagavadgita_as_Ecospiritual_Practice,Spiritual activism,2026-03-24,1:02:20,0.955,nobody,"older programme: Circle library, offline archive, or drop?",
,DECIDE,,,,,,1176745695,The_Courage_to_Be_Queer,Spiritual activism,2026-03-24,0:56:55,1.197,nobody,"older programme: Circle library, offline archive, or drop?",
,DECIDE,,,,,,1176746132,The_Significance_and_Sacrality_of_Lesbian_Bars_Pre_and_Post_Stonewall,Spiritual activism,2026-03-24,0:57:48,0.598,nobody,"older programme: Circle library, offline archive, or drop?",
,DECIDE,,,,,,1176746353,Understanding_the_History_of_Yoga_in_the_US,Spiritual activism,2026-03-24,0:44:26,0.235,nobody,"older programme: Circle library, offline archive, or drop?",
,DECIDE,,,,,,1178629365,A_Panel_Discussion_Queerness_Gender_Sexuality_Day_6,Spiritual activism,2026-03-30,1:38:48,0.551,nobody,"older programme: Circle library, offline archive, or drop?",
,DECIDE,,,,,,917667702,The Art of Breathing - Module 1,The Art of Breathing 2024 Tweaks,2024-02-28,1:47:05,0.529,nobody,"older programme: Circle library, offline archive, or drop?",
,DECIDE,,,,,,917669455,The Art of Breathing - Module 2,The Art of Breathing 2024 Tweaks,2024-02-28,1:57:53,0.609,nobody,"older programme: Circle library, offline archive, or drop?",
,DECIDE,,,,,,917671818,The Art of Breathing - Module 3,The Art of Breathing 2024 Tweaks,2024-02-28,1:57:30,0.527,nobody,"older programme: Circle library, offline archive, or drop?",
,DECIDE,,,,,,917673696,The Art of Breathing - Module 4,The Art of Breathing 2024 Tweaks,2024-02-28,1:56:02,0.585,nobody,"older programme: Circle library, offline archive, or drop?",
,DECIDE,,,,,,1182379571,Connecting_Spiritual_Formation_With_Racial_Identity,Videos from uscreen,2026-04-12,1:30:07,0.684,nobody,"older programme: Circle library, offline archive, or drop?",
,DECIDE,,,,,,1182382348,A_Maturing_Wisdom_The_Women_of_Modern_Global_Yoga,Videos from uscreen,2026-04-12,0:38:58,0.208,nobody,"older programme: Circle library, offline archive, or drop?",
,DECIDE,,,,,,1182383016,Healing_the_Heart_of_Humanity_Returning_to_Being,Videos from uscreen,2026-04-12,1:29:04,0.819,nobody,"older programme: Circle library, offline archive, or drop?",
,DECIDE,,,,,,1182384276,Green_Buddhism_Practice_and_Compassionate_Action,Videos from uscreen,2026-04-12,1:25:33,0.395,nobody,"older programme: Circle library, offline archive, or drop?",
,DECIDE,,,,,,1182384998,Intimacy_in_End_of_Life_Care,Videos from uscreen,2026-04-12,0:41:00,0.532,nobody,"older programme: Circle library, offline archive, or drop?",
,DECIDE,,,,,,1182385916,Organic_Intelligence_A_Paradigm_Shift,Videos from uscreen,2026-04-12,0:28:44,0.349,nobody,"older programme: Circle library, offline archive, or drop?",
,DECIDE,,,,,,1182391682,Authenticity_Transformations_in_Yoga_Traditions,Videos from uscreen,2026-04-12,0:58:32,0.681,nobody,"older programme: Circle library, offline archive, or drop?",
,DECIDE,,,,,,1182392831,Queering_the_EcoDharma_from_Desire_to_Devotion,Videos from uscreen,2026-04-12,1:03:02,0.81,nobody,"older programme: Circle library, offline archive, or drop?",
,DECIDE,,,,,,1182394388,Co-Regulation_in_Crisis,Videos from uscreen,2026-04-12,1:37:35,0.904,nobody,"older programme: Circle library, offline archive, or drop?",
,DECIDE,,,,,,1182395883,Wells_of_Nectar_Pools_of_Life,Videos from uscreen,2026-04-12,1:25:23,0.657,nobody,"older programme: Circle library, offline archive, or drop?",
,DECIDE,,,,,,1182396473,Lila_Atma_Bhakti_and_Bhagavan,Videos from uscreen,2026-04-12,1:20:47,0.654,nobody,"older programme: Circle library, offline archive, or drop?",
,DECIDE,,,,,,1182397134,A_Bhakti_Song_and_the_Making_of_a_Mahatma,Videos from uscreen,2026-04-12,0:55:47,0.283,nobody,"older programme: Circle library, offline archive, or drop?",
,DECIDE,,,,,,1182397391,From_Ownership_to_Belonging_Ecopsychological_Models,Videos from uscreen,2026-04-12,0:59:56,0.728,nobody,"older programme: Circle library, offline archive, or drop?",
,DECIDE,,,,,,1182398040,Psycheology_Psychedelics_and_the_Study_of_the_Soul,Videos from uscreen,2026-04-12,1:34:01,0.716,nobody,"older programme: Circle library, offline archive, or drop?",
,DECIDE,,,,,,1182398667,Inversions_Awaken_New_Perspectives,Videos from uscreen,2026-04-12,0:48:28,1.551,nobody,"older programme: Circle library, offline archive, or drop?",
,DECIDE,,,,,,1182400430,Secret_Messages_of_Divine_Love (1),Videos from uscreen,2026-04-12,1:25:10,0.451,nobody,"older programme: Circle library, offline archive, or drop?",
,DECIDE,,,,,,1182400876,A_Love_Supreme,Videos from uscreen,2026-04-12,1:34:07,0.439,nobody,"older programme: Circle library, offline archive, or drop?",
,DECIDE,,,,,,727512430,Hare Krishna kirtan.MP4,Yoga Classes,2022-07-06,0:00:25,0.006,nobody,"older programme: Circle library, offline archive, or drop?",
,DECIDE,,,,,,731477537,C0001.MP4,Yoga Classes,2022-07-19,0:00:21,0.007,nobody,"older programme: Circle library, offline archive, or drop?",
,DECIDE,,,,,,1186771818,Lecture_1_-_For_Grounding_And_Embodiment_1st_Chakra_Spleen,Yoga for ecological grief,2026-04-26,0:25:04,0.099,nobody,"older programme: Circle library, offline archive, or drop?",
,DECIDE,,,,,,1186772323,Lecture_2_-_For_Compassion_Equanimity_2nd_3rd_Chakras_Liver_Kidney,Yoga for ecological grief,2026-04-26,0:21:50,0.087,nobody,"older programme: Circle library, offline archive, or drop?",
,DECIDE,,,,,,1186772527,Lecture_3_-_For_Loving-Kindness_Joy_4th_Chakra_Heart,Yoga for ecological grief,2026-04-26,0:26:23,0.103,nobody,"older programme: Circle library, offline archive, or drop?",
,DECIDE,,,,,,1186773061,Lecture_4_-_For_Courage_Resilience_Higher_Chakras_Lung,Yoga for ecological grief,2026-04-26,0:35:30,0.15,nobody,"older programme: Circle library, offline archive, or drop?",
,DECIDE,,,,,,1186773200,Yoga_For_Ecological_Grief_-_Opening_Meditation_Lecture,Yoga for ecological grief,2026-04-26,1:47:09,0.382,nobody,"older programme: Circle library, offline archive, or drop?",
,DECIDE,,,,,,1186936931,Sequence_2_-_For_Compassion_Equanimity_2nd_3rd_Chakras_Liver_Kidneys,Yoga for ecological grief,2026-04-27,1:32:42,1.323,nobody,"older programme: Circle library, offline archive, or drop?",
,DECIDE,,,,,,1187256710,Sequence_1_-_For_Grounding_And_Embodiment_1st_Chakra_Spleen,Yoga for ecological grief,2026-04-28,1:23:32,1.547,nobody,"older programme: Circle library, offline archive, or drop?",
,DECIDE,,,,,,1187283454,Sequence_3_-_For_Loving-Kindness_Joy_4th_Chakra_Heart,Yoga for ecological grief,2026-04-28,1:41:27,1.841,nobody,"older programme: Circle library, offline archive, or drop?",
,DECIDE,,,,,,499845282,Upanishads Module 1,Yoga Phil. Cert,2021-01-13,1:58:13,0.485,disable,"older programme: Circle library, offline archive, or drop?",
,DECIDE,,,,,,539654408,Hatha Yoga Texts Module 1,Yoga Phil. Cert,2021-04-21,1:55:15,0.539,nobody,"older programme: Circle library, offline archive, or drop?",
,DECIDE,,,,,,542473386,Hatha Yoga Texts Module 2,Yoga Phil. Cert,2021-04-28,1:52:25,0.506,disable,"older programme: Circle library, offline archive, or drop?",
,DECIDE,,,,,,254982450,YR - Mark Singleton (final video),Yoga Reconsidered Conference,2018-02-09,1:07:48,0.504,unlisted,"older programme: Circle library, offline archive, or drop?",
,DECIDE,,,,,,255073838,YR Videos - Ruth Westoby (edited),Yoga Reconsidered Conference,2018-02-09,0:56:48,0.616,unlisted,"older programme: Circle library, offline archive, or drop?",
,DECIDE,,,,,,255632833,YR Videos - Seth Powell (edited),Yoga Reconsidered Conference,2018-02-13,1:28:16,0.548,unlisted,"older programme: Circle library, offline archive, or drop?",
,DECIDE,,,,,,255665138,YR Videos - Chris Chapple (edited),Yoga Reconsidered Conference,2018-02-14,1:35:37,1.556,unlisted,"older programme: Circle library, offline archive, or drop?",
,DECIDE,,,,,,255673623,YR Videos - David Gordon White (edited),Yoga Reconsidered Conference,2018-02-14,1:25:23,0.711,unlisted,"older programme: Circle library, offline archive, or drop?",
,DECIDE,,,,,,255676413,YR Videos - Dagmar,Yoga Reconsidered Conference,2018-02-14,1:28:38,0.824,unlisted,"older programme: Circle library, offline archive, or drop?",
,DECIDE,,,,,,255679787,YR Videos - Debashish (edited),Yoga Reconsidered Conference,2018-02-14,1:17:08,0.533,unlisted,"older programme: Circle library, offline archive, or drop?",
,DECIDE,,,,,,255733815,YR Videos - Jacqueline Hargreaves,Yoga Reconsidered Conference,2018-02-14,0:42:08,0.254,unlisted,"older programme: Circle library, offline archive, or drop?",
,DECIDE,,,,,,255744585,YR Videos - Suzanne Newcombe,Yoga Reconsidered Conference,2018-02-14,0:58:32,0.758,unlisted,"older programme: Circle library, offline archive, or drop?",
,DECIDE,,,,,,255788770,YR Videos - Philipp Maas (final),Yoga Reconsidered Conference,2018-02-14,0:51:44,0.255,unlisted,"older programme: Circle library, offline archive, or drop?",
,DECIDE,,,,,,255831016,YR Videos - Jason Birch (final),Yoga Reconsidered Conference,2018-02-15,1:13:19,0.31,unlisted,"older programme: Circle library, offline archive, or drop?",
,DECIDE,,,,,,256124826,YR Videos - Veena Howard (final),Yoga Reconsidered Conference,2018-02-16,1:01:31,0.291,unlisted,"older programme: Circle library, offline archive, or drop?",
,DECIDE,,,,,,256171476,YR Videos - Jacqueline Hargreaves (again),Yoga Reconsidered Conference,2018-02-17,0:38:58,0.231,unlisted,"older programme: Circle library, offline archive, or drop?",
,DECIDE,,,,,,256173341,YR Videos - James Mallinson (final),Yoga Reconsidered Conference,2018-02-17,1:21:22,1.027,unlisted,"older programme: Circle library, offline archive, or drop?",
,DECIDE,,,,,,630431300,YP Integration Session #1,YP CERT 2021/22 / Integration Sessions & Immersion,2021-10-12,1:16:22,0.514,disable,"older programme: Circle library, offline archive, or drop?",
,DECIDE,,,,,,641233768,YP Integration Session 2,YP CERT 2021/22 / Integration Sessions & Immersion,2021-11-01,1:54:09,0.831,disable,"older programme: Circle library, offline archive, or drop?",
,DECIDE,,,,,,655803590,Integration Session #4: YP Cert Program,YP CERT 2021/22 / Integration Sessions & Immersion,2021-12-12,1:18:00,0.573,disable,"older programme: Circle library, offline archive, or drop?",
,DECIDE,,,,,,669152654,Integration Session #5: YP Cert Program,YP CERT 2021/22 / Integration Sessions & Immersion,2022-01-23,1:15:21,0.552,disable,"older programme: Circle library, offline archive, or drop?",
,DECIDE,,,,,,676723765,Integration Session #6,YP CERT 2021/22 / Integration Sessions & Immersion,2022-02-13,1:25:34,0.957,disable,"older programme: Circle library, offline archive, or drop?",
,DECIDE,,,,,,685101422,YP Integration Session #7,YP CERT 2021/22 / Integration Sessions & Immersion,2022-03-06,1:17:30,0.517,disable,"older programme: Circle library, offline archive, or drop?",
,DECIDE,,,,,,692661239,YP - Integration Session #8,YP CERT 2021/22 / Integration Sessions & Immersion,2022-03-26,1:27:18,0.37,disable,"older programme: Circle library, offline archive, or drop?",
,DECIDE,,,,,,701789458,Integration Session #9.mov,YP CERT 2021/22 / Integration Sessions & Immersion,2022-04-21,0:48:07,0.255,disable,"older programme: Circle library, offline archive, or drop?",
,DECIDE,,,,,,705056539,Integration session #10,YP CERT 2021/22 / Integration Sessions & Immersion,2022-05-01,1:20:59,0.492,disable,"older programme: Circle library, offline archive, or drop?",
,DECIDE,,,,,,712602420,Integration Session #11,YP CERT 2021/22 / Integration Sessions & Immersion,2022-05-22,1:40:31,0.508,disable,"older programme: Circle library, offline archive, or drop?",
,DECIDE,,,,,,723894132,Integration Session #12,YP CERT 2021/22 / Integration Sessions & Immersion,2022-06-24,1:52:36,0.746,disable,"older programme: Circle library, offline archive, or drop?",
,DECIDE,,,,,,724046878,immersion-thursday-6-23-22.mov,YP CERT 2021/22 / Integration Sessions & Immersion,2022-06-25,2:17:06,0.548,disable,"older programme: Circle library, offline archive, or drop?",
,DECIDE,,,,,,724052621,immersion-friday-6-24-22.mov,YP CERT 2021/22 / Integration Sessions & Immersion,2022-06-25,4:29:48,2.849,disable,"older programme: Circle library, offline archive, or drop?",
,DECIDE,,,,,,724089697,immersion-saturday-june-25.mov,YP CERT 2021/22 / Integration Sessions & Immersion,2022-06-25,5:15:17,3.552,disable,"older programme: Circle library, offline archive, or drop?",
,DECIDE,,,,,,724602366,immersion-sunday-6-27-22,YP CERT 2021/22 / Integration Sessions & Immersion,2022-06-27,3:01:01,1.326,disable,"older programme: Circle library, offline archive, or drop?",
,DECIDE,,,,,,611994720,Module 1: Intro to Philosophy,YP CERT 2021/22 / YP Trimester 1,2021-09-22,2:11:43,0.558,disable,"older programme: Circle library, offline archive, or drop?",
,DECIDE,,,,,,613053463,Module 2: Intro to Philosophy,YP CERT 2021/22 / YP Trimester 1,2021-09-23,2:02:35,0.558,disable,"older programme: Circle library, offline archive, or drop?",
,DECIDE,,,,,,617618353,Module 1: Intro to the Vedas,YP CERT 2021/22 / YP Trimester 1,2021-09-29,1:56:18,0.471,disable,"older programme: Circle library, offline archive, or drop?",
,DECIDE,,,,,,619660649,Module 2: Intro to the Vedas,YP CERT 2021/22 / YP Trimester 1,2021-10-01,2:00:51,0.514,disable,"older programme: Circle library, offline archive, or drop?",
,DECIDE,,,,,,624595188,Module 1: Yoga History,YP CERT 2021/22 / YP Trimester 1,2021-10-06,1:52:12,0.558,disable,"older programme: Circle library, offline archive, or drop?",
,DECIDE,,,,,,626849081,Module 2: Yoga History,YP CERT 2021/22 / YP Trimester 1,2021-10-08,1:54:27,0.602,disable,"older programme: Circle library, offline archive, or drop?",
,DECIDE,,,,,,631149822,Module 1: Yoga History,YP CERT 2021/22 / YP Trimester 1,2021-10-13,2:05:08,0.683,disable,"older programme: Circle library, offline archive, or drop?",
,DECIDE,,,,,,633225639,Module 4: Yoga History,YP CERT 2021/22 / YP Trimester 1,2021-10-15,2:00:31,0.541,disable,"older programme: Circle library, offline archive, or drop?",
,DECIDE,,,,,,637229814,Module 1: Sankhyakarika & The Sutras,YP CERT 2021/22 / YP Trimester 1,2021-10-20,2:53:59,1.454,disable,"older programme: Circle library, offline archive, or drop?",
,DECIDE,,,,,,638039238,Module 1: Upanishads,YP CERT 2021/22 / YP Trimester 1,2021-10-22,1:58:03,0.466,disable,"older programme: Circle library, offline archive, or drop?",
,DECIDE,,,,,,639677582,Module 2: Samkhyakarika & the Sutras,YP CERT 2021/22 / YP Trimester 1,2021-10-27,2:40:37,1.098,disable,"older programme: Circle library, offline archive, or drop?",
,DECIDE,,,,,,640469473,Module 2: Upanishads,YP CERT 2021/22 / YP Trimester 1,2021-10-29,1:52:51,0.419,disable,"older programme: Circle library, offline archive, or drop?",This video is about My Movie
,DECIDE,,,,,,641742444,Module 3: Upanishads,YP CERT 2021/22 / YP Trimester 1,2021-11-03,2:01:07,0.49,disable,"older programme: Circle library, offline archive, or drop?",This video is about My Movie
,DECIDE,,,,,,641760945,Module 3: Samkhyakarika & the Yoga Sutras,YP CERT 2021/22 / YP Trimester 1,2021-11-03,2:38:52,1.159,disable,"older programme: Circle library, offline archive, or drop?",
,DECIDE,,,,,,644202759,Module 4: Samkhyakarika & the Sutras,YP CERT 2021/22 / YP Trimester 1,2021-11-10,2:54:08,1.304,disable,"older programme: Circle library, offline archive, or drop?",
,DECIDE,,,,,,645383557,Module 4: Upanishads,YP CERT 2021/22 / YP Trimester 1,2021-11-12,1:51:34,0.453,disable,"older programme: Circle library, offline archive, or drop?",This video is about My Movie
,DECIDE,,,,,,646727007,Module 5: Samkhya & the Sutras,YP CERT 2021/22 / YP Trimester 1,2021-11-17,2:27:41,0.653,disable,"older programme: Circle library, offline archive, or drop?",
,DECIDE,,,,,,647885701,Module 1: Intro to Sanskrit,YP CERT 2021/22 / YP Trimester 1,2021-11-19,1:44:02,0.337,disable,"older programme: Circle library, offline archive, or drop?",
,DECIDE,,,,,,651838136,Module 6: Samkhyakarika & the Yoga Sutras,YP CERT 2021/22 / YP Trimester 1,2021-12-01,2:10:57,0.71,disable,"older programme: Circle library, offline archive, or drop?",
,DECIDE,,,,,,653024185,Module 2: Intro to Sanskrit,YP CERT 2021/22 / YP Trimester 1,2021-12-03,1:34:27,0.29,disable,"older programme: Circle library, offline archive, or drop?",
,DECIDE,,,,,,654378431,Module 7: the Samkhyakarika & the Yoga Sutras,YP CERT 2021/22 / YP Trimester 1,2021-12-08,2:32:02,1.002,disable,"older programme: Circle library, offline archive, or drop?",
,DECIDE,,,,,,655068052,Module 3: Intro to Sanskrit,YP CERT 2021/22 / YP Trimester 1,2021-12-09,1:15:38,0.281,disable,"older programme: Circle library, offline archive, or drop?",
,DECIDE,,,,,,656863283,Module  8: Samkhyakarika & the Yoga Sutras,YP CERT 2021/22 / YP Trimester 1,2021-12-15,2:36:11,1.128,disable,"older programme: Circle library, offline archive, or drop?",
,DECIDE,,,,,,657559213,Module 4: Intro to Sanskrit,YP CERT 2021/22 / YP Trimester 1,2021-12-16,1:56:57,0.212,disable,"older programme: Circle library, offline archive, or drop?",
,DECIDE,,,,,,678479897,Bonus Q&A: Samkhyakarika & the Yoga Sutras,YP CERT 2021/22 / YP Trimester 1,2022-02-17,1:10:52,0.926,disable,"older programme: Circle library, offline archive, or drop?",
,DECIDE,,,,,,506156696,Module 1: Advaita Vedanta,YP CERT 2021/22 / YP Trimester 2,2021-01-29,1:51:46,0.496,disable,"older programme: Circle library, offline archive, or drop?",
,DECIDE,,,,,,508874473,Module 2: Advaita Vedanta,YP CERT 2021/22 / YP Trimester 2,2021-02-05,1:42:00,0.987,disable,"older programme: Circle library, offline archive, or drop?",
,DECIDE,,,,,,536926861,Lalita Seminar,YP CERT 2021/22 / YP Trimester 2,2021-04-14,1:34:39,0.985,disable,"older programme: Circle library, offline archive, or drop?",
,DECIDE,,,,,,665089176,Module 1: Bhagavad Gita,YP CERT 2021/22 / YP Trimester 2,2022-01-12,1:43:14,0.553,disable,"older programme: Circle library, offline archive, or drop?",
,DECIDE,,,,,,665948753,Module 2: Bhagavad Gita,YP CERT 2021/22 / YP Trimester 2,2022-01-14,1:31:50,0.438,disable,"older programme: Circle library, offline archive, or drop?",
,DECIDE,,,,,,667618124,Module 3: Bhagavad Gita,YP CERT 2021/22 / YP Trimester 2,2022-01-19,1:35:48,0.468,disable,"older programme: Circle library, offline archive, or drop?",
,DECIDE,,,,,,668470757,Module 4: Bhagavad Gita,YP CERT 2021/22 / YP Trimester 2,2022-01-21,1:01:13,0.475,disable,"older programme: Circle library, offline archive, or drop?",
,DECIDE,,,,,,670117844,Module 1: Vaiṣṇava Bhakti,YP CERT 2021/22 / YP Trimester 2,2022-01-26,1:31:51,0.438,disable,"older programme: Circle library, offline archive, or drop?",
,DECIDE,,,,,,672634983,Module 2: Vaiṣṇava Bhakti,YP CERT 2021/22 / YP Trimester 2,2022-02-02,1:43:08,0.498,disable,"older programme: Circle library, offline archive, or drop?",
,DECIDE,,,,,,675653230,Module 1: Ayurveda,YP CERT 2021/22 / YP Trimester 2,2022-02-09,2:09:16,0.801,disable,"older programme: Circle library, offline archive, or drop?",This video is about My Movie
,DECIDE,,,,,,676133915,Module 1: Meditation,YP CERT 2021/22 / YP Trimester 2,2022-02-11,1:35:10,0.275,disable,"older programme: Circle library, offline archive, or drop?",
,DECIDE,,,,,,678766149,Module 2: Ayurveda,YP CERT 2021/22 / YP Trimester 2,2022-02-17,2:31:08,0.935,disable,"older programme: Circle library, offline archive, or drop?",This video is about My Movie
,DECIDE,,,,,,678986329,Module 2: Meditation,YP CERT 2021/22 / YP Trimester 2,2022-02-18,1:28:19,0.251,disable,"older programme: Circle library, offline archive, or drop?",
,DECIDE,,,,,,680716727,Module 1: Yoga History 2,YP CERT 2021/22 / YP Trimester 2,2022-02-23,2:00:51,0.635,disable,"older programme: Circle library, offline archive, or drop?",
,DECIDE,,,,,,681760185,Module 2: Yoga History 2,YP CERT 2021/22 / YP Trimester 2,2022-02-25,1:50:32,0.534,disable,"older programme: Circle library, offline archive, or drop?",
,DECIDE,,,,,,683649240,Module 3: Yoga History 2,YP CERT 2021/22 / YP Trimester 2,2022-03-02,2:06:51,0.696,disable,"older programme: Circle library, offline archive, or drop?",
,DECIDE,,,,,,684523295,Module 4: Yoga History 2,YP CERT 2021/22 / YP Trimester 2,2022-03-04,2:07:16,0.708,disable,"older programme: Circle library, offline archive, or drop?",
,DECIDE,,,,,,686186081,Module 1: Śiva Sūtras,YP CERT 2021/22 / YP Trimester 2,2022-03-09,2:01:24,0.704,disable,"older programme: Circle library, offline archive, or drop?",
,DECIDE,,,,,,687000715,Module 1: Śaiva Tantra,YP CERT 2021/22 / YP Trimester 2,2022-03-11,1:37:20,0.555,disable,"older programme: Circle library, offline archive, or drop?",
,DECIDE,,,,,,688686217,Module 2: Śiva Sūtras,YP CERT 2021/22 / YP Trimester 2,2022-03-16,1:58:44,0.641,disable,"older programme: Circle library, offline archive, or drop?",
,DECIDE,,,,,,689778809,Module 2: Shaiva Tantra,YP CERT 2021/22 / YP Trimester 2,2022-03-18,1:30:14,0.436,disable,"older programme: Circle library, offline archive, or drop?",
,DECIDE,,,,,,692096926,Module 3: Śiva Sūtras,YP CERT 2021/22 / YP Trimester 2,2022-03-25,1:55:15,0.501,disable,"older programme: Circle library, offline archive, or drop?",
,DECIDE,,,,,,692112808,Module 3: Shaiva Tantra,YP CERT 2021/22 / YP Trimester 2,2022-03-25,1:29:32,0.489,disable,"older programme: Circle library, offline archive, or drop?",
,DECIDE,,,,,,421161306,Module 2: Yoga & Contemplative Science,YP CERT 2021/22 / YP Trimester 3,2020-05-21,1:09:40,0.234,disable,"older programme: Circle library, offline archive, or drop?",
,DECIDE,,,,,,696409962,Module 1: Puranas and Poetry,YP CERT 2021/22 / YP Trimester 3,2022-04-06,1:29:21,0.34,disable,"older programme: Circle library, offline archive, or drop?",
,DECIDE,,,,,,697299757,Module 1: Shakta Tantra,YP CERT 2021/22 / YP Trimester 3,2022-04-08,1:30:12,0.616,disable,"older programme: Circle library, offline archive, or drop?",
,DECIDE,,,,,,698502166,Module 2: Shakta Tantra,YP CERT 2021/22 / YP Trimester 3,2022-04-12,1:28:43,0.568,disable,"older programme: Circle library, offline archive, or drop?",
,DECIDE,,,,,,698883729,Module 2: Puranas and Poetry,YP CERT 2021/22 / YP Trimester 3,2022-04-13,1:30:01,0.439,disable,"older programme: Circle library, offline archive, or drop?",
,DECIDE,,,,,,701140768,Module 1: Hatha Yoga Texts,YP CERT 2021/22 / YP Trimester 3,2022-04-20,1:30:58,0.392,disable,"older programme: Circle library, offline archive, or drop?",
,DECIDE,,,,,,701937789,Module 1: Hatha Yoga,YP CERT 2021/22 / YP Trimester 3,2022-04-22,2:00:34,0.526,disable,"older programme: Circle library, offline archive, or drop?",
,DECIDE,,,,,,703601123,Module 2: Hatha Yoga Texts,YP CERT 2021/22 / YP Trimester 3,2022-04-27,1:32:04,0.416,disable,"older programme: Circle library, offline archive, or drop?",
,DECIDE,,,,,,704460010,Module 2: Hatha Yoga,YP CERT 2021/22 / YP Trimester 3,2022-04-29,2:08:14,0.604,disable,"older programme: Circle library, offline archive, or drop?",
,DECIDE,,,,,,706017137,Module 1: Yoga History 3,YP CERT 2021/22 / YP Trimester 3,2022-05-04,2:15:30,0.723,disable,"older programme: Circle library, offline archive, or drop?",
,DECIDE,,,,,,706861222,Module 2: Yoga History 3,YP CERT 2021/22 / YP Trimester 3,2022-05-06,2:15:49,0.778,disable,"older programme: Circle library, offline archive, or drop?",
,DECIDE,,,,,,707977039,Module 1: Yoga & Contemplative Science,YP CERT 2021/22 / YP Trimester 3,2022-05-09,1:26:38,0.446,disable,"older programme: Circle library, offline archive, or drop?",
,DECIDE,,,,,,708575065,Module 3: Yoga History 3,YP CERT 2021/22 / YP Trimester 3,2022-05-11,1:58:54,0.576,disable,"older programme: Circle library, offline archive, or drop?",
,DECIDE,,,,,,709339244,Module 4: Yoga History 3,YP CERT 2021/22 / YP Trimester 3,2022-05-13,2:21:46,0.505,disable,"older programme: Circle library, offline archive, or drop?",
,DECIDE,,,,,,711153842,Module 1: Modern Sages,YP CERT 2021/22 / YP Trimester 3,2022-05-18,1:31:08,0.342,disable,"older programme: Circle library, offline archive, or drop?",
,DECIDE,,,,,,711884854,Module 1: Yoga & Buddhism,YP CERT 2021/22 / YP Trimester 3,2022-05-20,1:30:38,0.374,disable,"older programme: Circle library, offline archive, or drop?",
,DECIDE,,,,,,713617154,Module 1: Modern Sages,YP CERT 2021/22 / YP Trimester 3,2022-05-25,1:37:42,0.405,disable,"older programme: Circle library, offline archive, or drop?",
,DECIDE,,,,,,714314820,Module 2: Yoga & Buddhism,YP CERT 2021/22 / YP Trimester 3,2022-05-27,1:35:54,0.365,disable,"older programme: Circle library, offline archive, or drop?",
,DECIDE,,,,,,715949304,Module 1: Ethical Questions,YP CERT 2021/22 / YP Trimester 3,2022-06-01,1:53:59,0.501,disable,"older programme: Circle library, offline archive, or drop?",
,DECIDE,,,,,,716717146,"Module 1: Meditation, Mind & Indian Philosophy",YP CERT 2021/22 / YP Trimester 3,2022-06-03,1:40:12,0.564,disable,"older programme: Circle library, offline archive, or drop?",
,DECIDE,,,,,,718225007,Module 2: Ethical Questions,YP CERT 2021/22 / YP Trimester 3,2022-06-08,2:08:03,0.581,disable,"older programme: Circle library, offline archive, or drop?",
,DECIDE,,,,,,719040027,Module 2: Mind Body Meditation,YP CERT 2021/22 / YP Trimester 3,2022-06-10,1:55:22,0.623,disable,"older programme: Circle library, offline archive, or drop?",
,DECIDE,,,,,,938805833,Śaiva Tantra - Module 3,Śaiva Tantra 2024 WS Course,2024-04-24,0:38:42,0.178,disable,"older programme: Circle library, offline archive, or drop?",
,DECIDE,,,,,,938806315,Śaiva Tantra - Module 2,Śaiva Tantra 2024 WS Course,2024-04-24,0:59:49,0.302,disable,"older programme: Circle library, offline archive, or drop?",
,DECIDE,,,,,,938807074,Śaiva Tantra - Module 1,Śaiva Tantra 2024 WS Course,2024-04-24,1:03:23,0.332,disable,"older programme: Circle library, offline archive, or drop?",
,DECIDE,,,,,,1178627567,Module_1_Siva_Sutras,Śiva Sūtras,2026-03-30,1:58:44,0.645,nobody,"older programme: Circle library, offline archive, or drop?",
,DECIDE,,,,,,1178628492,Module_2_Siva_Sutras,Śiva Sūtras,2026-03-30,2:01:24,0.708,nobody,"older programme: Circle library, offline archive, or drop?",
,DECIDE,,,,,,1178628934,Module_3_Siva_Sutras,Śiva Sūtras,2026-03-30,1:55:16,0.503,nobody,"older programme: Circle library, offline archive, or drop?",
,ARCHIVE,,,,,,954921480,C0060,Raw Video Files from Camera,2024-06-07,0:10:48,0.465,nobody,raw camera files,
,ARCHIVE,,,,,,954930369,C0061,Raw Video Files from Camera,2024-06-07,0:10:48,0.465,nobody,raw camera files,
,ARCHIVE,,,,,,954943757,C0062,Raw Video Files from Camera,2024-06-07,0:10:49,0.466,nobody,raw camera files,
,ARCHIVE,,,,,,954953090,C0063,Raw Video Files from Camera,2024-06-07,0:10:48,0.465,nobody,raw camera files,
,ARCHIVE,,,,,,954962816,C0064,Raw Video Files from Camera,2024-06-07,0:10:48,0.465,nobody,raw camera files,
,ARCHIVE,,,,,,954972112,C0065,Raw Video Files from Camera,2024-06-07,0:10:18,0.435,nobody,raw camera files,
,ARCHIVE,,,,,,954980623,C0066,Raw Video Files from Camera,2024-06-07,0:10:48,0.447,nobody,raw camera files,
,ARCHIVE,,,,,,954989127,C0067,Raw Video Files from Camera,2024-06-07,0:10:48,0.461,nobody,raw camera files,
,ARCHIVE,,,,,,954997519,C0068,Raw Video Files from Camera,2024-06-07,0:10:48,0.462,nobody,raw camera files,
,ARCHIVE,,,,,,1111073095,Margaux SS Testimonial,Sadhana School,2025-08-18,0:01:50,0.069,disable,older Sadhana School cohort,
,ARCHIVE,,,,,,1023580066,Sadhana School - Orientation,Sadhana School / Fall 2024 Sadhana School,2024-10-26,2:21:31,1.832,nobody,older Sadhana School cohort,
,ARCHIVE,,,,,,1028990672,Week 3 - oṃ namaḥ śivāya,Sadhana School / Fall 2024 Sadhana School,2024-11-12,0:39:01,0.272,unlisted,older Sadhana School cohort,
,ARCHIVE,,,,,,1032875297,Body of Sadhana,Sadhana School / Fall 2024 Sadhana School,2024-11-24,3:10:24,0.981,nobody,older Sadhana School cohort,
,ARCHIVE,,,,,,1037300982,Introduction to Sanskrit,Sadhana School / Fall 2024 Sadhana School,2024-12-09,3:11:39,1.013,nobody,older Sadhana School cohort,
,ARCHIVE,,,,,,1050596979,CLIP The Wisdom of the Devī Māhātmyam with Tova Olsson,Sadhana School / Fall 2024 Sadhana School,2025-01-27,1:06:27,0.938,nobody,older Sadhana School cohort,
,ARCHIVE,,,,,,1086459246,Week 1 - Foundations and Historical Context - No Slides Recording 1,Sadhana School / Fall 2024 Sadhana School / FALL - NO SLIDES,2025-05-21,2:21:20,1.667,nobody,older Sadhana School cohort,
,ARCHIVE,,,,,,1086587209,Week 2 - Classical Yoga Philosophy - Sāṃkhya and Yoga Darṣana - No Slides Recording 1,Sadhana School / Fall 2024 Sadhana School / FALL - NO SLIDES,2025-05-21,1:45:33,1.323,nobody,older Sadhana School cohort,
,ARCHIVE,,,,,,1086588953,Week 3 - The Theory of Meditation in Sāṃkhya-Yoga - No Slides,Sadhana School / Fall 2024 Sadhana School / FALL - NO SLIDES,2025-05-21,3:14:25,2.733,nobody,older Sadhana School cohort,
,ARCHIVE,,,,,,1086592798,"Week 4 - The Bhagavad Gītā - Karma, Bhakti, and Jñāna Yoga - No Slides Recording 1",Sadhana School / Fall 2024 Sadhana School / FALL - NO SLIDES,2025-05-22,2:03:31,1.375,nobody,older Sadhana School cohort,
,ARCHIVE,,,,,,1086594698,Week 5 - Non-Dualistic Philosophies - Advaita Vedānta and Kashmir Saivism - No Slides Recording 1,Sadhana School / Fall 2024 Sadhana School / FALL - NO SLIDES,2025-05-22,2:36:57,2.27,nobody,older Sadhana School cohort,
,ARCHIVE,,,,,,1086613659,Week 7 -  Buddhist Influences on Yoga Philosophy - No Slides,Sadhana School / Fall 2024 Sadhana School / FALL - NO SLIDES,2025-05-22,2:46:59,2.529,nobody,older Sadhana School cohort,
,ARCHIVE,,,,,,1086616319,Week 8 - Ethical Questions and Final Thoughts - No Slides,Sadhana School / Fall 2024 Sadhana School / FALL - NO SLIDES,2025-05-22,2:52:09,2.848,nobody,older Sadhana School cohort,
,ARCHIVE,,,,,,1086804272,Week 2 - Classical Yoga Philosophy - Sāṃkhya and Yoga Darṣana - No Slides Recording 2,Sadhana School / Fall 2024 Sadhana School / FALL - NO SLIDES,2025-05-22,1:09:37,0.838,nobody,older Sadhana School cohort,
,ARCHIVE,,,,,,1086810914,"Week 4 - The Bhagavad Gītā - Karma, Bhakti, and Jñāna Yoga - No Slides Recording 2",Sadhana School / Fall 2024 Sadhana School / FALL - NO SLIDES,2025-05-22,0:49:02,0.498,nobody,older Sadhana School cohort,
,ARCHIVE,,,,,,1086814322,Week 6 - Saktism & Kundalini with Tova Olsson - No Slides Recording 1,Sadhana School / Fall 2024 Sadhana School / FALL - NO SLIDES,2025-05-22,2:35:42,2.421,nobody,older Sadhana School cohort,
,ARCHIVE,,,,,,1086815282,Week 1 - Foundations and Historical Context - No Slides Recording 2,Sadhana School / Fall 2024 Sadhana School / FALL - NO SLIDES,2025-05-22,0:34:20,0.377,nobody,older Sadhana School cohort,
,ARCHIVE,,,,,,1086817474,Week 5 - Non-Dualistic Philosophies - Advaita Vedānta and Kashmir Saivism - No Slides Recording 2,Sadhana School / Fall 2024 Sadhana School / FALL - NO SLIDES,2025-05-22,0:29:17,0.406,nobody,older Sadhana School cohort,
,ARCHIVE,,,,,,1086821894,Week 6 - Saktism & Kundalini with Tova Olsson - No Slides Recording 2,Sadhana School / Fall 2024 Sadhana School / FALL - NO SLIDES,2025-05-22,0:01:34,0.014,nobody,older Sadhana School cohort,
,ARCHIVE,,,,,,1079132569,Sri Yantra - Bonus Seminar,Sadhana School / Spring 2025 Sadhana School,2025-04-27,2:35:14,3.302,nobody,older Sadhana School cohort,
,ARCHIVE,,,,,,1085127422,Week 4 - Turiya Clip,Sadhana School / Spring 2025 Sadhana School,2025-05-16,0:04:38,0.104,nobody,older Sadhana School cohort,
,ARCHIVE,,,,,,1085128564,Week 4 - Metaphysical Systems - Talking vs. Sadhana Schools Clip,Sadhana School / Spring 2025 Sadhana School,2025-05-16,0:12:11,0.292,nobody,older Sadhana School cohort,
,ARCHIVE,,,,,,1091535486,Yogic Perception - Bonus Seminar,Sadhana School / Spring 2025 Sadhana School,2025-06-08,3:21:53,0.963,nobody,older Sadhana School cohort,
,ARCHIVE,,,,,,1092678454,Week 5 - Spiritual Bypassing,Sadhana School / Spring 2025 Sadhana School,2025-06-12,0:20:36,0.109,nobody,older Sadhana School cohort,
,ARCHIVE,,,,,,1097331393,Summoning the Void - Bonus Seminar,Sadhana School / Spring 2025 Sadhana School,2025-06-29,2:39:01,1.352,nobody,older Sadhana School cohort,
,ARCHIVE,,,,,,1086191860,Week 1 - An Introduction to Rasa Theory & the Śṛṅgāra Rasa - No Slides,Sadhana School / Spring 2025 Sadhana School / Spring - NO SLIDES,2025-05-20,2:51:57,2.653,nobody,older Sadhana School cohort,
,ARCHIVE,,,,,,1086195974,Week 3 - Karuṇa - Tibetan Buddhist Meditation with Dr. James Bae & the Rasa of Compassion - No Slides,Sadhana School / Spring 2025 Sadhana School / Spring - NO SLIDES,2025-05-20,2:46:09,3.118,nobody,older Sadhana School cohort,
,ARCHIVE,,,,,,1086204823,Week 4 - The Raudra Rasa (The Furious Rasa) - No Slides,Sadhana School / Spring 2025 Sadhana School / Spring - NO SLIDES,2025-05-20,2:37:40,3.193,nobody,older Sadhana School cohort,
,ARCHIVE,,,,,,1086220969,Week 5 - Vīrya Rasa - The Aesthetic Emotion of Heroism - No Slides,Sadhana School / Spring 2025 Sadhana School / Spring - NO SLIDES,2025-05-20,2:51:13,2.2,nobody,older Sadhana School cohort,
,ARCHIVE,,,,,,1086793648,Week 2 - Hāsya Rasa – The Comic Rasa - No Slides,Sadhana School / Spring 2025 Sadhana School / Spring - NO SLIDES,2025-05-22,3:00:11,3.764,nobody,older Sadhana School cohort,
,ARCHIVE,,,,,,1090264217,Week 7 - The Bibhātsa Rasa - The Aesthetic Emotion of Disgust - No Slides,Sadhana School / Spring 2025 Sadhana School / Spring - NO SLIDES,2025-06-03,2:55:46,3.32,nobody,older Sadhana School cohort,
,ARCHIVE,,,,,,1092286306,Week 8 - The Adbhuta Rasa - The Aesthetic Emotion of Wonder - No Slides,Sadhana School / Spring 2025 Sadhana School / Spring - NO SLIDES,2025-06-10,2:56:19,3.234,nobody,older Sadhana School cohort,
,ARCHIVE,,,,,,1213393698,Yogic Perception - No Slides,Sadhana School / Spring 2025 Sadhana School / Spring - NO SLIDES,2026-07-27,3:37:35,3.939,nobody,older Sadhana School cohort,
,ARCHIVE,,,,,,1054867823,Build Your Happy Place - Creating Your Personal Altar,Sadhana School / Winter 2025 Sadhana School,2025-02-09,3:25:56,2.096,nobody,older Sadhana School cohort,
,ARCHIVE,,,,,,1086254774,Week 1 - Prāṇa Logic - Foundations of Breath Philosophy  - No Slides,Sadhana School / Winter 2025 Sadhana School / Winter - NO SLIDES,2025-05-21,3:00:05,2.163,nobody,older Sadhana School cohort,
,ARCHIVE,,,,,,1086258130,Week 2 - Core Prāṇāyāma Techniques - No Slides,Sadhana School / Winter 2025 Sadhana School / Winter - NO SLIDES,2025-05-21,2:55:09,2.175,nobody,older Sadhana School cohort,
,ARCHIVE,,,,,,1086259762,Week 3 - Ardhanārīśvara and the Kulārṇava Tantra - No Slides,Sadhana School / Winter 2025 Sadhana School / Winter - NO SLIDES,2025-05-21,2:40:09,2.099,nobody,older Sadhana School cohort,
,ARCHIVE,,,,,,1086261525,Week 4 - Subtle Body Anatomy - No Slides,Sadhana School / Winter 2025 Sadhana School / Winter - NO SLIDES,2025-05-21,2:46:33,2.328,nobody,older Sadhana School cohort,
,ARCHIVE,,,,,,1086354252,Week 5 - Discovering Svara Yoga - No Slides,Sadhana School / Winter 2025 Sadhana School / Winter - NO SLIDES,2025-05-21,3:01:21,2.256,nobody,older Sadhana School cohort,
,ARCHIVE,,,,,,1086358242,Week 6 - Breath Techniques in Buddhist Yoga - No Slides,Sadhana School / Winter 2025 Sadhana School / Winter - NO SLIDES,2025-05-21,2:39:26,2.916,nobody,older Sadhana School cohort,
,ARCHIVE,,,,,,1086367468,Week 7 - Prāṇa and Mantra with Dr. Kavitha Chinnaiyan - No Slides,Sadhana School / Winter 2025 Sadhana School / Winter - NO SLIDES,2025-05-21,2:58:02,4.106,nobody,older Sadhana School cohort,
,ARCHIVE,,,,,,1086376280,Winter - Week 8 - No Slides,Sadhana School / Winter 2025 Sadhana School / Winter - NO SLIDES,2025-05-21,3:05:52,4.135,nobody,older Sadhana School cohort,
,SKIP,,,,,,162184540,HD Test 35Mbps,(no folder),2016-04-09,0:02:23,0.049,nobody,marketing clip,This video is about HD Test 35Mbps
,SKIP,,,,,,205726963,Untitled,(no folder),2017-02-26,0:00:00,0.0,anybody,"broken on Vimeo (uploading, no playable file)",
,SKIP,,,,,,205727922,Untitled,(no folder),2017-02-26,0:00:00,0.0,anybody,"broken on Vimeo (uploading, no playable file)",
,SKIP,,,,,,205758210,Untitled,(no folder),2017-02-26,0:00:00,0.0,anybody,"broken on Vimeo (uploading, no playable file)",
,SKIP,,,,,,214273355,Untitled,(no folder),2017-04-22,0:00:00,0.0,anybody,"broken on Vimeo (uploading, no playable file)",
,SKIP,,,,,,238623245,Psychoanalysis & Tibetan Buddhism (Video) - Session 1,(no folder),2017-10-17,0:00:00,0.0,anybody,"broken on Vimeo (uploading_error, no playable file)",
,SKIP,,,,,,239758234,Psychoanalysis & Tibetan Buddhism (Session 2 Video),(no folder),2017-10-25,0:00:00,0.0,anybody,"broken on Vimeo (uploading_error, no playable file)",
,SKIP,,,,,,249526118,Nalanda Long FB Live Video Edited,(no folder),2018-01-03,0:00:00,0.0,anybody,"broken on Vimeo (uploading_error, no playable file)",
,SKIP,,,,,,284984885,CHITHEADS for FORUM - (#50) Isa Gucciardi,(no folder),2018-08-14,0:00:00,0.0,anybody,"broken on Vimeo (uploading, no playable file)",
,SKIP,,,,,,319559069,Ara Test Vimeo,(no folder),2019-02-25,1:58:59,2.052,nobody,marketing clip,
,SKIP,,,,,,344237824,Module 4 - David Bullard,(no folder),2019-06-25,0:00:00,0.0,nobody,"broken on Vimeo (uploading, no playable file)",
,SKIP,,,,,,347337668,Mary Nichols_Intro,(no folder),2019-07-10,0:00:00,0.0,nobody,"broken on Vimeo (uploading_error, no playable file)",
,SKIP,,,,,,348101274,Ep_Jensen Martin_Embodiebreath_Outro,(no folder),2019-07-15,0:00:00,0.0,nobody,"broken on Vimeo (uploading_error, no playable file)",
,SKIP,,,,,,356752823,GMT20190829-194346_Embodied-P_1760x900,(no folder),2019-08-29,0:00:00,0.0,anybody,"broken on Vimeo (uploading, no playable file)",
,SKIP,,,,,,356752825,GMT20190829-194346_Embodied-P_1760x900,(no folder),2019-08-29,0:00:00,0.0,nobody,"broken on Vimeo (uploading, no playable file)",
,SKIP,,,,,,356757270,Untitled,(no folder),2019-08-29,0:00:00,0.0,anybody,"broken on Vimeo (uploading, no playable file)",
,SKIP,,,,,,356757271,Untitled,(no folder),2019-08-29,0:00:00,0.0,anybody,"broken on Vimeo (uploading, no playable file)",
,SKIP,,,,,,360880247,BHAGAVAD GITA MODULE 2,(no folder),2019-09-18,0:00:00,0.0,nobody,"broken on Vimeo (uploading_error, no playable file)",
,SKIP,,,,,,362933280,EL_Christopher Fici,(no folder),2019-09-28,1:30:20,0.555,nobody,duplicate of 362663876,
,SKIP,,,,,,363001524,EL_Vanamali Mataji,(no folder),2019-09-28,1:17:12,0.938,nobody,duplicate of 362939688,
,SKIP,,,,,,364091882,module 3,(no folder),2019-10-03,2:29:52,2.003,anybody,duplicate of 364083680,
,SKIP,,,,,,368432208,module 6,(no folder),2019-10-24,0:00:00,0.0,anybody,"broken on Vimeo (uploading, no playable file)",
,SKIP,,,,,,374828768,Yoga Seminar - Om Namah Shivaya,(no folder),2019-11-22,0:00:00,0.0,anybody,"broken on Vimeo (uploading_error, no playable file)",
,SKIP,,,,,,375772944,MVI_0105,(no folder),2019-11-26,0:00:00,0.0,nobody,"broken on Vimeo (uploading, no playable file)",
,SKIP,,,,,,377223022,New Project,(no folder),2019-12-04,0:00:00,0.0,nobody,"broken on Vimeo (uploading, no playable file)",
,SKIP,,,,,,385713006,Jacob's Class,(no folder),2020-01-18,0:00:00,0.0,anybody,"broken on Vimeo (uploading_error, no playable file)",
,SKIP,,,,,,392584391,VE_AmitGoswami,(no folder),2020-02-19,1:01:25,1.038,nobody,duplicate of 392538646,
,SKIP,,,,,,401208817,Test Live,(no folder),2020-03-27,0:04:59,0.022,nobody,marketing clip,
,SKIP,,,,,,401747380,Re-Pairing_ Healing Disturbing and Traumatic Memories (David Bullard),(no folder),2020-03-28,0:00:00,0.0,nobody,"broken on Vimeo (uploading, no playable file)",
,SKIP,,,,,,401769192,Corrupt File - Vedic Chanting &amp the Art of Vibration (Kavitha Chinnaiyan),(no folder),2020-03-29,0:00:00,0.0,nobody,"broken on Vimeo (uploading, no playable file)",
,SKIP,,,,,,401779053,On the Yamas and Niyamas (Hari-kirtana das),(no folder),2020-03-29,0:00:00,0.0,nobody,"broken on Vimeo (uploading, no playable file)",
,SKIP,,,,,,401789363,The Esoteric Feminine in Hathayoga Sources (Ruth Westoby),(no folder),2020-03-29,0:00:00,0.0,nobody,"broken on Vimeo (uploading, no playable file)",
,SKIP,,,,,,401987896,Tibetan Culture_ the Culture of Enlightenment (Robert Thurman),(no folder),2020-03-29,0:00:00,0.0,nobody,"broken on Vimeo (uploading, no playable file)",
,SKIP,,,,,,418428591,Neuroscience_of_Mindbody_Therapy_Module_1,(no folder),2020-05-14,0:00:00,0.0,nobody,"broken on Vimeo (uploading, no playable file)",
,SKIP,,,,,,465569514,History of Yoga_Module1_Video,(no folder),2020-10-06,1:35:02,0.32,nobody,duplicate of 465554331,
,SKIP,,,,,,465602665,History Of Yoga_Module2_Audio,(no folder),2020-10-07,0:00:00,0.0,nobody,"broken on Vimeo (uploading, no playable file)",
,SKIP,,,,,,467776807,Indian Philosophy - Module 6,(no folder),2020-10-13,0:00:00,0.0,nobody,"broken on Vimeo (uploading_error, no playable file)",
,SKIP,,,,,,469569276,New event,(no folder),2020-10-18,0:00:00,0.0,unlisted,"broken on Vimeo (uploading_error, no playable file)",
,SKIP,,,,,,473680000,Integrating Energy Healing Into MindBody Therapy Theory and Practice,(no folder),2020-10-30,0:00:00,0.0,nobody,"broken on Vimeo (uploading_error, no playable file)",
,SKIP,,,,,,475944037,Metta Mediation with Oneika Mays,(no folder),2020-11-05,0:00:00,0.0,disable,"broken on Vimeo (uploading_error, no playable file)",Metta Mediation with Oneika Mays
,SKIP,,,,,,477664168,Metta Mediation with Oneika Mays,(no folder),2020-11-10,0:00:00,0.0,disable,"broken on Vimeo (uploading_error, no playable file)",Metta Mediation with Oneika Mays
,SKIP,,,,,,486691846,vlc-record-2020-12-02-23h00m17s-GMT20201202-234443_CERT--Neur_2560x1440mp4-,(no folder),2020-12-03,0:00:00,0.0,disable,"broken on Vimeo (uploading_error, no playable file)",
,SKIP,,,,,,488938757,Yoga Sutras of Patanjali Module 6 Video,(no folder),2020-12-09,0:00:00,0.0,disable,"broken on Vimeo (uploading_error, no playable file)",
,SKIP,,,,,,506148582,Advaita Vedanta,(no folder),2021-01-29,0:00:00,0.0,disable,"broken on Vimeo (uploading_error, no playable file)",
,SKIP,,,,,,506215057,C$J testing,(no folder),2021-01-29,0:00:00,0.0,disable,"broken on Vimeo (uploading_error, no playable file)",
,SKIP,,,,,,528348137,GMT20210323-213644_Recording_1920x1080,(no folder),2021-03-24,0:00:00,0.0,disable,"broken on Vimeo (uploading_error, no playable file)",
,SKIP,,,,,,542839209,test 1,(no folder),2021-04-28,0:00:00,0.0,disable,"broken on Vimeo (uploading_error, no playable file)",
,SKIP,,,,,,542945975,In Praise of Lalitā Devī- An Introduction to the Lalitā Sahasranāma,(no folder),2021-04-29,0:00:00,0.0,disable,"broken on Vimeo (uploading_error, no playable file)",
,SKIP,,,,,,553068299,Conference Intro,(no folder),2021-05-20,0:00:00,0.0,disable,"broken on Vimeo (uploading_error, no playable file)",
,SKIP,,,,,,553784061,Conference_Trailer_with_Images,(no folder),2021-05-22,0:01:05,0.046,anybody,marketing clip,
,SKIP,,,,,,555054463,Who Am I - Webinar (Final Cut).mp4,(no folder),2021-05-26,0:00:00,0.0,disable,"broken on Vimeo (uploading_error, no playable file)",
,SKIP,,,,,,563391769,EPTV Trailer,(no folder),2021-06-15,0:00:09,0.006,anybody,marketing clip,
,SKIP,,,,,,563882032,test 2,(no folder),2021-06-16,0:00:00,0.0,anybody,"broken on Vimeo (uploading_error, no playable file)",
,SKIP,,,,,,564458756,Ayurveda-Module8,(no folder),2021-06-18,0:00:00,0.0,nobody,"broken on Vimeo (uploading_error, no playable file)",
,SKIP,,,,,,565678342,Spiritual Citizenship - Orientation,(no folder),2021-06-21,0:00:00,0.0,anybody,"broken on Vimeo (uploading_error, no playable file)",
,SKIP,,,,,,571709561,Spiritual Citizenship - Live Conference Orientation,(no folder),2021-07-06,0:00:00,0.0,anybody,"broken on Vimeo (uploading_error, no playable file)",
,SKIP,,,,,,572259221,Spiritual Citizenship - Live Conference Orientation 2,(no folder),2021-07-07,0:00:00,0.0,anybody,"broken on Vimeo (uploading_error, no playable file)",
,SKIP,,,,,,574141702,SCC-Ramdas Lamb.m4v,(no folder),2021-07-12,0:51:36,0.576,password,duplicate of 571657418,
,SKIP,,,,,,575274541,SCC Workshop 2,(no folder),2021-07-15,0:00:00,0.0,nobody,"broken on Vimeo (uploading_error, no playable file)",
,SKIP,,,,,,576510778,Spiritual Citizenship - Live Conference,(no folder),2021-07-18,0:00:00,0.0,disable,"broken on Vimeo (uploading_error, no playable file)",
,SKIP,,,,,,678582775,My Movie,(no folder),2022-02-17,0:00:00,0.0,nobody,"broken on Vimeo (uploading_error, no playable file)",This video is about My Movie
,SKIP,,,,,,705055324,Integration session #10,(no folder),2022-05-01,0:00:00,0.0,nobody,"broken on Vimeo (uploading, no playable file)",
,SKIP,,,,,,727514146,Untitled event - 2022-07-06 22:28:17,(no folder),2022-07-06,0:00:00,0.0,nobody,"broken on Vimeo (uploading_error, no playable file)",
,SKIP,,,,,,728862776,YOGA INTERLUDE 15min.mp4,(no folder),2022-07-11,0:14:15,0.331,nobody,duplicate of 728860581,"Yoga Interlude — Breathe and Move
(15 minutes)
Cellular breathing,  simple movement, and sweet release. Take a break from fragmentary thinking and return what is important and real. Release tension and grasping through breath, movement, and deeply attentive awareness."
,SKIP,,,,,,729274778,FullSizeRender,(no folder),2022-07-12,0:00:00,0.0,nobody,"broken on Vimeo (uploading, no playable file)",
,SKIP,,,,,,739454030,HeatherO_EP_YogasanaPilot_Test_1.1.mp4,(no folder),2022-08-14,0:01:47,0.03,nobody,marketing clip,
,SKIP,,,,,,739744152,EP YWA 15 min shoulderstand class,(no folder),2022-08-15,0:00:00,0.0,nobody,"broken on Vimeo (uploading, no playable file)",
,SKIP,,,,,,750042319,New event,(no folder),2022-09-15,0:00:00,0.0,disable,"broken on Vimeo (uploading_error, no playable file)",
,SKIP,,,,,,763524128,Transcending Trauma Promo Video,(no folder),2022-10-24,0:01:48,0.018,unlisted,marketing clip,
,SKIP,,,,,,780189694,Beyond Mindfulness Trailer,(no folder),2022-12-11,0:01:30,0.015,disable,marketing clip,
,SKIP,,,,,,792911385,Q&A CA,(no folder),2023-01-26,0:00:00,0.0,nobody,"broken on Vimeo (uploading_error, no playable file)",
,SKIP,,,,,,799213839,Wisdom School | LP Promo Video,(no folder),2023-02-15,0:04:22,0.151,disable,marketing clip,
,SKIP,,,,,,810711866,(Caption Test) Vedic Philosophy Promo,(no folder),2023-03-22,0:01:09,0.012,disable,marketing clip,
,SKIP,,,,,,818839812,Sequence #1,(no folder),2023-04-18,0:00:00,0.0,nobody,"broken on Vimeo (uploading, no playable file)",
,SKIP,,,,,,837381567,Addiction: The Dis-ease of the Lost Self,(no folder),2023-06-18,1:00:33,0.932,disable,duplicate of 837086785,A pre-course conversation with LeTonia A. Jones and Nikki Myers
,SKIP,,,,,,844339115,Yoga & Social Justice Trailer,(no folder),2023-07-11,0:01:31,0.026,unlisted,marketing clip,
,SKIP,,,,,,844426796,Tantric Body Upsell Video (Captioned by Zubtitle) (1),(no folder),2023-07-12,0:06:08,0.132,anybody,marketing clip,
,SKIP,,,,,,845262851,Tantric Body Upsell - Marketing Pep Edits,(no folder),2023-07-14,0:03:12,0.06,disable,marketing clip,
,SKIP,,,,,,846346451,Chakras Challenge Day 2,(no folder),2023-07-18,0:00:00,0.0,nobody,"broken on Vimeo (uploading_error, no playable file)",
,SKIP,,,,,,846357964,Chakras Challenge Day 2,(no folder),2023-07-18,0:00:00,0.0,nobody,"broken on Vimeo (uploading_error, no playable file)",
,SKIP,,,,,,851802016,UPSELL - NT to ABC (Captioned by Zubtitle),(no folder),2023-08-05,0:02:46,0.045,disable,marketing clip,
,SKIP,,,,,,851805260,UPSELL - NT to ABC,(no folder),2023-08-05,0:02:46,0.045,disable,marketing clip,
,SKIP,,,,,,853111666,UPSELL Video - YS to YPC (Captioned by Zubtitle),(no folder),2023-08-09,0:03:07,0.054,disable,marketing clip,
,SKIP,,,,,,863366412,Build a Conscious Diet Day 3,(no folder),2023-09-11,0:00:00,0.0,nobody,"broken on Vimeo (uploading_error, no playable file)",
,SKIP,,,,,,865457539,UPSELL - EYT ot ABC (Captioned by Zubtitle),(no folder),2023-09-18,0:03:32,0.088,disable,marketing clip,
,SKIP,,,,,,865704516,Upsell Video - TBD to BPCP (Captioned by Zubtitle),(no folder),2023-09-18,0:06:01,0.143,disable,marketing clip,
,SKIP,,,,,,866547913,UPSELL VIDEO - Sound Medicine to Sanskrit Chanting LP (Captioned by Zubtitle) (1),(no folder),2023-09-20,0:05:31,0.143,nobody,marketing clip,
,SKIP,,,,,,873684407,Non-Dualism LP - Upsell Video (Captioned by Zubtitle),(no folder),2023-10-12,0:03:49,0.142,disable,marketing clip,
,SKIP,,,,,,880589759,UPSELL Video SLO to YPC,(no folder),2023-11-02,0:02:48,0.049,disable,marketing clip,
,SKIP,,,,,,900408789,lucy_crisfield_raw-synced-video-cfr_riverside_0002,(no folder),2024-01-06,0:00:00,0.0,nobody,"broken on Vimeo (uploading, no playable file)",
,SKIP,,,,,,1035267220,Podcast 3 - Jacob and Loriliai (1),(no folder),2024-12-02,0:00:00,0.0,nobody,"broken on Vimeo (uploading_error, no playable file)",
,SKIP,,,,,,1086257463,Week 2 - Core Pranayama Techniques - No Slides,(no folder),2025-05-21,0:00:00,0.0,nobody,"broken on Vimeo (uploading, no playable file)",
,SKIP,,,,,,1004461453,30-Day Sadhana - Day 28,30-Day Chakra Sādhanā,2024-08-30,0:00:00,0.0,nobody,"broken on Vimeo (uploading, no playable file)",
,SKIP,,,,,,889966536,Trailer_Beyond the Studio_Onieka Mays_FINAL,Blitz 2023 / Beyond the Yoga Studio - Oneika,2023-11-30,0:01:02,0.03,disable,marketing clip,
,SKIP,,,,,,900256199,Promo_Interview_Beyond the Studio_Oneika Mays_FINAL,Blitz 2023 / Beyond the Yoga Studio - Oneika,2024-01-05,0:03:29,0.106,disable,marketing clip,
,SKIP,,,,,,901336555,Promo-Interview_Dr. Bhattacharya_V1 -,Blitz 2023 / Creating Sacred Moments Bhaswati,2024-01-10,0:17:35,0.463,disable,marketing clip,
,SKIP,,,,,,901337211,Trailer_Dr. Bhattacharya_V2,Blitz 2023 / Creating Sacred Moments Bhaswati,2024-01-10,0:01:58,0.04,disable,marketing clip,
,SKIP,,,,,,899961586,Promo_Interview_Pilar Jenniings_V1_ACC,Blitz 2023 / Healing Stress - Pilar,2024-01-04,0:06:01,0.121,disable,marketing clip,
,SKIP,,,,,,899961752,Trailer_Pilar Jenniings_V1_ACC,Blitz 2023 / Healing Stress - Pilar,2024-01-04,0:01:25,0.033,disable,marketing clip,
,SKIP,,,,,,899979050,Pilar - Clip for LP,Blitz 2023 / Healing Stress - Pilar,2024-01-04,0:01:03,0.021,disable,marketing clip,
,SKIP,,,,,,891516168,TRAILER_Master the Big 4_Ava Taylor_FINAL (1),Blitz 2023 / Master the Big 4 - Ava Taylor,2023-12-05,0:01:22,0.035,disable,marketing clip,
,SKIP,,,,,,891528376,Promo_Interview_Master the Big 4_Ava Taylor_FINAL 1080,Blitz 2023 / Master the Big 4 - Ava Taylor,2023-12-05,0:08:56,0.302,disable,marketing clip,
,SKIP,,,,,,903778656,Interview-Promo _Dana Slamp_V01-,Blitz 2023 / Mindfulness in the Workplace,2024-01-17,0:04:47,0.107,disable,marketing clip,
,SKIP,,,,,,903778914,Trailer_Dana Slamp_V1_1min,Blitz 2023 / Mindfulness in the Workplace,2024-01-17,0:00:51,0.018,disable,marketing clip,
,SKIP,,,,,,903778965,Trailer_Dana Slamp_V2_2min,Blitz 2023 / Mindfulness in the Workplace,2024-01-17,0:01:54,0.04,disable,marketing clip,
,SKIP,,,,,,904185007,Dana CLIP for LP,Blitz 2023 / Mindfulness in the Workplace,2024-01-18,0:01:20,0.031,disable,marketing clip,
,SKIP,,,,,,842598868,Chakras Challenge Promo Commercial,Chakras Challenge,2023-07-05,0:05:10,0.167,nobody,marketing clip,
,SKIP,,,,,,1004460854,CYS - Tantric 8 Limbs,Chalkboard Yoga Studies,2024-08-30,0:00:00,0.0,nobody,"broken on Vimeo (uploading, no playable file)",
,SKIP,,,,,,1004474466,CYS - Tantric 8 Limbs (full video),Chalkboard Yoga Studies,2024-08-30,0:42:02,0.547,nobody,duplicate of 995778728,
,SKIP,,,,,,231174759,CHITHEADS for Forum - David Vago,CHITHEADS - New YouTube Videos,2017-08-26,1:06:23,0.308,anybody,duplicate of 230710908,
,SKIP,,,,,,284543384,CHITHEADS for Forum - Jeffrey Lidke,CHITHEADS - New YouTube Videos,2018-08-11,1:22:11,0.845,unlisted,duplicate of 231235606,
,SKIP,,,,,,284546461,CHITHEADS for FORUM - Jonathan Edelmann,CHITHEADS - New YouTube Videos,2018-08-11,0:00:00,0.0,unlisted,"broken on Vimeo (uploading, no playable file)",
,SKIP,,,,,,284972554,CHITHEADS for Forum - JP Sears,CHITHEADS - New YouTube Videos,2018-08-14,0:56:19,0.703,anybody,duplicate of 230711095,
,SKIP,,,,,,957242393,Chitheads-Podcast-Cover-Wide_v2,CHITHEADS - New YouTube Videos / Motion Graphic Options,2024-06-12,0:00:05,0.003,nobody,design drafts,
,SKIP,,,,,,957242540,Chitheads-Podcast-Cover-Wide_v1,CHITHEADS - New YouTube Videos / Motion Graphic Options,2024-06-12,0:00:05,0.003,nobody,design drafts,
,SKIP,,,,,,856890778,Dana Slamp Bio Video POLISHED,Embodied Yoga Therapy / Faculty Bios,2023-08-22,0:00:45,0.024,nobody,promo clips,
,SKIP,,,,,,856892191,Dr. Bhaswati Bio Video POLISHED,Embodied Yoga Therapy / Faculty Bios,2023-08-22,0:01:45,0.031,nobody,promo clips,
,SKIP,,,,,,856893215,Dr. Chris Walling Bio Video POLISHED,Embodied Yoga Therapy / Faculty Bios,2023-08-22,0:00:41,0.016,nobody,promo clips,
,SKIP,,,,,,856893492,Dr. Lori Rubenstein Fazzio Bio Video POLISHED,Embodied Yoga Therapy / Faculty Bios,2023-08-22,0:01:45,0.048,nobody,promo clips,
,SKIP,,,,,,856894324,James Bae Bio Video POLISHED,Embodied Yoga Therapy / Faculty Bios,2023-08-22,0:00:58,0.029,nobody,promo clips,
,SKIP,,,,,,856894765,Jill Miller Bio Video POLISHED,Embodied Yoga Therapy / Faculty Bios,2023-08-22,0:00:41,0.009,nobody,promo clips,
,SKIP,,,,,,856895095,Natalie Malone Bio Video POLISHED,Embodied Yoga Therapy / Faculty Bios,2023-08-22,0:00:35,0.009,nobody,promo clips,
,SKIP,,,,,,856895422,Stephanie Corigliano Bio Video POLISHED,Embodied Yoga Therapy / Faculty Bios,2023-08-22,0:00:39,0.025,nobody,promo clips,
,SKIP,,,,,,540398891,EP Site Guide - How to Navigate as a Free User.mp4,EP's New Website,2021-04-22,0:14:24,0.106,disable,website clips,
,SKIP,,,,,,540804222,How To - Basic Membership.mp4,EP's New Website,2021-04-23,0:04:58,0.029,disable,website clips,
,SKIP,,,,,,540872657,EP - Overview of Memberships.mp4,EP's New Website,2021-04-23,0:04:52,0.027,disable,website clips,
,SKIP,,,,,,541098014,EP Site - Understanding Gated Content.mp4,EP's New Website,2021-04-24,0:02:57,0.031,disable,website clips,
,SKIP,,,,,,541100884,EP Site - How to Buy a Single Course (without a membership).mp4,EP's New Website,2021-04-24,0:04:08,0.029,disable,website clips,
,SKIP,,,,,,541103202,EP Site - How to Enroll in a Course (as an Unlimited Member).mp4,EP's New Website,2021-04-24,0:03:04,0.032,disable,website clips,
,SKIP,,,,,,544657017,EP Site - How to Use EPTV on Website,EP's New Website,2021-05-03,0:01:41,0.009,disable,website clips,
,SKIP,,,,,,544662210,EP Site - How to become a Premium member.mp4,EP's New Website,2021-05-03,0:03:52,0.014,disable,website clips,
,SKIP,,,,,,544679932,EP Site - How to become an Unlimited member.mp4,EP's New Website,2021-05-03,0:04:16,0.015,disable,website clips,
,SKIP,,,,,,544705517,EP Site - How to Submit an Article to EP.mp4,EP's New Website,2021-05-03,0:03:59,0.014,disable,website clips,
,SKIP,,,,,,544759690,EP Site - How to order a single issue of Tarka.mp4,EP's New Website,2021-05-03,0:03:09,0.021,disable,website clips,
,SKIP,,,,,,545585827,EP Site - What is Tarka?,EP's New Website,2021-05-05,0:03:24,0.028,disable,website clips,
,SKIP,,,,,,547616169,Overview of Memberships (New).mp4,EP's New Website,2021-05-10,0:05:16,0.032,disable,website clips,
,SKIP,,,,,,547619181,EP Site - How to Subscribe to Digital Tarka.mp4,EP's New Website,2021-05-10,0:01:11,0.006,disable,website clips,
,SKIP,,,,,,547619269,EP Site - Tarka - How To Subscribe to the Print Journal.mp4,EP's New Website,2021-05-10,0:01:37,0.008,disable,website clips,
,SKIP,,,,,,547629748,EP Site - Tarka Journal Print + Digital.mp4,EP's New Website,2021-05-10,0:02:57,0.015,disable,website clips,
,SKIP,,,,,,547642326,EP Site - How to Migrate from Old to New Site.mp4,EP's New Website,2021-05-10,0:12:30,0.058,disable,website clips,
,SKIP,,,,,,401771127,"Towards a Science of Embodied Mind_ Neuroplasticity, Contemplative Practice and the New Mind-Body Paradigm  (Joe Loizzo)",EPTV,2020-03-29,1:21:39,0.377,nobody,duplicate of 401693136,
,SKIP,,,,,,401771233,The Confluence of Breakthrough Science and Timeless Practice (Joe Loizzo),EPTV,2020-03-29,1:13:29,0.721,nobody,duplicate of 401694592,
,SKIP,,,,,,401771532,Mindfulness and the clinical application of MBSR (Lobsang Rapgay),EPTV,2020-03-29,0:35:55,0.349,nobody,duplicate of 401695699,
,SKIP,,,,,,401771709,Nonduality in light of neuroscience - implications for its understanding and practice (Zoran Josipovic),EPTV,2020-03-29,0:47:26,0.197,nobody,duplicate of 401708958,
,SKIP,,,,,,401772034,The Brain and the Health Benefits of Yoga (Helen Lavretsky),EPTV,2020-03-29,0:52:27,0.192,nobody,duplicate of 401722576,
,SKIP,,,,,,401788409,Samsara as a Video Game_ the Simulation Hypothesis and Religious Traditions (Rizwan Virk),EPTV,2020-03-29,1:05:01,0.244,nobody,duplicate of 401786105,
,SKIP,,,,,,401987499,Bodhichitta_ Radical Compassion in a World Gone Mad (Miles Neale),EPTV,2020-03-29,1:15:50,0.73,nobody,duplicate of 401975623,
,SKIP,,,,,,465241050,MB Assessment - Module 3 - (Video),MindBody Therapy Cert,2020-10-06,0:00:00,0.0,nobody,"broken on Vimeo (uploading, no playable file)",
,SKIP,,,,,,583945281,(Part 1) Laura Shakti mini-training,Mini-Trainings: Podcast Series,2021-08-06,0:00:00,0.0,nobody,"broken on Vimeo (uploading, no playable file)",
,SKIP,,,,,,902046003,30-day_mantra_sadhana_- CLIP for LP,My library / 30-Day Sadhana - Mantra,2024-01-11,0:01:16,0.052,disable,marketing clip,
,SKIP,,,,,,1152996599,Fall 2025 - No Slides - Week 8 - The Existential Consequences of Spanda Theory,Sadhana School / Fall 2025 Sadhana School / Fall 2025 - NO SLIDES,2026-01-09,3:29:07,4.56,nobody,duplicate of the with-slides recordings,
,SKIP,,,,,,1152997841,Fall 2025 - No Slides - Week 7 - The Bliss Of Beatitude,Sadhana School / Fall 2025 Sadhana School / Fall 2025 - NO SLIDES,2026-01-09,2:22:59,1.991,nobody,duplicate of the with-slides recordings,
,SKIP,,,,,,1152998266,Fall 2025 - No Slides - Week 6 - Vertical Causality,Sadhana School / Fall 2025 Sadhana School / Fall 2025 - NO SLIDES,2026-01-09,2:25:43,2.323,nobody,duplicate of the with-slides recordings,
,SKIP,,,,,,1152998740,Fall 2025 - No Slides - Week 5 - The Body That Knows,Sadhana School / Fall 2025 Sadhana School / Fall 2025 - NO SLIDES,2026-01-09,3:01:16,2.853,nobody,duplicate of the with-slides recordings,
,SKIP,,,,,,1152999357,Fall 2025 - No Slides - Week 4 - Bondage and Limitation,Sadhana School / Fall 2025 Sadhana School / Fall 2025 - NO SLIDES,2026-01-09,2:52:07,3.039,nobody,duplicate of the with-slides recordings,
,SKIP,,,,,,1152999923,Fall 2025 - No Slides - Week 3 - A Tantrik Theory Of Mantra,Sadhana School / Fall 2025 Sadhana School / Fall 2025 - NO SLIDES,2026-01-09,2:41:24,1.983,nobody,duplicate of the with-slides recordings,
,SKIP,,,,,,1153000323,Fall 2025 - No Slides - Week 2 - The Birth of the Spanda School,Sadhana School / Fall 2025 Sadhana School / Fall 2025 - NO SLIDES,2026-01-09,2:48:53,3.013,nobody,duplicate of the with-slides recordings,
,SKIP,,,,,,1153001142,Fall 2025 - No Slides - Week 1 - Exegesis of Kashmir Śaivism,Sadhana School / Fall 2025 Sadhana School / Fall 2025 - NO SLIDES,2026-01-09,3:03:13,3.593,nobody,duplicate of the with-slides recordings,
,SKIP,,,,,,1153001978,Fall 2025 - No Slides - Orientation,Sadhana School / Fall 2025 Sadhana School / Fall 2025 - NO SLIDES,2026-01-09,2:05:52,2.438,nobody,duplicate of the with-slides recordings,
,SKIP,,,,,,1225239149,Week 1 - Spring Sadhana School 2026 NO SLIDES,Sadhana School / Spring 2026 Sadhana School / Spring 2026 - NO SLIDES,2026-09-09,3:03:07,3.164,nobody,duplicate of the with-slides recordings,
,SKIP,,,,,,1225239150,Week 2 - Spring Sadhana School 2026 NO SLIDES,Sadhana School / Spring 2026 Sadhana School / Spring 2026 - NO SLIDES,2026-09-09,2:59:39,3.461,nobody,duplicate of the with-slides recordings,
,SKIP,,,,,,1225239151,Week 4 - Spring Sadhana School 2026 NO SLIDES,Sadhana School / Spring 2026 Sadhana School / Spring 2026 - NO SLIDES,2026-09-09,3:05:23,3.643,nobody,duplicate of the with-slides recordings,
,SKIP,,,,,,1225239152,Week 3 - Spring Sadhana School 2026 NO SLIDES,Sadhana School / Spring 2026 Sadhana School / Spring 2026 - NO SLIDES,2026-09-09,2:57:39,1.723,nobody,duplicate of the with-slides recordings,
,SKIP,,,,,,1225243297,Week 5 - Spring Sadhana School 2026 NO SLIDES,Sadhana School / Spring 2026 Sadhana School / Spring 2026 - NO SLIDES,2026-09-09,2:33:21,1.378,nobody,duplicate of the with-slides recordings,
,SKIP,,,,,,1225244762,Week 6 - Spring Sadhana School 2026 NO SLIDES,Sadhana School / Spring 2026 Sadhana School / Spring 2026 - NO SLIDES,2026-09-09,3:16:00,3.322,nobody,duplicate of the with-slides recordings,
,SKIP,,,,,,1225250017,Week 7 - Spring Sadhana School 2026 NO SLIDES,Sadhana School / Spring 2026 Sadhana School / Spring 2026 - NO SLIDES,2026-09-09,2:33:25,2.914,nobody,duplicate of the with-slides recordings,
,SKIP,,,,,,1225250039,Week 8 - Spring Sadhana School 2026 NO SLIDES,Sadhana School / Spring 2026 Sadhana School / Spring 2026 - NO SLIDES,2026-09-09,2:55:46,2.052,nobody,duplicate of the with-slides recordings,
,SKIP,,,,,,1223417613,Swan Song - Day 1,Sadhana School / Swan Song 2026 / Swan Song - no slides,2026-09-02,1:24:30,1.46,nobody,duplicate of the with-slides recordings,
,SKIP,,,,,,1223417618,Swan Song - Day 2,Sadhana School / Swan Song 2026 / Swan Song - no slides,2026-09-02,1:39:09,1.385,nobody,duplicate of the with-slides recordings,
,SKIP,,,,,,1223417619,Swan Song - Day 3,Sadhana School / Swan Song 2026 / Swan Song - no slides,2026-09-02,1:26:11,1.958,nobody,duplicate of the with-slides recordings,
,SKIP,,,,,,1223417620,Swan Song - Day 4,Sadhana School / Swan Song 2026 / Swan Song - no slides,2026-09-02,1:39:07,2.535,nobody,duplicate of the with-slides recordings,
,SKIP,,,,,,1223418347,Swan Song - Day 5,Sadhana School / Swan Song 2026 / Swan Song - no slides,2026-09-02,1:44:07,2.547,nobody,duplicate of the with-slides recordings,
,SKIP,,,,,,1223419130,Swan Song - Day 6,Sadhana School / Swan Song 2026 / Swan Song - no slides,2026-09-02,1:31:07,1.713,nobody,duplicate of the with-slides recordings,
,SKIP,,,,,,1223419471,Swan Song - Day 7,Sadhana School / Swan Song 2026 / Swan Song - no slides,2026-09-02,1:41:33,2.444,nobody,duplicate of the with-slides recordings,
,SKIP,,,,,,1223419490,Swan Song - Day 8,Sadhana School / Swan Song 2026 / Swan Song - no slides,2026-09-02,1:45:54,2.146,nobody,duplicate of the with-slides recordings,
,SKIP,,,,,,1223419725,Swan Song - Day 9,Sadhana School / Swan Song 2026 / Swan Song - no slides,2026-09-02,1:42:16,2.48,nobody,duplicate of the with-slides recordings,
,SKIP,,,,,,1223420291,Swan Song - Day 10,Sadhana School / Swan Song 2026 / Swan Song - no slides,2026-09-02,1:41:49,2.631,nobody,duplicate of the with-slides recordings,
,SKIP,,,,,,1223420991,Swan Song - Day 11,Sadhana School / Swan Song 2026 / Swan Song - no slides,2026-09-02,1:44:14,1.222,nobody,duplicate of the with-slides recordings,
,SKIP,,,,,,1223421302,Swan Song - Day 12,Sadhana School / Swan Song 2026 / Swan Song - no slides,2026-09-02,1:34:58,1.937,nobody,duplicate of the with-slides recordings,
,SKIP,,,,,,1223421451,Swan Song - Day 13,Sadhana School / Swan Song 2026 / Swan Song - no slides,2026-09-02,1:45:32,1.482,nobody,duplicate of the with-slides recordings,
,SKIP,,,,,,1223421921,Swan Song - Day 14,Sadhana School / Swan Song 2026 / Swan Song - no slides,2026-09-02,1:43:24,1.915,nobody,duplicate of the with-slides recordings,
,SKIP,,,,,,1223422201,Swan Song - Day 15,Sadhana School / Swan Song 2026 / Swan Song - no slides,2026-09-02,1:13:32,1.42,nobody,duplicate of the with-slides recordings,
,SKIP,,,,,,1223422736,Swan Song - Day 16,Sadhana School / Swan Song 2026 / Swan Song - no slides,2026-09-02,1:34:00,1.052,nobody,duplicate of the with-slides recordings,
,SKIP,,,,,,1223422766,Swan Song - Day 17,Sadhana School / Swan Song 2026 / Swan Song - no slides,2026-09-02,1:51:02,2.21,nobody,duplicate of the with-slides recordings,
,SKIP,,,,,,1223423077,Swan Song - Day 18,Sadhana School / Swan Song 2026 / Swan Song - no slides,2026-09-02,1:41:27,1.297,nobody,duplicate of the with-slides recordings,
,SKIP,,,,,,1223423156,Swan Song - Day 19,Sadhana School / Swan Song 2026 / Swan Song - no slides,2026-09-02,1:15:20,1.15,nobody,duplicate of the with-slides recordings,
,SKIP,,,,,,1223423427,Swan Song - Day 20,Sadhana School / Swan Song 2026 / Swan Song - no slides,2026-09-02,2:01:29,2.646,nobody,duplicate of the with-slides recordings,
,SKIP,,,,,,1223423873,Swan Song - Day 21,Sadhana School / Swan Song 2026 / Swan Song - no slides,2026-09-02,2:18:30,2.543,nobody,duplicate of the with-slides recordings,
,SKIP,,,,,,1180522797,Winter 2026 - No Slides - Week 1 - Orientation to Matrika Theory + Matrika Nyasa,Sadhana School / Winter 2026 Sadhana School / Winter 2026 - NO SLIDES,2026-04-06,2:49:54,3.737,nobody,duplicate of the with-slides recordings,
,SKIP,,,,,,1180525568,"Winter 2026 - No Slides - Week 2 - Speech, Reality, and the Alchemy of Mantra",Sadhana School / Winter 2026 Sadhana School / Winter 2026 - NO SLIDES,2026-04-06,2:19:20,1.571,nobody,duplicate of the with-slides recordings,
,SKIP,,,,,,1180527514,Winter 2026 - No Slides - Week 3 - The Subtle Certainty of Supreme Speech,Sadhana School / Winter 2026 Sadhana School / Winter 2026 - NO SLIDES,2026-04-06,2:34:38,2.996,nobody,duplicate of the with-slides recordings,
,SKIP,,,,,,1180531260,Winter 2026 - No Slides - Week 4 - Sound as Prayer and Presence,Sadhana School / Winter 2026 Sadhana School / Winter 2026 - NO SLIDES,2026-04-06,2:21:41,2.285,nobody,duplicate of the with-slides recordings,
,SKIP,,,,,,1180534321,Winter 2026 - No Slides - Week 5 - Settling Into the Subtle Sentence as Song,Sadhana School / Winter 2026 Sadhana School / Winter 2026 - NO SLIDES,2026-04-06,2:27:45,2.258,nobody,duplicate of the with-slides recordings,
,SKIP,,,,,,1180536326,Winter 2026 - No Slides - Week 6 - The Collapse of the Alphabet,Sadhana School / Winter 2026 Sadhana School / Winter 2026 - NO SLIDES,2026-04-06,2:44:30,1.431,nobody,duplicate of the with-slides recordings,
,SKIP,,,,,,1180537630,Winter 2026 - No Slides - Week 7 - Phonematic Emanation + Linguistic Mysticism,Sadhana School / Winter 2026 Sadhana School / Winter 2026 - NO SLIDES,2026-04-06,3:09:31,3.896,nobody,duplicate of the with-slides recordings,
,SKIP,,,,,,1180539919,Winter 2026 - No Slides - Week 8 - Mātṛkā Satsaṅga,Sadhana School / Winter 2026 Sadhana School / Winter 2026 - NO SLIDES,2026-04-06,3:14:02,2.888,nobody,duplicate of the with-slides recordings,
,SKIP,,,,,,1180543412,Winter 2026 - No Slides - Mātṛkā  Integration Session,Sadhana School / Winter 2026 Sadhana School / Winter 2026 - NO SLIDES,2026-04-06,1:48:34,1.233,nobody,duplicate of the with-slides recordings,
,SKIP,,,,,,996389907,Śiva Sūtras - Session 2 Avo,Shiva Sutras 2024,2024-08-08,0:00:00,0.0,nobody,"broken on Vimeo (uploading, no playable file)",
,SKIP,,,,,,1004460729,WS - Shiva Sutras - Session 1,Shiva Sutras 2024,2024-08-30,0:00:00,0.0,nobody,"broken on Vimeo (uploading, no playable file)",
,SKIP,,,,,,952486769,How to Decode Ancient Wisdom Module 5_16x9_v1,SLO - Decoding Ancient Texts,2024-05-31,0:10:41,0.327,disable,duplicate of 952474189,
,SKIP,,,,,,952487904,How to Decode Ancient Wisdom Module 4_16x9_v1,SLO - Decoding Ancient Texts,2024-05-31,0:08:23,0.261,disable,duplicate of 952475558,
,SKIP,,,,,,952488779,How to Decode Ancient Wisdom Module 3_16x9_v1,SLO - Decoding Ancient Texts,2024-05-31,0:17:13,0.537,disable,duplicate of 952476501,
,SKIP,,,,,,952471885,Interview Answer 8_16x9_v1,SLO - Decoding Ancient Texts / Promo Interview Vids,2024-05-31,0:01:58,0.061,nobody,promo clips,
,SKIP,,,,,,952472157,Interview Answer 7_16x9_v1,SLO - Decoding Ancient Texts / Promo Interview Vids,2024-05-31,0:02:09,0.069,nobody,promo clips,
,SKIP,,,,,,952472514,Interview Answer 6_16x9_v1,SLO - Decoding Ancient Texts / Promo Interview Vids,2024-05-31,0:01:30,0.047,nobody,promo clips,
,SKIP,,,,,,952479603,Interview Answer 5_16x9_v1,SLO - Decoding Ancient Texts / Promo Interview Vids,2024-05-31,0:01:39,0.052,nobody,promo clips,
,SKIP,,,,,,952480627,Interview Answer 4_16x9_v1,SLO - Decoding Ancient Texts / Promo Interview Vids,2024-05-31,0:00:49,0.026,nobody,promo clips,
,SKIP,,,,,,952480722,Interview Answer 3_16x9_v1,SLO - Decoding Ancient Texts / Promo Interview Vids,2024-05-31,0:00:52,0.028,nobody,promo clips,
,SKIP,,,,,,952480833,Interview Answer 2_16x9_v1,SLO - Decoding Ancient Texts / Promo Interview Vids,2024-05-31,0:01:11,0.035,nobody,promo clips,
,SKIP,,,,,,952480990,Interview Answer 1_16x9_v1,SLO - Decoding Ancient Texts / Promo Interview Vids,2024-05-31,0:03:25,0.105,nobody,promo clips,
,SKIP,,,,,,952481755,Interview Answer 5_16x9_v1,SLO - Decoding Ancient Texts / Promo Interview Vids,2024-05-31,0:01:39,0.052,nobody,duplicate of 952479603,
,SKIP,,,,,,961548914,Interview Answer 4_16x9_v1 (Copy),SLO - Decoding Ancient Texts / Promo Interview Vids,2024-06-18,0:00:55,0.025,disable,promo clips,
,SKIP,,,,,,877759147,NEIL - Module 7,SLO - Past Courses Edited / Neil Dalal Course,2023-10-25,0:00:00,0.0,nobody,"broken on Vimeo (uploading, no playable file)",
,SKIP,,,,,,875766417,Demystifying Yoga Clip,SLO Clips for LPs,2023-10-18,0:01:12,0.034,disable,landing-page clips,
,SKIP,,,,,,876021486,Metta wihtout Dogma Clip,SLO Clips for LPs,2023-10-19,0:01:32,0.039,disable,landing-page clips,
,SKIP,,,,,,876499106,"Med, Mind, Indian Phil Teaser",SLO Clips for LPs,2023-10-20,0:01:07,0.018,disable,landing-page clips,
,SKIP,,,,,,878275085,"med,_mind,_indian_phil_teaser (1080p) (Captioned by Zubtitle) (1)",SLO Clips for LPs,2023-10-26,0:01:07,0.018,nobody,landing-page clips,
,SKIP,,,,,,868429094,Channel information from the field of intelligence,Visionary Experience LP,2023-09-26,0:00:24,0.01,disable,landing-page clips,
,SKIP,,,,,,868429126,Organize experiences beyond the ordinary,Visionary Experience LP,2023-09-26,0:00:26,0.01,disable,landing-page clips,
,SKIP,,,,,,868429156,Solve everyday problems using altered states,Visionary Experience LP,2023-09-26,0:00:52,0.021,disable,landing-page clips,
,SKIP,,,,,,731481629,C0002,Yoga Classes,2022-07-19,0:00:00,0.0,nobody,"broken on Vimeo (uploading, no playable file)",
,SKIP,,,,,,1004462169,Yoga Trivia - Anekantavada 1,Yoga Trivia,2024-08-30,0:00:00,0.0,nobody,"broken on Vimeo (uploading, no playable file)",
