vimeo_id,title,folder,showcases,duration,duration_seconds,created,privacy,status,original_available,best_download,best_download_gb,size_1080p_gb,vimeo_link,description
152244766,Alex Auder 1,(no folder),,0:00:45,45,2016-01-19,anybody,available,no,240p,0.004,0.0,https://vimeo.com/152244766,
152244357,Alex Auder 2,(no folder),,0:00:45,45,2016-01-19,anybody,available,no,240p,0.005,0.0,https://vimeo.com/152244357,
152244360,Alex Auder 3,(no folder),,0:00:56,56,2016-01-19,anybody,available,no,240p,0.005,0.0,https://vimeo.com/152244360,
152244353,Alex Auder 4,(no folder),,0:00:39,39,2016-01-19,anybody,available,no,240p,0.003,0.0,https://vimeo.com/152244353,
152244354,Alex Auder 5,(no folder),,0:00:34,34,2016-01-19,anybody,available,no,240p,0.002,0.0,https://vimeo.com/152244354,
152244355,Alex Auder 6,(no folder),,0:01:41,101,2016-01-19,anybody,available,no,240p,0.007,0.0,https://vimeo.com/152244355,
152244358,Alex Auder 7,(no folder),,0:03:03,183,2016-01-19,anybody,available,no,240p,0.013,0.0,https://vimeo.com/152244358,
161985395,Conference Starts Soon...,(no folder),Radical Practice: Living the Yoga Sutras & the Bhagavad Gita,0:03:48,228,2016-04-07,anybody,available,no,720p,0.075,0.0,https://vimeo.com/161985395,This video is about the Radical Practice Conference on the Yoga Sutras and the Bhagavad Gita.
162141698,"Radical Practice // NIKKI COSTELLO - ""One Sutra for a Lifetime""",(no folder),Radical Practice: Living the Yoga Sutras & the Bhagavad Gita,1:18:45,4725,2016-04-08,unlisted,available,no,720p,1.387,0.0,https://vimeo.com/162141698,
162140941,"Radical Practice // PANDIT DASA - ""The Bhagavad Gita: Understanding the Self, Duty, Death, Reincarnation, and God""",(no folder),Radical Practice: Living the Yoga Sutras & the Bhagavad Gita,1:14:11,4451,2016-04-08,unlisted,available,no,720p,1.534,0.0,https://vimeo.com/162140941,
162083385,"Radical Practice // RAGHUNATH - ""Yoga: Religion or Spirituality""",(no folder),Radical Practice: Living the Yoga Sutras & the Bhagavad Gita,1:13:11,4391,2016-04-08,unlisted,available,no,720p,1.002,0.0,https://vimeo.com/162083385,
162132512,"Radical Practice // REVEREND JAGANATH CARRERA - ""Yoga Sutras: Mastering the Game of Life""",(no folder),Radical Practice: Living the Yoga Sutras & the Bhagavad Gita,1:31:06,5466,2016-04-08,unlisted,available,no,720p,1.713,0.0,https://vimeo.com/162132512,
162192662,10 Life Hacks from the Yoga Sutras and the Bhagavad Gita,(no folder),,1:17:51,4671,2016-04-09,unlisted,available,no,720p,0.441,0.0,https://vimeo.com/162192662,
162184540,HD Test 35Mbps,(no folder),,0:02:23,143,2016-04-09,nobody,available,no,720p,0.049,0.0,https://vimeo.com/162184540,This video is about HD Test 35Mbps
162174586,"Radical Practice // DHANURDHARA SWAMI - ""Surrender Unto Me: The Theme of the Gita and the Essence of Yoga""",(no folder),Radical Practice: Living the Yoga Sutras & the Bhagavad Gita,1:13:25,4405,2016-04-09,unlisted,available,no,720p,1.519,0.0,https://vimeo.com/162174586,
162178323,"Radical Practice // EDWIN BRYANT - ""Astanga Yoga in Patanjali and the Gita: a Comparison""",(no folder),Radical Practice: Living the Yoga Sutras & the Bhagavad Gita,1:43:17,6197,2016-04-09,unlisted,available,no,720p,2.138,0.0,https://vimeo.com/162178323,
162145166,"Radical Practice // JOSHUA M. GREENE - ""The Hero's Journey: the Bhagavad Gita as Monomyth""",(no folder),Radical Practice: Living the Yoga Sutras & the Bhagavad Gita,1:14:54,4494,2016-04-09,unlisted,available,no,720p,1.546,0.0,https://vimeo.com/162145166,
162172802,"Radical Practice // MANORAMA - ""The Rishis' Wisdom: Yoga Sutra & Bhagavad Gita""",(no folder),Radical Practice: Living the Yoga Sutras & the Bhagavad Gita,1:08:30,4110,2016-04-09,unlisted,available,no,720p,1.27,0.0,https://vimeo.com/162172802,
162184414,"Radical Practice // MATTHEW REMSKI - ""Arjuna and Climate Change: a Thought Experiment Inspired by the Bhagavad Gita""",(no folder),Radical Practice: Living the Yoga Sutras & the Bhagavad Gita,1:42:34,6154,2016-04-09,unlisted,available,no,720p,0.797,0.0,https://vimeo.com/162184414,
162147062,"Radical Practice // MATTHEW REMSKI - ""Transcendent Urges: Brilliant Anxiety in the Yoga Sutras""",(no folder),Radical Practice: Living the Yoga Sutras & the Bhagavad Gita,1:34:52,5692,2016-04-09,unlisted,available,no,720p,0.787,0.0,https://vimeo.com/162147062,
162258955,"Radical Practice // CHRISTOPHER TOMPKINS - ""Aversion vs. Connection: the Goal of Yoga and its Evolution""",(no folder),,1:03:14,3794,2016-04-10,unlisted,available,no,720p,0.446,0.0,https://vimeo.com/162258955,
166267996,FB Intro to Video Series,(no folder),,0:01:31,91,2016-05-11,nobody,available,no,1080p,0.076,0.076,https://vimeo.com/166267996,This video is about FB Intro to Video Series
166270315,Landing Page Video for Video Series Campaign,(no folder),,0:02:37,157,2016-05-11,disable,available,no,1080p,0.131,0.131,https://vimeo.com/166270315,This video is about Landing Page Video for Video Series Campaign
166569049,RP Video Series #1 Jaganath Carrera,(no folder),Radical Practice: Living the Yoga Sutras & the Bhagavad Gita,0:07:08,428,2016-05-13,disable,available,no,720p,0.126,0.0,https://vimeo.com/166569049,This video is about RP Jaganath SHORT
166570205,RP Video Series #2 Manorama,(no folder),Radical Practice: Living the Yoga Sutras & the Bhagavad Gita,0:05:00,300,2016-05-13,disable,available,no,720p,0.095,0.0,https://vimeo.com/166570205,This video is about RP Manorama SHORT 1
166567942,RP Video Series #3 Edwin,(no folder),Radical Practice: Living the Yoga Sutras & the Bhagavad Gita,0:06:56,416,2016-05-13,disable,available,no,1080p,0.246,0.246,https://vimeo.com/166567942,This video is about RP Edwin SHORT wo static
168702406,CYS - Sunyata,(no folder),,0:05:51,351,2016-05-30,disable,available,no,1080p,0.207,0.207,https://vimeo.com/168702406,This video is about CYS - Sunyata
168778291,RP Edwin Bryant,(no folder),Radical Practice: Living the Yoga Sutras & the Bhagavad Gita,1:42:55,6175,2016-05-31,unlisted,available,no,720p,2.131,0.0,https://vimeo.com/168778291,This video is about RP Edwin Bryant
170182744,"Abuse of Power Panel // Yoga Union, New York City, May 4th, 2016 // Sponsored by YogaCityNYC",(no folder),,1:40:22,6022,2016-06-10,anybody,available,no,720p,1.883,0.0,https://vimeo.com/170182744,
174775956,RADICAL PRESENCE // Conference Begins Soon...,(no folder),Radical Presence: Buddhist Teachings for Modern Life,0:03:49,229,2016-07-15,disable,available,no,720p,0.078,0.0,https://vimeo.com/174775956,
174848236,"Radical Presence // DR. JOE LOIZZO - ""The Third Wave of Contemplative Life: The Embodied Art and Science of the Tantras""",(no folder),Radical Presence: Buddhist Teachings for Modern Life,1:16:05,4565,2016-07-15,unlisted,available,no,720p,1.575,0.0,https://vimeo.com/174848236,
174843572,Radical Presence // JOSHUA BEE ALAFIA - Standing for Love: Courage and the Generous Heart,(no folder),Radical Presence: Buddhist Teachings for Modern Life,1:22:18,4938,2016-07-15,disable,available,no,720p,1.704,0.0,https://vimeo.com/174843572,This video is about RPresence 6 - Joshua Bee Alafia
174824664,"Radical Presence // LODRO RINZLER - ""How to Love Yourself (And Sometimes Other People)""",(no folder),Radical Presence: Buddhist Teachings for Modern Life,1:12:04,4324,2016-07-15,disable,available,no,720p,1.492,0.0,https://vimeo.com/174824664,
174753187,"Radical Presence // ORGYEN CHOWANG RINPOCHE - ""Our Pristine Mind""",(no folder),Radical Presence: Buddhist Teachings for Modern Life,1:08:20,4100,2016-07-15,disable,available,no,1080p,2.435,2.435,https://vimeo.com/174753187,
174830274,"Radical Presence // SYDNEY FAITH ROSE - ""Mindful Consumption and Sobriety: The 5th Precept as a Practice in Generosity of Spirit",(no folder),Radical Presence: Buddhist Teachings for Modern Life,1:21:14,4874,2016-07-15,disable,available,no,720p,1.682,0.0,https://vimeo.com/174830274,This video is about RPresence 3 - Sydney Faith Rose
174849803,"Radical Presence // THANISSARA - ""An Integrated Awakening: From Separation to Seamless Reality""",(no folder),Radical Presence: Buddhist Teachings for Modern Life,1:28:00,5280,2016-07-15,disable,available,no,720p,1.267,0.0,https://vimeo.com/174849803,
174948288,"Radical Presence //  ADREANNA LIMBACH - ""Honey on a Razorblade : Desire as a Path of Practice""",(no folder),Radical Presence: Buddhist Teachings for Modern Life,1:06:55,4015,2016-07-16,disable,available,no,720p,1.38,0.0,https://vimeo.com/174948288,
174937962,"Radical Presence // MILES NEALE - ""Beyond McMindfulness""",(no folder),Radical Presence: Buddhist Teachings for Modern Life,1:18:56,4736,2016-07-16,unlisted,available,no,720p,1.636,0.0,https://vimeo.com/174937962,
174900212,"Radical Presence // RALPH DE LA ROSA - ""Touching the Earth: The Neuroscience of Natural Awakening""",(no folder),Radical Presence: Buddhist Teachings for Modern Life,1:16:07,4567,2016-07-16,disable,available,no,720p,1.576,0.0,https://vimeo.com/174900212,This video is about RPresence 4 - Ralph De La Rosa
174953677,"Radical Presence // REV. ANGEL KYODO WILLIAMS - ""Radical Dharma: Talking Race, Love, and Liberation""",(no folder),Radical Presence: Buddhist Teachings for Modern Life,0:53:47,3227,2016-07-16,unlisted,available,no,720p,0.784,0.0,https://vimeo.com/174953677,
177113650,"""Do you believe what the mind is selling?"" with Manorama",(no folder),,0:05:19,319,2016-08-01,unlisted,available,no,720p,0.091,0.0,https://vimeo.com/177113650,This video is about RP Manorama SHORT 1
177133245,"""How is Action Relevant to Spiritual Life?"" with Matthew Remski",(no folder),,0:07:50,470,2016-08-01,unlisted,available,no,720p,0.045,0.0,https://vimeo.com/177133245,This video is about RPractice SHORT - Matthew BG
177120333,"""How to Have a Relationship with Yoga Philosophy"" with Nikki Costello",(no folder),,0:03:18,198,2016-08-01,unlisted,available,no,720p,0.062,0.0,https://vimeo.com/177120333,This video is about RPractice SHORT - Nikki C.
177110510,"""Truth is Everywhere"" with Raghunath",(no folder),,0:03:17,197,2016-08-01,nobody,available,no,720p,0.044,0.0,https://vimeo.com/177110510,This video is about RP Raghunath (short)
177113307,"""Truth is Everywhere"" with Raghunath (again)",(no folder),,0:03:29,209,2016-08-01,unlisted,available,no,720p,0.045,0.0,https://vimeo.com/177113307,This video is about RP Raghunath (short)
177140124,"""What does Tantra have to say about Renunciation?"" with Christopher Tompkins",(no folder),,0:04:35,275,2016-08-01,unlisted,available,no,720p,0.029,0.0,https://vimeo.com/177140124,This video is about RPractice SHORT - Christopher Tompkins
177111717,"""What is a Monomyth?"" with Joshua M. Greene",(no folder),,0:05:10,310,2016-08-01,unlisted,available,no,720p,0.102,0.0,https://vimeo.com/177111717,This video is about RP - Joshua Greene (short)
177108601,"""What is our dharma?"" with Pandit Das",(no folder),,0:04:40,280,2016-08-01,unlisted,available,no,720p,0.096,0.0,https://vimeo.com/177108601,This video is about RP - Pandit Dasa (short)
177114101,"""What is the nature of suffering?"" with Jaganath Carrera",(no folder),,0:07:27,447,2016-08-01,nobody,available,no,720p,0.126,0.0,https://vimeo.com/177114101,This video is about RP Jaganath SHORT
177125837,"""What's the Role of Moksha in a Scientific Society?"" with Matthew Remski",(no folder),,0:05:12,312,2016-08-01,unlisted,available,no,720p,0.076,0.0,https://vimeo.com/177125837,This video is about RPractice SHORT - Matthew YS
177116569,"""Why is surrender a hard sell in the West?"" with Dhanurdhara Swami",(no folder),,0:05:03,303,2016-08-01,unlisted,available,no,720p,0.096,0.0,https://vimeo.com/177116569,This video is about RPractice SHORT - DDS
180363452,MC Short - Angel Kyodo,(no folder),,0:07:21,441,2016-08-26,unlisted,available,no,720p,0.103,0.0,https://vimeo.com/180363452,This video is about RPres - Angel (short)
180365270,MC Short - Joe Loizzo,(no folder),Masterclass Collection: Short Preview Teachings,0:05:42,342,2016-08-26,unlisted,available,no,720p,0.118,0.0,https://vimeo.com/180365270,This video is about RPresence - SHORT Dr. Loizzo
180362482,MC Short - Miles Neale,(no folder),Masterclass Collection: Short Preview Teachings,0:02:57,177,2016-08-26,unlisted,available,no,720p,0.057,0.0,https://vimeo.com/180362482,This video is about RPres - Miles (short)
180364373,MC Short - Thanissara,(no folder),,0:06:19,379,2016-08-26,unlisted,available,no,720p,0.089,0.0,https://vimeo.com/180364373,This video is about RPres - Thanissara (short)
180803838,RPres Short - Adreanna,(no folder),Masterclass Collection: Short Preview Teachings,0:05:02,302,2016-08-30,unlisted,available,no,720p,0.103,0.0,https://vimeo.com/180803838,This video is about RPres Short - Adreanna
180811272,RPres short - Joshua Bee,(no folder),Masterclass Collection: Short Preview Teachings,0:04:12,252,2016-08-30,unlisted,available,no,720p,0.086,0.0,https://vimeo.com/180811272,This video is about RPres short - Joshua Bee
180802500,RPres Short - Ralph,(no folder),Masterclass Collection: Short Preview Teachings,0:05:31,331,2016-08-30,unlisted,available,no,720p,0.114,0.0,https://vimeo.com/180802500,This video is about RPres Short - Ralph
180797216,RPres short - Rinpoche,(no folder),Masterclass Collection: Short Preview Teachings,0:05:07,307,2016-08-30,unlisted,available,no,720p,0.106,0.0,https://vimeo.com/180797216,This video is about RPres short - Rinpoche
180812059,RPres short - Sydney Faith Rose,(no folder),Masterclass Collection: Short Preview Teachings,0:02:28,148,2016-08-30,unlisted,available,no,720p,0.047,0.0,https://vimeo.com/180812059,This video is about RPres short - Sydney Faith Rose
180793596,RPresent short - Lodro (edited audio),(no folder),Masterclass Collection: Short Preview Teachings,0:03:18,198,2016-08-30,unlisted,available,no,720p,0.066,0.0,https://vimeo.com/180793596,This video is about RPresent short - Lodro (edited audio)
182332637,EP Library Post-Download Video,(no folder),,0:03:56,236,2016-09-12,unlisted,available,no,720p,0.053,0.0,https://vimeo.com/182332637,This video is about EP Library Post-Download Video
182750956,CYS - Viveka (11),(no folder),,0:06:53,413,2016-09-14,nobody,available,no,720p,0.115,0.0,https://vimeo.com/182750956,This video is about CYS - Viveka (11)
183242925,10000000_1032352466871908_735238948_n,(no folder),,0:35:29,2129,2016-09-19,anybody,available,no,360p,0.117,0.0,https://vimeo.com/183242925,
183242924,10000000_141024883019899_877373392_n,(no folder),,0:32:23,1943,2016-09-19,anybody,available,no,360p,0.149,0.0,https://vimeo.com/183242924,
187264805,14616286_378941239160498_8961924862012555264_n,(no folder),,0:14:15,855,2016-10-13,anybody,available,no,360p,0.072,0.0,https://vimeo.com/187264805,
187265681,CYS - Sankalpa (12),(no folder),,0:05:51,351,2016-10-13,anybody,available,no,720p,0.103,0.0,https://vimeo.com/187265681,
200595259,Radical Body Information,(no folder),,0:10:16,616,2017-01-22,unlisted,available,no,540p,0.046,0.0,https://vimeo.com/200595259,
200607808,Rebekah Nagy - Superorganism,(no folder),,0:03:47,227,2017-01-23,unlisted,available,no,720p,0.078,0.0,https://vimeo.com/200607808,This video is about Rebekah Nagy - Superorganism
202692498,"RADICAL BODY / Sally Kempton - ""Following the Nondual Path of the Divine Feminine""",(no folder),Radical Body: Living Tantra for Modern Life,1:16:00,4560,2017-02-06,unlisted,available,no,720p,0.858,0.0,https://vimeo.com/202692498,This video is about RBody - Sally Kempton
202693290,"RADICAL BODY / Shambhavi Sarasvati - ""How to Feel Goodness When Everything is Going Wrong""",(no folder),,0:59:07,3547,2017-02-06,unlisted,available,no,720p,0.72,0.0,https://vimeo.com/202693290,
202686203,RBody - Pandit Tigunait 1,(no folder),Radical Body: Living Tantra for Modern Life,1:19:37,4777,2017-02-06,unlisted,available,no,720p,1.047,0.0,https://vimeo.com/202686203,This video is about RBody 1 - Pandit Tigunait
202689307,RBody - Swami Khecaranatha,(no folder),Radical Body: Living Tantra for Modern Life,1:14:08,4448,2017-02-06,unlisted,available,no,720p,1.048,0.0,https://vimeo.com/202689307,This video is about RBody - Swami Khecaranatha
202687265,RBody 3 - Mary Reilly Nichols,(no folder),Radical Body: Living Tantra for Modern Life,0:44:18,2658,2017-02-06,unlisted,available,no,720p,0.843,0.0,https://vimeo.com/202687265,This video is about RBody 3 - Mary Reilly Nichols
205332983,"RADICAL BODY / Hareesh Wallis - ""On Recognition""",(no folder),Radical Body: Living Tantra for Modern Life,1:02:04,3724,2017-02-23,unlisted,available,no,720p,0.655,0.0,https://vimeo.com/205332983,
205689823,RBody - Christopher Tompkins,(no folder),Radical Body: Living Tantra for Modern Life,1:02:49,3769,2017-02-25,unlisted,available,no,720p,0.442,0.0,https://vimeo.com/205689823,This video is about RBody - Christopher Tompkins
205769769,RBody - Anodea Judith,(no folder),Radical Body: Living Tantra for Modern Life,0:59:27,3567,2017-02-26,unlisted,available,no,720p,0.709,0.0,https://vimeo.com/205769769,This video is about RBody - Anodea Judith
205764942,RBody - Chris Tompkins 2,(no folder),Radical Body: Living Tantra for Modern Life,0:39:36,2376,2017-02-26,unlisted,available,no,720p,0.53,0.0,https://vimeo.com/205764942,This video is about RBody - Chris Tompkins 2
205763384,RBody - Hari,(no folder),Radical Body: Living Tantra for Modern Life,0:50:51,3051,2017-02-26,unlisted,available,no,720p,0.886,0.0,https://vimeo.com/205763384,This video is about RBody - Hari
205766997,RBody - Lorin Roche,(no folder),Radical Body: Living Tantra for Modern Life,1:03:48,3828,2017-02-26,unlisted,available,no,720p,0.796,0.0,https://vimeo.com/205766997,This video is about RBody - Lorin Roche
205760435,RBody - Ramesh,(no folder),Radical Body: Living Tantra for Modern Life,1:13:29,4409,2017-02-26,unlisted,available,no,720p,0.792,0.0,https://vimeo.com/205760435,This video is about RBody - Ramesh
205758210,Untitled,(no folder),,0:00:00,0,2017-02-26,anybody,uploading,no,none,0.0,0.0,https://vimeo.com/205758210,
205727922,Untitled,(no folder),,0:00:00,0,2017-02-26,anybody,uploading,no,none,0.0,0.0,https://vimeo.com/205727922,
205726963,Untitled,(no folder),,0:00:00,0,2017-02-26,anybody,uploading,no,none,0.0,0.0,https://vimeo.com/205726963,
205815105,Tantric Shaivism Mini-Training [Day 1],(no folder),Tantric Shaivism Mini-Training,1:06:06,3966,2017-02-27,unlisted,available,no,360p,0.26,0.0,https://vimeo.com/205815105,
205815250,Tantric Shaivism Mini-Training [Day 2],(no folder),Tantric Shaivism Mini-Training,1:04:48,3888,2017-02-27,unlisted,available,no,360p,0.21,0.0,https://vimeo.com/205815250,
205814697,Tantric Shaivism Mini-Training [Day 3],(no folder),Tantric Shaivism Mini-Training,1:03:55,3835,2017-02-27,unlisted,available,no,360p,0.187,0.0,https://vimeo.com/205814697,
205814964,Tantric Shaivism Mini-Training [Day 4],(no folder),Tantric Shaivism Mini-Training,1:01:42,3702,2017-02-27,unlisted,available,no,360p,0.236,0.0,https://vimeo.com/205814964,
205814822,Tantric Shaivism Mini-Training [Day 5],(no folder),Tantric Shaivism Mini-Training,1:05:14,3914,2017-02-27,unlisted,available,no,360p,0.239,0.0,https://vimeo.com/205814822,
208170481,What is Eastern Philosophy?,(no folder),Ask EP,0:45:39,2739,2017-03-13,anybody,available,no,360p,0.153,0.0,https://vimeo.com/208170481,"Jacob honors a general definition of Eastern Philosophy - those that arose out of India, China, Tibet and Southeast Asia, and that they have a practical component. These philosophies contrast with western ones in having a practical component. 

Jacob discusses why he word Eastern is a misnomer as it implies a homogeneity where there is none. Nonetheless he explores how the term Eastern Philosophy can be an illuminating term. He reimagines the word Eastern to encompass all those traditions that f"
214072748,2extro-RadPractice RL,(no folder),,0:01:51,111,2017-04-20,nobody,available,no,720p,0.013,0.0,https://vimeo.com/214072748,This video is about 2extro-RadPractice RL
214084161,REVEREND JAGANATH CARRERA (RL) -Yoga Sutras- Mastering the Game,(no folder),Radical Practice (RL),1:32:58,5578,2017-04-20,unlisted,available,no,720p,1.553,0.0,https://vimeo.com/214084161,This video is about REVEREND JAGANATH CARRERA (RL) -Yoga Sutras- Mastering the Game
214228167,"Radical Practice (RL) // RAGHUNATH - ""Yoga: Religion or Spirituality""",(no folder),,1:12:22,4342,2017-04-21,unlisted,available,no,720p,0.957,0.0,https://vimeo.com/214228167,This video is about Raghunath
214248207,Radical Practice (RL) MATTHEW REMSKI - -Arjuna and Climate Change- a Thought Experiment Inspired by the Bhagavad Gita,(no folder),Radical Practice (RL),1:41:44,6104,2017-04-21,unlisted,available,no,720p,0.79,0.0,https://vimeo.com/214248207,This video is about Raghunath
214207392,Radical Practice (RL)- NIKKI COSTELLO - -One Sutra for a Lifetime,(no folder),,1:18:09,4689,2017-04-21,unlisted,available,no,720p,1.305,0.0,https://vimeo.com/214207392,This video is about Radical Practice (RL)- NIKKI COSTELLO - -One Sutra for a Lifetime
214307515,"Christopher ""Hareesh"" Wallis",(no folder),,1:34:06,5646,2017-04-22,nobody,available,no,720p,0.921,0.0,https://vimeo.com/214307515,"This video is about Christopher ""Hareesh"" Wallis"
214303215,joshua green,(no folder),Radical Practice (RL),1:14:02,4442,2017-04-22,unlisted,available,no,720p,1.397,0.0,https://vimeo.com/214303215,This video is about joshua green
214318470,"RADICAL PRACTICE (RL) / Christopher Hareesh Wallis - ""New Findings that Change our Understanding of the Yoga-Sutra""",(no folder),Radical Practice (RL),1:35:13,5713,2017-04-22,unlisted,available,no,720p,0.959,0.0,https://vimeo.com/214318470,"This video is about Radical Practice -- Christopher ""Hareesh"" Wallis"
214313270,"RADICAL PRACTICE (RL) / Pandit Dasa - ""The Bhagavad Gita: Understanding...""",(no folder),Radical Practice (RL),1:13:25,4405,2017-04-22,unlisted,available,no,720p,1.52,0.0,https://vimeo.com/214313270,"This video is about Christopher ""Hareesh"" Wallis"
214273355,Untitled,(no folder),,0:00:00,0,2017-04-22,anybody,uploading,no,none,0.0,0.0,https://vimeo.com/214273355,
214393173,"RADICAL PRACTICE (RL) / Christopher Tompkins - ""Aversion vs. Connection""",(no folder),Radical Practice (RL),1:02:19,3739,2017-04-23,unlisted,available,no,720p,0.486,0.0,https://vimeo.com/214393173,
214394953,"RADICAL PRACTICE (RL) / Dhanurdhara Swami - ""Surrender Unto Me: The Essence of the Gita and the Goal of Yoga""",(no folder),Radical Practice (RL),1:12:38,4358,2017-04-23,unlisted,available,no,720p,1.372,0.0,https://vimeo.com/214394953,
214388667,"RADICAL PRACTICE (RL) / Manorama - ""The Rishis' Wisdom""",(no folder),Radical Practice (RL),1:07:45,4065,2017-04-23,unlisted,available,no,720p,1.226,0.0,https://vimeo.com/214388667,
214782655,Samkhya Mini-Training #1,(no folder),Samkhya Mini-Training,1:01:40,3700,2017-04-26,anybody,available,no,720p,0.626,0.0,https://vimeo.com/214782655,This video is about Samkhya Mini-Training #1
214785031,Samkhya Mini-Training #2,(no folder),Samkhya Mini-Training,1:03:19,3799,2017-04-26,unlisted,available,no,720p,0.698,0.0,https://vimeo.com/214785031,This video is about Samkhya Mini-Training #2
214871715,Samkhya Mini-Training #3,(no folder),Samkhya Mini-Training,1:15:13,4513,2017-04-26,unlisted,available,no,720p,0.817,0.0,https://vimeo.com/214871715,This video is about Samkhya Mini-Training #3
214874741,Samkhya Mini-Training #4,(no folder),Samkhya Mini-Training,1:22:34,4954,2017-04-26,unlisted,available,no,720p,0.913,0.0,https://vimeo.com/214874741,This video is about Samkhya Mini-Training #4
214877070,Samkhya Mini-Training #5,(no folder),Samkhya Mini-Training,1:08:38,4118,2017-04-26,unlisted,available,no,720p,0.728,0.0,https://vimeo.com/214877070,This video is about Samkhya Mini-Training #5
215108609,RADICAL PRACTICE (RL2) Christopher Hareesh Wallis,(no folder),,1:34:56,5696,2017-04-28,unlisted,available,no,720p,0.978,0.0,https://vimeo.com/215108609,
224595259,EDIT1-DoctorK Upload 2,(no folder),,1:25:02,5102,2017-07-07,unlisted,available,no,1080p,4.633,4.633,https://vimeo.com/224595259,
225619635,Radical Therapies - Angela Warburton,(no folder),Radical Therapies,1:35:46,5746,2017-07-14,unlisted,available,no,720p,1.134,0.0,https://vimeo.com/225619635,This video is about Radical Therapies - Angela Warburton
225610231,Radical Therapies - David Berceli,(no folder),Radical Therapies,0:51:22,3082,2017-07-14,unlisted,available,no,720p,0.558,0.0,https://vimeo.com/225610231,This video is about David Berceli
225527086,Radical Therapies - David Courchene,(no folder),Radical Therapies,0:46:30,2790,2017-07-14,unlisted,available,no,720p,0.737,0.0,https://vimeo.com/225527086,This video is about Radical Therapies - David Courchene
225530639,Radical Therapies - David Vago,(no folder),Radical Therapies,1:08:03,4083,2017-07-14,unlisted,available,no,720p,0.34,0.0,https://vimeo.com/225530639,This video is about Radical Therapies - David Vago
225601330,Radical Therapies - Joe Loizzo,(no folder),Radical Therapies,1:18:42,4722,2017-07-14,unlisted,available,no,720p,1.648,0.0,https://vimeo.com/225601330,This video is about Radical Therapies - Joe Loizzo
225594108,Radical Therapies - Lena Falth,(no folder),Radical Therapies,0:52:00,3120,2017-07-14,unlisted,available,no,720p,1.078,0.0,https://vimeo.com/225594108,This video is about lena intro
225584232,Radical Therapies - Loren Fishman,(no folder),Radical Therapies,1:11:50,4310,2017-07-14,unlisted,available,no,720p,1.175,0.0,https://vimeo.com/225584232,This video is about Radical Therapies - Loren Fishman
225625169,Radical Therapies - Michael Lee,(no folder),Radical Therapies,0:54:20,3260,2017-07-14,unlisted,available,no,720p,0.918,0.0,https://vimeo.com/225625169,This video is about Radical Therapies - Michael Lee
225628911,Radical Therapies - Sameet Kumar,(no folder),Radical Therapies,0:56:10,3370,2017-07-14,unlisted,available,no,720p,0.721,0.0,https://vimeo.com/225628911,This video is about Radical Therapies - Sameet Kumar
225525400,RadTherapies-JoeLoizzo,(no folder),,1:15:43,4543,2017-07-14,unlisted,available,no,720p,1.562,0.0,https://vimeo.com/225525400,Upload 1
225693137,Radical Therapies - Christine Hoar,(no folder),Radical Therapies,1:23:12,4992,2017-07-15,unlisted,available,no,720p,0.774,0.0,https://vimeo.com/225693137,
225683257,Radical Therapies - Kamau Kokayi,(no folder),Radical Therapies,1:29:06,5346,2017-07-15,unlisted,available,no,720p,1.843,0.0,https://vimeo.com/225683257,
225684511,Radical Therapies - Lobsang Rapgay,(no folder),Radical Therapies,0:42:03,2523,2017-07-15,unlisted,available,no,720p,0.466,0.0,https://vimeo.com/225684511,This video is about Radical Therapies - Lobsang Rapgay
225645651,Radical Therapies - Miles Neale,(no folder),Radical Therapies,1:33:23,5603,2017-07-15,unlisted,available,no,720p,1.935,0.0,https://vimeo.com/225645651,This video is about Radical Therapies - Miles Neale
225669278,Radical Therapies - Neal Goldsmith,(no folder),Radical Therapies,1:37:52,5872,2017-07-15,unlisted,available,no,720p,2.028,0.0,https://vimeo.com/225669278,
225639144,Radical Therapies - Sensei Koshin Paley Ellison,(no folder),Radical Therapies,0:45:39,2739,2017-07-15,unlisted,available,no,720p,0.947,0.0,https://vimeo.com/225639144,This video is about Radical Therapies - Sensei Koshin Paley Ellison
225770700,Joe Loizzo - Third Wave (Part 1),(no folder),,0:20:18,1218,2017-07-16,unlisted,available,no,720p,0.42,0.0,https://vimeo.com/225770700,This video is about Joe Loizzo - Third Wave of Contemplative Life
226079340,Masterclass - Joe Loizzo (2 of 3),(no folder),,0:24:50,1490,2017-07-18,unlisted,available,no,720p,0.514,0.0,https://vimeo.com/226079340,This video is about Masterclass - Joe Loizzo (2 of 3)
226172657,Masterclass - Joe Loizzo (3 of 3),(no folder),,0:26:56,1616,2017-07-19,unlisted,available,no,720p,0.558,0.0,https://vimeo.com/226172657,This video is about Masterclass - Joe Loizzo (3 of 3)
226469998,5 Myths Mini-Course [Day 1],(no folder),5 Myths of Mainstream Medicine,0:54:24,3264,2017-07-21,unlisted,available,no,360p,0.211,0.0,https://vimeo.com/226469998,
226470055,5 Myths Mini-Course [Day 2],(no folder),5 Myths of Mainstream Medicine,1:04:42,3882,2017-07-21,unlisted,available,no,360p,0.241,0.0,https://vimeo.com/226470055,
226470087,5 Myths Mini-Course [Day 3],(no folder),5 Myths of Mainstream Medicine,0:49:27,2967,2017-07-21,unlisted,available,no,360p,0.182,0.0,https://vimeo.com/226470087,
226470120,5 Myths Mini-Course [Day 4],(no folder),5 Myths of Mainstream Medicine,0:54:31,3271,2017-07-21,unlisted,available,no,360p,0.166,0.0,https://vimeo.com/226470120,
226470157,5 Myths Mini-Course [Day 5],(no folder),5 Myths of Mainstream Medicine,0:52:31,3151,2017-07-21,unlisted,available,no,360p,0.19,0.0,https://vimeo.com/226470157,
230999757,& Contemplative Psychotherapy - Module 4,(no folder),,1:56:19,6979,2017-08-24,unlisted,available,no,720p,1.388,0.0,https://vimeo.com/230999757,
238623245,Psychoanalysis & Tibetan Buddhism (Video) - Session 1,(no folder),,0:00:00,0,2017-10-17,anybody,uploading_error,no,none,0.0,0.0,https://vimeo.com/238623245,
239758234,Psychoanalysis & Tibetan Buddhism (Session 2 Video),(no folder),,0:00:00,0,2017-10-25,anybody,uploading_error,no,none,0.0,0.0,https://vimeo.com/239758234,
249521930,Nalanda FB Live Commercial,(no folder),,0:00:26,26,2018-01-03,anybody,available,no,720p,0.001,0.0,https://vimeo.com/249521930,
249526118,Nalanda Long FB Live Video Edited,(no folder),,0:00:00,0,2018-01-03,anybody,uploading_error,no,none,0.0,0.0,https://vimeo.com/249526118,
249520293,Nalanda Long FB Live Video Edited,(no folder),,1:40:11,6011,2018-01-03,anybody,available,no,540p,0.991,0.0,https://vimeo.com/249520293,
250334980,Nalanda FB Live Video 2 (with commercials/edits),(no folder),,0:52:30,3150,2018-01-09,anybody,available,no,720p,0.863,0.0,https://vimeo.com/250334980,
251428862,Nalanda FB Live Video 3 (with edits:commercials),(no folder),,1:53:32,6812,2018-01-17,anybody,available,no,720p,1.597,0.0,https://vimeo.com/251428862,
256227735,MVI_0131,(no folder),,0:03:44,224,2018-02-17,nobody,available,no,1080p,0.147,0.147,https://vimeo.com/256227735,
256236261,MVI_0132,(no folder),,0:23:45,1425,2018-02-17,nobody,available,no,1080p,0.937,0.937,https://vimeo.com/256236261,
256227736,MVI_0133,(no folder),,0:14:01,841,2018-02-17,nobody,available,no,1080p,0.553,0.553,https://vimeo.com/256227736,
256227734,MVI_0134,(no folder),,0:12:18,738,2018-02-17,nobody,available,no,1080p,0.485,0.485,https://vimeo.com/256227734,
256239987,MVI_0135,(no folder),,0:02:24,144,2018-02-17,anybody,available,no,1080p,0.095,0.095,https://vimeo.com/256239987,
256241217,MVI_0137,(no folder),,0:23:45,1425,2018-02-17,nobody,available,no,1080p,0.937,0.937,https://vimeo.com/256241217,
256240287,MVI_0138,(no folder),,0:07:21,441,2018-02-17,nobody,available,no,1080p,0.29,0.29,https://vimeo.com/256240287,
256244716,MVI_0139,(no folder),,0:01:59,119,2018-02-17,nobody,available,no,1080p,0.078,0.078,https://vimeo.com/256244716,
256244977,MVI_0140,(no folder),,0:23:45,1425,2018-02-17,nobody,available,no,1080p,0.937,0.937,https://vimeo.com/256244977,
256247729,MVI_0141,(no folder),,0:15:09,909,2018-02-17,nobody,available,no,1080p,0.597,0.597,https://vimeo.com/256247729,
256249795,MVI_0142,(no folder),,0:11:09,669,2018-02-17,nobody,available,no,1080p,0.44,0.44,https://vimeo.com/256249795,
256221115,YR Videos - Debashish (again),(no folder),,1:17:08,4628,2018-02-17,unlisted,available,no,720p,0.533,0.0,https://vimeo.com/256221115,
261839526,Course Onboarding Video,(no folder),,0:20:23,1223,2018-03-26,anybody,available,no,720p,0.128,0.0,https://vimeo.com/261839526,
272731175,Session 4 Video,(no folder),,2:29:57,8997,2018-05-31,anybody,available,no,1080p,2.882,2.882,https://vimeo.com/272731175,
284019582,Yogini Course - Session 1 Video,(no folder),,1:57:20,7040,2018-08-08,unlisted,available,no,720p,0.716,0.0,https://vimeo.com/284019582,
284381906,Tibetan Buddhism - Session 1 Video,(no folder),,2:05:01,7501,2018-08-10,unlisted,available,no,1440p,3.538,2.561,https://vimeo.com/284381906,
284482342,Tibetam Buddhism_Modul 1_Video,(no folder),,2:01:26,7286,2018-08-11,nobody,available,no,540p,0.772,0.0,https://vimeo.com/284482342,This video is the first session of the Tibetan Buddhism: a Path of Becoming Fully Human course. 08/09/2018
284984885,CHITHEADS for FORUM - (#50) Isa Gucciardi,(no folder),,0:00:00,0,2018-08-14,anybody,uploading,no,none,0.0,0.0,https://vimeo.com/284984885,
285484650,Tibetan Buddhism_Modul2_VIDEO,(no folder),,1:58:49,7129,2018-08-17,anybody,available,no,540p,0.894,0.0,https://vimeo.com/285484650,
286478827,Tibetan Buddhism_Modul3_VIDEO,(no folder),,2:06:59,7619,2018-08-24,nobody,available,no,540p,0.855,0.0,https://vimeo.com/286478827,This video is about My Movie
287607826,Tibetan Buddhism_Modul4_VIDEO,(no folder),,2:01:22,7282,2018-08-31,nobody,available,no,540p,0.891,0.0,https://vimeo.com/287607826,This video is about My Movie
291908047,Navarathri - Session 2 Video,(no folder),,1:48:26,6506,2018-09-26,nobody,available,no,720p,1.029,0.0,https://vimeo.com/291908047,
291819805,YAASS - Chris Tompkins,(no folder),,2:08:02,7682,2018-09-26,unlisted,available,no,720p,0.731,0.0,https://vimeo.com/291819805,
293219058,WIE_Isa_Gucciardi,(no folder),,1:25:29,5129,2018-10-03,nobody,available,no,540p,0.391,0.0,https://vimeo.com/293219058,
293253498,WIE_Lama Pema Wangdak,(no folder),,0:56:20,3380,2018-10-03,nobody,available,no,540p,0.498,0.0,https://vimeo.com/293253498,
293238420,WIE_Lama Tsultrim,(no folder),,1:13:40,4420,2018-10-03,nobody,available,no,540p,0.822,0.0,https://vimeo.com/293238420,
293248797,WIE_Miles Neale,(no folder),,1:19:43,4783,2018-10-03,nobody,available,no,540p,0.819,0.0,https://vimeo.com/293248797,
293204597,WIE_Rob Thurman,(no folder),,0:42:24,2544,2018-10-03,unlisted,available,no,540p,0.425,0.0,https://vimeo.com/293204597,
293234699,WIE_Tenzin Wangyal Rinpoche,(no folder),,0:54:41,3281,2018-10-03,nobody,available,no,540p,0.357,0.0,https://vimeo.com/293234699,
293228603,WIE_Thupten Jinpa,(no folder),,1:13:11,4391,2018-10-03,nobody,available,no,540p,0.599,0.0,https://vimeo.com/293228603,
293244919,WIE_Tulku Lobsang Rinpoche,(no folder),,0:53:12,3192,2018-10-03,nobody,available,no,540p,0.292,0.0,https://vimeo.com/293244919,
294297024,Navarathri Course_Session4_video,(no folder),,2:27:23,8843,2018-10-10,nobody,available,no,720p,1.278,0.0,https://vimeo.com/294297024,
298598745,Yoga Seminar - Seth Powell (edited),(no folder),,1:56:20,6980,2018-11-02,nobody,available,no,540p,0.423,0.0,https://vimeo.com/298598745,
298693069,Yoga Seminar - Seth Powell (with new slides),(no folder),,1:56:08,6968,2018-11-03,unlisted,available,no,540p,0.391,0.0,https://vimeo.com/298693069,
300820944,IAMTHAT_Session1,(no folder),,1:58:36,7116,2018-11-14,nobody,available,no,540p,0.342,0.0,https://vimeo.com/300820944,
301991357,I Am That - Session 2 (Video),(no folder),,1:56:27,6987,2018-11-21,unlisted,available,no,540p,0.457,0.0,https://vimeo.com/301991357,
303408235,I Am That - Session 3 Video,(no folder),,1:57:25,7045,2018-11-29,unlisted,available,no,540p,0.602,0.0,https://vimeo.com/303408235,
312295918,EB_Kenneth Rose_IntroOutro,(no folder),,1:30:00,5400,2019-01-19,nobody,available,no,720p,0.414,0.0,https://vimeo.com/312295918,
312271178,EB_Stephen Porges,(no folder),,1:18:33,4713,2019-01-19,nobody,available,no,540p,0.634,0.0,https://vimeo.com/312271178,
313065257,Stephen Porges - Intro,(no folder),,1:18:31,4711,2019-01-23,nobody,available,no,720p,1.019,0.0,https://vimeo.com/313065257,
313079413,Bruce McEwen- IntroOutro,(no folder),,1:06:53,4013,2019-01-24,nobody,available,no,720p,0.264,0.0,https://vimeo.com/313079413,
313088328,EB_David Shannahoff-Khalsa - IntroOutro,(no folder),,1:25:50,5150,2019-01-24,nobody,available,no,720p,0.336,0.0,https://vimeo.com/313088328,
313276587,Fred Travis - IntroOutro,(no folder),,1:07:55,4075,2019-01-24,nobody,available,no,720p,0.256,0.0,https://vimeo.com/313276587,
313103310,Georgi Y Johnson - IntroOutro,(no folder),,1:12:24,4344,2019-01-24,nobody,available,no,720p,0.433,0.0,https://vimeo.com/313103310,
313102263,Judson Brewer - Intro Outro,(no folder),,0:56:58,3418,2019-01-24,nobody,available,no,720p,0.222,0.0,https://vimeo.com/313102263,
313283637,JoeLoizzo_Fullintrooutro,(no folder),,1:14:00,4440,2019-01-25,nobody,available,no,720p,0.315,0.0,https://vimeo.com/313283637,
313488676,EB_Stephen Porges - IntroOutro,(no folder),,1:21:38,4898,2019-01-26,nobody,available,no,720p,1.039,0.0,https://vimeo.com/313488676,
315548045,AmyMathews,(no folder),,1:24:36,5076,2019-02-05,nobody,available,no,1080p,1.67,1.67,https://vimeo.com/315548045,
319559069,Ara Test Vimeo,(no folder),,1:58:59,7139,2019-02-25,nobody,available,no,720p,2.052,0.0,https://vimeo.com/319559069,
320143944,Ken Rose Mod 2 Video 2-26-19,(no folder),,2:02:13,7333,2019-02-27,nobody,available,no,1080p,1.346,1.346,https://vimeo.com/320143944,
321693197,Ken Rose Mod 3 Video 3-6-2019,(no folder),,1:57:59,7079,2019-03-06,nobody,available,no,1080p,1.271,1.271,https://vimeo.com/321693197,
323372147,Ken Rose Mod 4 Video Big,(no folder),,2:00:48,7248,2019-03-13,nobody,available,no,720p,0.559,0.0,https://vimeo.com/323372147,
324768679,Sonia Seq Mod 1 Video,(no folder),,1:50:57,6657,2019-03-17,nobody,available,no,720p,0.451,0.0,https://vimeo.com/324768679,
325584991,Rachel Harris Mod 3 Video,(no folder),,2:01:49,7309,2019-03-21,nobody,available,no,720p,0.704,0.0,https://vimeo.com/325584991,
326108672,Module 2 Sonia Video,(no folder),,1:44:18,6258,2019-03-24,nobody,available,no,720p,0.358,0.0,https://vimeo.com/326108672,
326486999,Yoga Seminar HKD Yamas Niyamas,(no folder),,1:32:39,5559,2019-03-26,nobody,available,no,720p,0.617,0.0,https://vimeo.com/326486999,
327618256,Yoga&Neuroscience_session3_video,(no folder),,1:55:14,6914,2019-03-31,nobody,available,no,1440p,0.597,0.511,https://vimeo.com/327618256,
328483222,A_EP_DavidBerceli_TracingTrauma,(no folder),,1:00:56,3656,2019-04-04,anybody,available,no,720p,0.257,0.0,https://vimeo.com/328483222,
328541171,AnnekeLucas_Intro,(no folder),,1:27:52,5272,2019-04-04,nobody,available,no,720p,0.364,0.0,https://vimeo.com/328541171,
328468051,EP_IsaGucciardi_TracingTrauma,(no folder),,1:12:54,4374,2019-04-04,nobody,available,no,720p,0.514,0.0,https://vimeo.com/328468051,
328521776,EP_JudithBlackstone_TracingTrauma,(no folder),,0:51:59,3119,2019-04-04,nobody,available,no,720p,0.558,0.0,https://vimeo.com/328521776,
328695714,EP_DanielMientie_TracingTrauma,(no folder),,1:33:23,5603,2019-04-05,nobody,available,no,720p,0.296,0.0,https://vimeo.com/328695714,
328578348,EP_JulieStaples__TracingTrauma,(no folder),,1:06:36,3996,2019-04-05,nobody,available,no,720p,0.327,0.0,https://vimeo.com/328578348,
328575114,EP_RichardMiller_TracingTrauma,(no folder),,1:33:17,5597,2019-04-05,nobody,available,no,720p,0.491,0.0,https://vimeo.com/328575114,
328779173,EP_StephenPorges_TracingTrauma,(no folder),,0:52:17,3137,2019-04-06,nobody,available,no,720p,0.907,0.0,https://vimeo.com/328779173,
329436535,AnnekeLucas_IntroOutro,(no folder),,1:31:21,5481,2019-04-09,nobody,available,no,720p,0.396,0.0,https://vimeo.com/329436535,
329374595,EH-Q&A_04-08-19_,(no folder),,1:01:48,3708,2019-04-09,nobody,available,no,540p,0.272,0.0,https://vimeo.com/329374595,
329470793,JudithBlackstone_IntroOutro_new,(no folder),,0:53:46,3226,2019-04-09,nobody,available,no,720p,0.569,0.0,https://vimeo.com/329470793,
329461102,StephenPorges_IntroOutro,(no folder),,0:54:04,3244,2019-04-09,nobody,available,no,720p,0.917,0.0,https://vimeo.com/329461102,
329481673,DanielMientie_IntroOutro_new,(no folder),,1:35:11,5711,2019-04-10,nobody,available,no,720p,0.308,0.0,https://vimeo.com/329481673,
329501594,DavidBerceli_IntroOutro,(no folder),,1:02:44,3764,2019-04-10,nobody,available,no,720p,0.269,0.0,https://vimeo.com/329501594,
329626394,IsaGucciardi_IntroOutro_new,(no folder),,1:14:42,4482,2019-04-10,nobody,available,no,720p,0.525,0.0,https://vimeo.com/329626394,
329478795,JulieStaples_IntroOutro_new,(no folder),,1:08:24,4104,2019-04-10,nobody,available,no,720p,0.339,0.0,https://vimeo.com/329478795,
329660834,RichardMiller_IntroOutro_new,(no folder),,1:35:05,5705,2019-04-10,nobody,available,no,720p,0.503,0.0,https://vimeo.com/329660834,
329844527,Module 1 Light in the Shadow,(no folder),,1:57:19,7039,2019-04-11,nobody,available,no,720p,1.373,0.0,https://vimeo.com/329844527,
330169550,DavidBerceli_IntroOutro_new,(no folder),,1:02:44,3764,2019-04-13,nobody,available,no,720p,0.269,0.0,https://vimeo.com/330169550,
330165921,YasminLambat_IntroOutro_new,(no folder),,1:14:25,4465,2019-04-13,nobody,available,no,720p,0.26,0.0,https://vimeo.com/330165921,
331142252,María Adelaida López & Natalia Quiñones_IntroOutro_new,(no folder),,0:58:05,3485,2019-04-18,nobody,available,no,720p,0.247,0.0,https://vimeo.com/331142252,
331249987,Module 2 Light in the Shadow,(no folder),,2:01:04,7264,2019-04-18,nobody,available,no,720p,1.616,0.0,https://vimeo.com/331249987,
331479003,AndreaJainVideo,(no folder),,1:27:52,5272,2019-04-19,disable,available,no,540p,0.592,0.0,https://vimeo.com/331479003,
333771938,Module 3 Light in the Shadow,(no folder),,1:57:45,7065,2019-05-02,nobody,available,no,720p,1.105,0.0,https://vimeo.com/333771938,
334963557,DavidBullard,(no folder),,1:08:06,4086,2019-05-08,password,available,no,720p,0.171,0.0,https://vimeo.com/334963557,
335052164,Light in the Shadow Module 4,(no folder),,1:58:35,7115,2019-05-09,nobody,available,no,720p,1.301,0.0,https://vimeo.com/335052164,
335259037,YasminLambat_Lead,(no folder),,1:10:51,4251,2019-05-09,password,available,no,720p,0.223,0.0,https://vimeo.com/335259037,
336499955,Manorma,(no folder),,1:04:09,3849,2019-05-16,password,available,no,720p,0.965,0.0,https://vimeo.com/336499955,
336839309,Module 2 Embodying Social Justice,(no folder),,2:04:54,7494,2019-05-17,nobody,available,no,720p,0.465,0.0,https://vimeo.com/336839309,
338280579,Module 3 Embodying Social Justice VIDEO,(no folder),,1:36:13,5773,2019-05-24,nobody,available,no,720p,0.449,0.0,https://vimeo.com/338280579,
338447581,Yoga Seminar - Beyond Wheels: How to talk about the chakras in an authentic & powerful way with Christopher Hareesh Wallis,(no folder),,2:02:00,7320,2019-05-25,unlisted,available,no,720p,1.605,0.0,https://vimeo.com/338447581,"As some aspects of Western yoga veer ever further from their South Asian roots (Beer Yoga, anyone?) there is more confusion than ever about which teachings are part of the Indian yoga traditions and which have a Western origin. The very best examples of this confusion center on Tantra and on Chakras. Without any judgement of Western innovations, Hareesh (Christopher Wallis), a Tantric scholar, will help you become crystal clear about the original purpose and function of the chakras, in a distill"
339561022,Module 4 Embodying Social Justice (video),(no folder),,2:03:10,7390,2019-05-31,nobody,available,no,720p,0.449,0.0,https://vimeo.com/339561022,
340279330,Dave - Wedding Proposal,(no folder),,0:01:28,88,2019-06-04,nobody,available,no,540p,0.017,0.0,https://vimeo.com/340279330,
340210454,UNEDITED FROM ZOOM-GMT20190603-215808_Re-Pairing_3840x2160,(no folder),,2:06:08,7568,2019-06-04,nobody,available,no,2160p,1.803,0.746,https://vimeo.com/340210454,
341381772,Embodied Consciousness Panel,(no folder),,1:55:41,6941,2019-06-10,unlisted,available,no,1080p,1.783,1.783,https://vimeo.com/341381772,
341625896,Module 2 Re-Pairing (VIDEO LG),(no folder),,1:50:34,6634,2019-06-11,nobody,available,no,720p,1.372,0.0,https://vimeo.com/341625896,
341712119,Embodied Consciousness Panel (edited),(no folder),,1:41:50,6110,2019-06-12,unlisted,available,no,720p,0.93,0.0,https://vimeo.com/341712119,
343002032,Module 3 - Re-Pairing (video lg),(no folder),,1:48:38,6518,2019-06-18,nobody,available,no,720p,1.556,0.0,https://vimeo.com/343002032,
343283691,Module 1 Yoga Sutras (video lg),(no folder),,1:59:23,7163,2019-06-19,nobody,available,no,720p,0.518,0.0,https://vimeo.com/343283691,
344237824,Module 4 - David Bullard,(no folder),,0:00:00,0,2019-06-25,nobody,uploading,no,none,0.0,0.0,https://vimeo.com/344237824,
344242151,Module 4 re-Pairing (video LG),(no folder),,1:47:04,6424,2019-06-25,anybody,available,no,720p,1.314,0.0,https://vimeo.com/344242151,
344619430,Module 2 - Yoga Sutras w/ Graham Schweig,(no folder),,1:57:44,7064,2019-06-26,nobody,available,no,720p,0.424,0.0,https://vimeo.com/344619430,
345842446,Module 3 - Yoga Sutras,(no folder),,2:01:11,7271,2019-07-03,nobody,available,no,720p,0.463,0.0,https://vimeo.com/345842446,
347154778,Allison Gemmel LaFramboise _Intro,(no folder),,1:02:52,3772,2019-07-09,nobody,available,no,720p,1.081,0.0,https://vimeo.com/347154778,
347176630,YMC_Intro,(no folder),,1:09:25,4165,2019-07-09,nobody,available,no,720p,0.8,0.0,https://vimeo.com/347176630,
347322703,David Shannahoff-Khalsa_Intro,(no folder),,1:31:48,5508,2019-07-10,nobody,available,no,720p,0.427,0.0,https://vimeo.com/347322703,
347226960,Kavitha Chinnaiyan_Intro,(no folder),,1:37:15,5835,2019-07-10,nobody,available,no,720p,0.412,0.0,https://vimeo.com/347226960,
347404435,Leslie Kaminoff_Intro,(no folder),,1:42:55,6175,2019-07-10,nobody,available,no,540p,0.37,0.0,https://vimeo.com/347404435,
347343838,Mary Nichols_Intro,(no folder),,1:36:48,5808,2019-07-10,nobody,available,no,720p,0.399,0.0,https://vimeo.com/347343838,
347337668,Mary Nichols_Intro,(no folder),,0:00:00,0,2019-07-10,nobody,uploading_error,no,none,0.0,0.0,https://vimeo.com/347337668,
347382369,Module 4 - Yoga Sutra,(no folder),,2:01:28,7288,2019-07-10,nobody,available,no,720p,0.688,0.0,https://vimeo.com/347382369,
347443204,Ana Funes_Intro,(no folder),,0:51:48,3108,2019-07-11,nobody,available,no,720p,0.512,0.0,https://vimeo.com/347443204,
347577159,EP_EmbodiedBreath_Jensen Martin,(no folder),,1:33:34,5614,2019-07-11,nobody,available,no,720p,1.07,0.0,https://vimeo.com/347577159,
347558734,EP_EmbodiedBreath_Srivatsa Ramaswami _Intro,(no folder),,1:08:00,4080,2019-07-11,nobody,available,no,720p,0.627,0.0,https://vimeo.com/347558734,
347421037,Jensen Martin_Intro,(no folder),,1:33:34,5614,2019-07-11,nobody,available,no,720p,1.074,0.0,https://vimeo.com/347421037,
347961829,Module03,(no folder),,1:56:30,6990,2019-07-14,anybody,available,no,720p,0.956,0.0,https://vimeo.com/347961829,
348269627,Ep_David Shanahoff-Kalsa_Embodiebreath_Outro,(no folder),,1:35:41,5741,2019-07-15,nobody,available,no,720p,0.446,0.0,https://vimeo.com/348269627,
348101274,Ep_Jensen Martin_Embodiebreath_Outro,(no folder),,0:00:00,0,2019-07-15,nobody,uploading_error,no,none,0.0,0.0,https://vimeo.com/348101274,
348172481,Jensen Martin_Ep_Embodiebreath_Outro,(no folder),,1:37:27,5847,2019-07-15,nobody,available,no,720p,1.162,0.0,https://vimeo.com/348172481,
348446389,Ep_Allison Gemmel LaFramboise_Embodiebreath_Outro,(no folder),,1:06:42,4002,2019-07-16,anybody,available,no,720p,0.95,0.0,https://vimeo.com/348446389,
348280017,Ep_Embodiebreath_Alison_Outro,(no folder),,1:06:42,4002,2019-07-16,nobody,available,no,720p,1.019,0.0,https://vimeo.com/348280017,
348296289,Ep_Embodiebreath_Ana_Outro,(no folder),,0:55:41,3341,2019-07-16,anybody,available,no,720p,0.519,0.0,https://vimeo.com/348296289,
348308988,Ep_Embodiebreath_Leslie_Outro,(no folder),,1:46:48,6408,2019-07-16,anybody,available,no,720p,0.474,0.0,https://vimeo.com/348308988,
348404381,Ep_Embodiebreath_YMC_Outro,(no folder),,1:13:18,4398,2019-07-16,nobody,available,no,720p,0.812,0.0,https://vimeo.com/348404381,
348417140,Ep_KavithaChinnaiyan_Embodiebreath_Outro,(no folder),,1:43:14,6194,2019-07-16,nobody,available,no,720p,0.571,0.0,https://vimeo.com/348417140,
348457456,Ep_KavithaChinnaiyan_Embodiebreath_Outro2,(no folder),,1:43:14,6194,2019-07-16,nobody,available,no,720p,0.57,0.0,https://vimeo.com/348457456,
348434052,Ep_Mary Reilly Nichols_Embodiebreath_Outro,(no folder),,1:40:41,6041,2019-07-16,nobody,available,no,720p,0.422,0.0,https://vimeo.com/348434052,
348427082,Ep_Srivatsa Ramaswami _Embodiebreath_Outro,(no folder),,1:11:54,4314,2019-07-16,nobody,available,no,720p,0.64,0.0,https://vimeo.com/348427082,
348671891,Yoga Sutra - Module 5 (lg video),(no folder),,2:00:24,7224,2019-07-17,nobody,available,no,720p,0.665,0.0,https://vimeo.com/348671891,
348740863,Ep_Kavith Chinnaiyan_Embodiebreath_Outro,(no folder),,1:43:14,6194,2019-07-18,nobody,available,no,720p,0.481,0.0,https://vimeo.com/348740863,
349286687,Module04,(no folder),,1:58:13,7093,2019-07-21,anybody,available,no,720p,0.511,0.0,https://vimeo.com/349286687,
349894480,Yoga Sutra Module 5 Graham,(no folder),,1:55:27,6927,2019-07-24,nobody,available,no,720p,0.646,0.0,https://vimeo.com/349894480,
350140245,Advanced Kundalini Pranayams - Module 1 DSK,(no folder),,1:51:16,6676,2019-07-25,nobody,available,no,720p,0.566,0.0,https://vimeo.com/350140245,
351224548,Yoga Sutra - Module 7 (video),(no folder),,2:00:53,7253,2019-07-31,nobody,available,no,720p,0.616,0.0,https://vimeo.com/351224548,Graham Schweig
351413189,Advanced Pranayams Module 2,(no folder),,2:02:20,7340,2019-08-01,nobody,available,no,720p,0.79,0.0,https://vimeo.com/351413189,
351899882,Module 06 Naimah Efia,(no folder),,1:49:05,6545,2019-08-04,nobody,available,no,1080p,0.763,0.763,https://vimeo.com/351899882,
352530928,Yoga Sutra - Module 8 (video LG),(no folder),,1:53:38,6818,2019-08-07,nobody,available,no,720p,0.664,0.0,https://vimeo.com/352530928,
352765705,Advanced Kundalini Pranayams - Module 3,(no folder),,2:08:41,7721,2019-08-08,nobody,available,no,720p,0.849,0.0,https://vimeo.com/352765705,
353202162,Module 07 Sage Hayes,(no folder),,2:03:39,7419,2019-08-11,nobody,available,no,720p,0.944,0.0,https://vimeo.com/353202162,
354075874,Advanced Kundalini Pranayams - Module 4,(no folder),,2:04:34,7474,2019-08-15,nobody,available,no,720p,0.751,0.0,https://vimeo.com/354075874,
354109594,MindBody Therapy Q and A (video LG),(no folder),,1:32:33,5553,2019-08-15,nobody,available,no,720p,0.665,0.0,https://vimeo.com/354109594,
354451242,GMT20190817-155011_Lecture-Se_2560x1440,(no folder),,2:03:20,7400,2019-08-18,nobody,available,no,1440p,1.036,0.804,https://vimeo.com/354451242,
356752825,GMT20190829-194346_Embodied-P_1760x900,(no folder),,0:00:00,0,2019-08-29,nobody,uploading,no,none,0.0,0.0,https://vimeo.com/356752825,
356752823,GMT20190829-194346_Embodied-P_1760x900,(no folder),,0:00:00,0,2019-08-29,anybody,uploading,no,none,0.0,0.0,https://vimeo.com/356752823,
356757271,Untitled,(no folder),,0:00:00,0,2019-08-29,anybody,uploading,no,none,0.0,0.0,https://vimeo.com/356757271,
356757270,Untitled,(no folder),,0:00:00,0,2019-08-29,anybody,uploading,no,none,0.0,0.0,https://vimeo.com/356757270,
357202477,YP - Short Tech Orientation Video,(no folder),,0:10:21,621,2019-09-01,unlisted,available,no,1440p,0.186,0.125,https://vimeo.com/357202477,
358590213,YP - Meet the Faculty,(no folder),,1:24:37,5077,2019-09-08,unlisted,available,no,540p,0.67,0.0,https://vimeo.com/358590213,
359397977,Bhagavad Gita with Robert Lindsey Module One- 9.10.19,(no folder),,1:59:27,7167,2019-09-11,nobody,available,no,1080p,1.107,1.107,https://vimeo.com/359397977,
360031188,MBT Student Orientation (movavi),(no folder),,1:15:53,4553,2019-09-14,nobody,available,no,540p,0.514,0.0,https://vimeo.com/360031188,
360880247,BHAGAVAD GITA MODULE 2,(no folder),,0:00:00,0,2019-09-18,nobody,uploading_error,no,none,0.0,0.0,https://vimeo.com/360880247,
360719083,BHAGAVAD GITA MODULE 2,(no folder),,1:57:19,7039,2019-09-18,nobody,available,no,540p,0.443,0.0,https://vimeo.com/360719083,This video is about BHAGAVAD GITA MODULE 2
360825721,MB Assessment - Module 1 (video m),(no folder),,1:51:35,6695,2019-09-18,nobody,available,no,540p,0.526,0.0,https://vimeo.com/360825721,
361215867,bhakti yoga,(no folder),,1:55:06,6906,2019-09-20,anybody,available,no,1080p,4.426,4.426,https://vimeo.com/361215867,
361330150,David Weinstock NonViolent Communication Module 1,(no folder),,1:59:20,7160,2019-09-20,nobody,available,no,540p,0.828,0.0,https://vimeo.com/361330150,
362378707,Bhagavad Gita Module 3,(no folder),,1:58:41,7121,2019-09-25,nobody,available,no,540p,0.446,0.0,https://vimeo.com/362378707,
362410907,scott2uncropped,(no folder),,2:00:32,7232,2019-09-25,nobody,available,no,540p,0.45,0.0,https://vimeo.com/362410907,
362663876,EL_Christopher Fici,(no folder),,1:30:20,5420,2019-09-26,nobody,available,no,720p,0.555,0.0,https://vimeo.com/362663876,
362671392,EL_Edwin Bryant,(no folder),,1:29:18,5358,2019-09-26,nobody,available,no,720p,0.977,0.0,https://vimeo.com/362671392,
362468339,module 2,(no folder),,2:27:05,8825,2019-09-26,nobody,available,no,720p,3.115,0.0,https://vimeo.com/362468339,
362817647,David Weinstock NVC Module 2,(no folder),,1:58:11,7091,2019-09-27,nobody,available,no,540p,0.709,0.0,https://vimeo.com/362817647,
362711689,EL_Jaya Jaganath,(no folder),,1:38:26,5906,2019-09-27,nobody,available,no,720p,0.536,0.0,https://vimeo.com/362711689,
362692747,EL_Pranada Comtois,(no folder),,1:13:10,4390,2019-09-27,nobody,available,no,720p,0.392,0.0,https://vimeo.com/362692747,
362854800,module 2 ara,(no folder),,2:27:05,8825,2019-09-27,nobody,available,no,540p,1.821,0.0,https://vimeo.com/362854800,
362933280,EL_Christopher Fici,(no folder),,1:30:20,5420,2019-09-28,nobody,available,no,720p,0.555,0.0,https://vimeo.com/362933280,
362938293,EL_Hari-kirtana das,(no folder),,0:53:11,3191,2019-09-28,nobody,available,no,720p,0.316,0.0,https://vimeo.com/362938293,
362943543,EL_Neelima Shukla-Bhatt,(no folder),,1:00:16,3616,2019-09-28,nobody,available,no,720p,0.368,0.0,https://vimeo.com/362943543,
363001524,EL_Vanamali Mataji,(no folder),,1:17:12,4632,2019-09-28,nobody,available,no,720p,0.938,0.0,https://vimeo.com/363001524,
362939688,EL_Vanamali Mataji,(no folder),,1:17:12,4632,2019-09-28,nobody,available,no,720p,0.938,0.0,https://vimeo.com/362939688,
363075201,EL_Nina Rao,(no folder),,1:07:53,4073,2019-09-29,nobody,available,no,720p,0.448,0.0,https://vimeo.com/363075201,
363063159,EL_Swami Tripurari,(no folder),,1:24:36,5076,2019-09-29,nobody,available,no,720p,0.763,0.0,https://vimeo.com/363063159,
363429358,EL_Graham Schweig,(no folder),,1:30:08,5408,2019-09-30,nobody,available,no,720p,0.582,0.0,https://vimeo.com/363429358,
363655114,IntroToMindBodyModule3,(no folder),,1:43:01,6181,2019-10-01,nobody,available,no,540p,0.527,0.0,https://vimeo.com/363655114,
363460314,MindBody Assessment - Module 3 (movavi),(no folder),,1:41:26,6086,2019-10-01,nobody,available,no,540p,0.349,0.0,https://vimeo.com/363460314,
363869734,Bhagavad Gita Module 4,(no folder),,1:57:00,7020,2019-10-02,nobody,available,no,540p,0.491,0.0,https://vimeo.com/363869734,
364091882,module 3,(no folder),,2:29:52,8992,2019-10-03,anybody,available,no,540p,2.003,0.0,https://vimeo.com/364091882,
364083680,module 3,(no folder),,2:29:52,8992,2019-10-03,anybody,available,no,540p,2.002,0.0,https://vimeo.com/364083680,
364315028,David Weinstock NVC Module 3,(no folder),,1:55:28,6928,2019-10-04,nobody,available,no,540p,0.692,0.0,https://vimeo.com/364315028,
364369551,EL_Pranada Comtois,(no folder),,1:12:11,4331,2019-10-04,nobody,available,no,720p,0.387,0.0,https://vimeo.com/364369551,
365314530,Bhagavad Gita Module Five,(no folder),,1:59:52,7192,2019-10-09,nobody,available,no,540p,0.505,0.0,https://vimeo.com/365314530,
365323098,Dr Albert Wong video,(no folder),,1:44:17,6257,2019-10-09,nobody,available,no,540p,0.452,0.0,https://vimeo.com/365323098,
365604997,MBD - Module 4 (movavi),(no folder),,1:49:25,6565,2019-10-10,nobody,available,no,540p,0.494,0.0,https://vimeo.com/365604997,
365443024,module 4,(no folder),,2:08:46,7726,2019-10-10,nobody,available,no,540p,1.666,0.0,https://vimeo.com/365443024,
365782401,New Project,(no folder),,1:51:42,6702,2019-10-11,nobody,available,no,540p,0.715,0.0,https://vimeo.com/365782401,
366593448,YP Mentor Group 1 / Meeting #1,(no folder),,1:30:57,5457,2019-10-15,unlisted,available,no,720p,0.757,0.0,https://vimeo.com/366593448,
366590662,YP Mentor Group 2 / Meeting #1,(no folder),,1:22:44,4964,2019-10-15,unlisted,available,no,720p,0.723,0.0,https://vimeo.com/366590662,
366829878,BG_RobertLindsey_Module6,(no folder),,2:04:45,7485,2019-10-16,anybody,available,no,540p,0.438,0.0,https://vimeo.com/366829878,
366908904,module 5,(no folder),,2:13:42,8022,2019-10-17,nobody,available,no,540p,1.745,0.0,https://vimeo.com/366908904,
368307051,Bhagavad Gita Module 7,(no folder),,2:02:38,7358,2019-10-23,anybody,available,no,540p,0.501,0.0,https://vimeo.com/368307051,
368432208,module 6,(no folder),,0:00:00,0,2019-10-24,anybody,uploading,no,none,0.0,0.0,https://vimeo.com/368432208,
368432209,Untitled,(no folder),,2:17:09,8229,2019-10-24,anybody,available,no,540p,1.679,0.0,https://vimeo.com/368432209,
369428964,EP Editorial Ecosystem,(no folder),,0:26:58,1618,2019-10-28,unlisted,available,no,540p,0.08,0.0,https://vimeo.com/369428964,
369426821,Grp 2 - Mtg 1 (movavi),(no folder),,1:54:55,6895,2019-10-28,nobody,available,no,540p,0.939,0.0,https://vimeo.com/369426821,
369484406,Yoga Seminar - Breath & Presence,(no folder),,1:46:31,6391,2019-10-29,nobody,available,no,720p,0.643,0.0,https://vimeo.com/369484406,
369886884,Bhagavad Gita Module 8,(no folder),,1:54:54,6894,2019-10-30,nobody,available,no,540p,0.454,0.0,https://vimeo.com/369886884,
369720061,Mentorship Group 8 - Meeting 1,(no folder),,1:30:23,5423,2019-10-30,nobody,available,no,540p,0.67,0.0,https://vimeo.com/369720061,
369997475,7,(no folder),,2:16:25,8185,2019-10-31,nobody,available,no,540p,1.742,0.0,https://vimeo.com/369997475,
371447850,Group 3  - Meeting 1,(no folder),,0:53:39,3219,2019-11-06,anybody,available,no,540p,0.444,0.0,https://vimeo.com/371447850,
371540618,module 8,(no folder),,1:57:14,7034,2019-11-07,nobody,available,no,540p,1.529,0.0,https://vimeo.com/371540618,
372920951,EP_ScienceofSpirit_Module3,(no folder),,1:57:56,7076,2019-11-13,nobody,available,no,540p,0.491,0.0,https://vimeo.com/372920951,
372922582,EP_ScienceofSpirit_Module4,(no folder),,1:56:45,7005,2019-11-13,nobody,available,no,540p,0.445,0.0,https://vimeo.com/372922582,
373014270,EP_ScienceofSpirit_Module1,(no folder),,1:41:26,6086,2019-11-14,nobody,available,no,540p,0.377,0.0,https://vimeo.com/373014270,
373018435,module 1,(no folder),,1:52:57,6777,2019-11-14,nobody,available,no,540p,0.873,0.0,https://vimeo.com/373018435,
373033243,module 9,(no folder),,1:39:08,5948,2019-11-14,nobody,available,no,540p,1.267,0.0,https://vimeo.com/373033243,
374059749,Mentorship Group 4 Christine 11-18-2019,(no folder),,1:16:59,4619,2019-11-19,nobody,available,no,1080p,1.421,1.421,https://vimeo.com/374059749,
374057609,Mentorship Meeting Grp 3 Maureen 11-18-2019,(no folder),,0:49:24,2964,2019-11-19,nobody,available,no,540p,0.476,0.0,https://vimeo.com/374057609,
374452420,Gpr 5 Mtg 2 Albert 11-19-2019,(no folder),,1:05:19,3919,2019-11-20,nobody,available,no,540p,0.566,0.0,https://vimeo.com/374452420,
374484480,Grp 7 Maureen 11-20-19 (movavi),(no folder),,0:37:03,2223,2019-11-20,nobody,available,no,540p,0.394,0.0,https://vimeo.com/374484480,
374442817,Grp 8 Meeting 2 Albert 11-19-2019,(no folder),,1:28:17,5297,2019-11-20,nobody,available,no,540p,0.59,0.0,https://vimeo.com/374442817,
374757432,Faculty Q&A 11-21-2019 (movavi),(no folder),,1:28:19,5299,2019-11-21,nobody,available,no,540p,0.64,0.0,https://vimeo.com/374757432,
374828799,Yoga Seminar - Om Namah Shivaya,(no folder),,1:39:33,5973,2019-11-22,nobody,available,no,720p,0.734,0.0,https://vimeo.com/374828799,
374828768,Yoga Seminar - Om Namah Shivaya,(no folder),,0:00:00,0,2019-11-22,anybody,uploading_error,no,none,0.0,0.0,https://vimeo.com/374828768,
375047458,Grp 1 Meeting 11-22-2019 (movavi),(no folder),,0:53:39,3219,2019-11-23,nobody,available,no,540p,0.454,0.0,https://vimeo.com/375047458,
375540442,Mentorship Grp 6 Rae 11-25-2019 (movavi),(no folder),,0:49:01,2941,2019-11-25,nobody,available,no,540p,0.355,0.0,https://vimeo.com/375540442,
375755299,MVI_0103,(no folder),,0:16:06,966,2019-11-26,nobody,available,no,720p,0.364,0.0,https://vimeo.com/375755299,
375772838,MVI_0104,(no folder),,0:00:09,9,2019-11-26,nobody,available,no,720p,0.003,0.0,https://vimeo.com/375772838,
375772944,MVI_0105,(no folder),,0:00:00,0,2019-11-26,nobody,uploading,no,none,0.0,0.0,https://vimeo.com/375772944,
375544304,Purpose_of_the_Course,(no folder),,0:26:48,1608,2019-11-26,anybody,available,no,540p,0.375,0.0,https://vimeo.com/375544304,
375777520,swamig1008 on 2018-04-23 at 12.05,(no folder),,0:40:44,2444,2019-11-26,nobody,available,no,360p,0.21,0.0,https://vimeo.com/375777520,
375939448,MVI_0105,(no folder),,0:15:42,942,2019-11-27,nobody,available,no,720p,0.355,0.0,https://vimeo.com/375939448,
375942754,MVI_0106,(no folder),,0:16:06,966,2019-11-27,nobody,available,no,720p,0.364,0.0,https://vimeo.com/375942754,
375946003,MVI_0107,(no folder),,0:13:08,788,2019-11-27,nobody,available,no,720p,0.297,0.0,https://vimeo.com/375946003,
375948515,MVI_0108,(no folder),,0:16:06,966,2019-11-27,nobody,available,no,720p,0.364,0.0,https://vimeo.com/375948515,
375951903,MVI_0109,(no folder),,0:00:32,32,2019-11-27,nobody,available,no,720p,0.012,0.0,https://vimeo.com/375951903,
375952015,MVI_0110,(no folder),,0:13:08,788,2019-11-27,nobody,available,no,720p,0.297,0.0,https://vimeo.com/375952015,
375954546,MVI_0111,(no folder),,0:16:01,961,2019-11-27,nobody,available,no,720p,0.362,0.0,https://vimeo.com/375954546,
375957629,MVI_0112,(no folder),,0:16:06,966,2019-11-27,nobody,available,no,720p,0.364,0.0,https://vimeo.com/375957629,
375960547,MVI_0113,(no folder),,0:00:15,15,2019-11-27,nobody,available,no,720p,0.005,0.0,https://vimeo.com/375960547,
375960609,MVI_0114,(no folder),,0:16:06,966,2019-11-27,nobody,available,no,720p,0.364,0.0,https://vimeo.com/375960609,
375964723,MVI_0115,(no folder),,0:00:30,30,2019-11-27,nobody,available,no,720p,0.012,0.0,https://vimeo.com/375964723,
375964864,MVI_0116,(no folder),,0:16:06,966,2019-11-27,nobody,available,no,720p,0.364,0.0,https://vimeo.com/375964864,
375968373,MVI_0117,(no folder),,0:00:51,51,2019-11-27,nobody,available,no,720p,0.02,0.0,https://vimeo.com/375968373,
375968586,MVI_0121,(no folder),,0:16:13,973,2019-11-27,nobody,available,no,720p,0.366,0.0,https://vimeo.com/375968586,
375806467,MVI_0122,(no folder),,0:01:56,116,2019-11-27,nobody,available,no,720p,0.044,0.0,https://vimeo.com/375806467,
375835756,MVI_0123,(no folder),,0:15:31,931,2019-11-27,nobody,available,no,720p,0.351,0.0,https://vimeo.com/375835756,
375923946,MVI_0124,(no folder),,0:14:37,877,2019-11-27,nobody,available,no,720p,0.33,0.0,https://vimeo.com/375923946,
375928594,MVI_0125,(no folder),,0:16:13,973,2019-11-27,nobody,available,no,720p,0.366,0.0,https://vimeo.com/375928594,
375931889,MVI_0126,(no folder),,0:00:34,34,2019-11-27,nobody,available,no,720p,0.013,0.0,https://vimeo.com/375931889,
375932022,MVI_0127,(no folder),,0:16:13,973,2019-11-27,nobody,available,no,720p,0.366,0.0,https://vimeo.com/375932022,
375935984,MVI_0128,(no folder),,0:04:15,255,2019-11-27,nobody,available,no,720p,0.096,0.0,https://vimeo.com/375935984,
375936923,MVI_0129,(no folder),,0:06:56,416,2019-11-27,nobody,available,no,720p,0.157,0.0,https://vimeo.com/375936923,
375938419,MVI_0130,(no folder),,0:04:35,275,2019-11-27,nobody,available,no,720p,0.104,0.0,https://vimeo.com/375938419,
377223897,Attatchment Theory - Module 4 (video),(no folder),,1:55:56,6956,2019-12-04,nobody,available,no,540p,0.379,0.0,https://vimeo.com/377223897,
377432665,Ayurveda Kate ODonnell (video),(no folder),,1:32:30,5550,2019-12-04,nobody,available,no,540p,0.447,0.0,https://vimeo.com/377432665,
377223022,New Project,(no folder),,0:00:00,0,2019-12-04,nobody,uploading,no,none,0.0,0.0,https://vimeo.com/377223022,
378830763,Mentorship Group 8 Albert 12-10-19 (video M),(no folder),,1:24:22,5062,2019-12-11,nobody,available,no,540p,0.517,0.0,https://vimeo.com/378830763,
385365556,Social Justice and Yoga,(no folder),,1:45:21,6321,2020-01-16,nobody,available,no,540p,0.549,0.0,https://vimeo.com/385365556,
385392650,Embodied Philosophy Jan 2019,(no folder),,1:11:25,4285,2020-01-17,nobody,available,no,1080p,2.597,2.597,https://vimeo.com/385392650,
385568976,Joe Loizzo - Kick Off,(no folder),,1:24:40,5080,2020-01-17,nobody,available,no,540p,0.332,0.0,https://vimeo.com/385568976,
385595011,MaryClass,(no folder),,1:21:43,4903,2020-01-17,anybody,available,no,1080p,3.505,3.505,https://vimeo.com/385595011,
385713006,Jacob's Class,(no folder),,0:00:00,0,2020-01-18,anybody,uploading_error,no,none,0.0,0.0,https://vimeo.com/385713006,
385711567,MBT Virtual Retreat - Isa Gucciardi (lg video),(no folder),,1:12:15,4335,2020-01-18,nobody,available,no,540p,0.435,0.0,https://vimeo.com/385711567,
385612694,Orientation with Jacob Scott (lg video),(no folder),,0:56:35,3395,2020-01-18,nobody,available,no,540p,0.267,0.0,https://vimeo.com/385612694,
385738531,Jacob's Class,(no folder),,1:34:30,5670,2020-01-19,anybody,available,no,1080p,2.306,2.306,https://vimeo.com/385738531,
385867017,Virtual Retreat - David Weinstock (lg video),(no folder),,1:24:49,5089,2020-01-19,nobody,available,no,1080p,0.96,0.96,https://vimeo.com/385867017,
386639021,meditation 1,(no folder),,1:52:27,6747,2020-01-23,nobody,available,no,540p,0.508,0.0,https://vimeo.com/386639021,
388312624,Vedantic Meditation,(no folder),,0:33:06,1986,2020-01-30,nobody,available,no,1080p,1.427,1.427,https://vimeo.com/388312624,
389732276,meditation 2,(no folder),,1:56:57,7017,2020-02-06,nobody,available,no,540p,0.454,0.0,https://vimeo.com/389732276,
389802645,VE_Andrew Holocek,(no folder),,1:05:10,3910,2020-02-06,nobody,available,no,720p,0.737,0.0,https://vimeo.com/389802645,
389859627,VE_Joakim Vindenes,(no folder),,1:08:54,4134,2020-02-06,nobody,available,no,720p,0.299,0.0,https://vimeo.com/389859627,
389851592,VE_Ken Rose,(no folder),,1:14:10,4450,2020-02-06,nobody,available,no,720p,0.471,0.0,https://vimeo.com/389851592,
389856923,VE_Riz wan Virk,(no folder),,1:10:40,4240,2020-02-06,nobody,available,no,720p,0.3,0.0,https://vimeo.com/389856923,
389868941,VE_Sarah Hill,(no folder),,0:26:17,1577,2020-02-07,nobody,available,no,720p,0.215,0.0,https://vimeo.com/389868941,
390616718,MBT Q and A 2-9-20,(no folder),,1:24:40,5080,2020-02-10,nobody,available,no,540p,0.458,0.0,https://vimeo.com/390616718,
390578406,VE_Albert Skip Rizzo,(no folder),,1:37:00,5820,2020-02-10,nobody,available,no,720p,0.746,0.0,https://vimeo.com/390578406,
390595372,VE_Michael R Heim,(no folder),,1:14:36,4476,2020-02-10,nobody,available,no,720p,0.409,0.0,https://vimeo.com/390595372,
390817518,VE_Jordan Quaglia,(no folder),,0:34:25,2065,2020-02-11,nobody,available,no,720p,0.158,0.0,https://vimeo.com/390817518,
391099996,VE_Swami Sarvapriyananda,(no folder),,1:01:25,3685,2020-02-12,nobody,available,no,720p,0.61,0.0,https://vimeo.com/391099996,
391142930,Light in the Shadow - Module 1 - VR Conf,(no folder),,1:53:46,6826,2020-02-13,nobody,available,no,540p,0.959,0.0,https://vimeo.com/391142930,
391267986,meditation 3,(no folder),,2:00:15,7215,2020-02-13,nobody,available,no,540p,0.419,0.0,https://vimeo.com/391267986,
391120900,VE_Isa Gucciardi,(no folder),,1:15:46,4546,2020-02-13,nobody,available,no,720p,0.632,0.0,https://vimeo.com/391120900,
392584391,VE_AmitGoswami,(no folder),,1:01:25,3685,2020-02-19,nobody,available,no,720p,1.038,0.0,https://vimeo.com/392584391,
392538646,VE_AmitGoswami,(no folder),,1:01:25,3685,2020-02-19,nobody,available,no,720p,1.111,0.0,https://vimeo.com/392538646,
392720157,meditation 4,(no folder),,2:04:03,7443,2020-02-20,nobody,available,no,540p,0.508,0.0,https://vimeo.com/392720157,
392599897,Vedas - Module 2 (movavi),(no folder),,1:20:00,4800,2020-02-20,nobody,available,no,540p,0.473,0.0,https://vimeo.com/392599897,
392607384,Vedas - Module 3 (movavi),(no folder),,1:29:42,5382,2020-02-20,nobody,available,no,540p,0.471,0.0,https://vimeo.com/392607384,
392596830,Vedas Source of Yoga - Module 1 (movavi),(no folder),,1:11:08,4268,2020-02-20,nobody,available,no,540p,0.424,0.0,https://vimeo.com/392596830,
392791802,VirtualEmpowerment_Amit Goswami_EPTV,(no folder),,0:55:31,3331,2020-02-20,nobody,available,no,720p,0.975,0.0,https://vimeo.com/392791802,
392858794,VirtualEmpowerment_Albert Skip Rizzo_EPTV,(no folder),,1:31:11,5471,2020-02-21,nobody,available,no,720p,0.713,0.0,https://vimeo.com/392858794,
392864726,VirtualEmpowerment_Andrew Holocek_EPTV,(no folder),,0:59:40,3580,2020-02-21,nobody,available,no,720p,0.687,0.0,https://vimeo.com/392864726,
392869674,VirtualEmpowerment_Isa Gucciardi_EPTV,(no folder),,1:10:13,4213,2020-02-21,nobody,available,no,720p,0.595,0.0,https://vimeo.com/392869674,
392872683,VirtualEmpowerment_Ken Rose_EPTV,(no folder),,1:08:51,4131,2020-02-21,nobody,available,no,720p,0.418,0.0,https://vimeo.com/392872683,
392967438,VirtualEmpowerment_Michael R Heim_EPTV,(no folder),,1:08:57,4137,2020-02-21,nobody,available,no,720p,0.358,0.0,https://vimeo.com/392967438,
392883213,VirtualEmpowerment_Swami Sarvapriyananda_EPTV,(no folder),,0:54:51,3291,2020-02-21,nobody,available,no,720p,0.555,0.0,https://vimeo.com/392883213,
394331332,Vedas - Module 4 (movavi),(no folder),,1:20:05,4805,2020-02-28,nobody,available,no,540p,0.51,0.0,https://vimeo.com/394331332,
395528978,"Virtual Reality, Maya, and Yoga's Virtual Bodies - Module 1",(no folder),,1:54:02,6842,2020-03-04,nobody,available,no,540p,0.801,0.0,https://vimeo.com/395528978,
396240845,The Realization Process - Module 1 (Video),(no folder),,1:57:57,7077,2020-03-08,nobody,available,no,540p,0.96,0.0,https://vimeo.com/396240845,
396961228,VR Maya Yoga 2,(no folder),,1:56:43,7003,2020-03-11,nobody,available,no,540p,0.661,0.0,https://vimeo.com/396961228,
397529620,Internal Family Systems EPTV,(no folder),Test,1:18:20,4700,2020-03-13,nobody,available,no,540p,0.336,0.0,https://vimeo.com/397529620,
397699510,The Realization Process - Module 2 - (video),(no folder),Test,1:59:17,7157,2020-03-14,unlisted,available,no,540p,1.052,0.0,https://vimeo.com/397699510,
399040098,bhakti 1,(no folder),,1:23:02,4982,2020-03-20,nobody,available,no,540p,0.362,0.0,https://vimeo.com/399040098,
399202561,VR Maya Yoga 3,(no folder),Test,1:59:42,7182,2020-03-20,anybody,available,no,540p,0.765,0.0,https://vimeo.com/399202561,
401163944,bhakti 2,(no folder),,1:52:39,6759,2020-03-26,nobody,available,no,540p,0.445,0.0,https://vimeo.com/401163944,
401115196,VR MAYA YOGA 4,(no folder),,2:00:16,7216,2020-03-26,nobody,available,no,540p,0.759,0.0,https://vimeo.com/401115196,
401382090,;lkj;lkj,(no folder),,0:03:25,205,2020-03-27,unlisted,available,no,720p,0.077,0.0,https://vimeo.com/401382090,
401210161,blah blah,(no folder),,0:04:29,269,2020-03-27,unlisted,available,no,1080p,0.111,0.111,https://vimeo.com/401210161,
401208817,Test Live,(no folder),,0:04:59,299,2020-03-27,nobody,available,no,1080p,0.022,0.022,https://vimeo.com/401208817,
401747380,Re-Pairing_ Healing Disturbing and Traumatic Memories (David Bullard),(no folder),,0:00:00,0,2020-03-28,nobody,uploading,no,none,0.0,0.0,https://vimeo.com/401747380,
401975623,Bodhichitta_ Radical Compassion in a World Gone Mad (Miles Neale),(no folder),,1:15:50,4550,2020-03-29,nobody,available,no,540p,0.729,0.0,https://vimeo.com/401975623,
401769192,Corrupt File - Vedic Chanting &amp the Art of Vibration (Kavitha Chinnaiyan),(no folder),,0:00:00,0,2020-03-29,nobody,uploading,no,none,0.0,0.0,https://vimeo.com/401769192,
401779053,On the Yamas and Niyamas (Hari-kirtana das),(no folder),,0:00:00,0,2020-03-29,nobody,uploading,no,none,0.0,0.0,https://vimeo.com/401779053,
401786105,Samsara as a Video Game_ the Simulation Hypothesis and Religious Traditions (Rizwan Virk),(no folder),,1:05:01,3901,2020-03-29,nobody,available,no,720p,0.244,0.0,https://vimeo.com/401786105,
401789363,The Esoteric Feminine in Hathayoga Sources (Ruth Westoby),(no folder),,0:00:00,0,2020-03-29,nobody,uploading,no,none,0.0,0.0,https://vimeo.com/401789363,
401987896,Tibetan Culture_ the Culture of Enlightenment (Robert Thurman),(no folder),,0:00:00,0,2020-03-29,nobody,uploading,no,none,0.0,0.0,https://vimeo.com/401987896,
402303709,The Realization Process - Module 3 - (video),(no folder),,1:58:35,7115,2020-03-30,nobody,available,no,540p,0.998,0.0,https://vimeo.com/402303709,
402405309,MBT QA March 2020,(no folder),,1:27:48,5268,2020-03-31,nobody,available,no,540p,0.694,0.0,https://vimeo.com/402405309,
403429845,bhakti 3 (video),(no folder),,1:53:47,6827,2020-04-02,nobody,available,no,540p,0.438,0.0,https://vimeo.com/403429845,
405987957,bhakti 4,(no folder),,1:56:51,7011,2020-04-09,nobody,available,no,540p,0.417,0.0,https://vimeo.com/405987957,
410298603,prana 2,(no folder),,1:57:47,7067,2020-04-21,nobody,available,no,540p,0.501,0.0,https://vimeo.com/410298603,
411868562,Sunday Yoga with Jacob,(no folder),,1:31:34,5494,2020-04-25,unlisted,available,no,1080p,1.969,1.969,https://vimeo.com/411868562,65-minute alignment-based vinyasa with Jacob
412832836,prana 3,(no folder),,1:57:25,7045,2020-04-28,nobody,available,no,540p,0.477,0.0,https://vimeo.com/412832836,
414746021,Module 9,(no folder),,1:37:50,5870,2020-05-04,nobody,available,no,540p,0.306,0.0,https://vimeo.com/414746021,
415332873,prana 4 (video),(no folder),,1:55:57,6957,2020-05-05,nobody,available,no,540p,0.511,0.0,https://vimeo.com/415332873,
415636607,Goddess Traditions and Early Tantra Module 1,(no folder),,1:55:16,6916,2020-05-06,disable,available,no,540p,0.547,0.0,https://vimeo.com/415636607,Goddess Traditions and Early Tantra Module 1
416430169,Niralli D'Costa - Awakening the Inner Beloved,(no folder),,1:27:10,5230,2020-05-08,nobody,available,no,540p,0.742,0.0,https://vimeo.com/416430169,
418240272,Fac Q&A May 12 2020,(no folder),,1:27:38,5258,2020-05-13,nobody,available,no,540p,0.648,0.0,https://vimeo.com/418240272,
418204985,Goddess Traditions and Early Tantra Module 2 (video),(no folder),,2:02:34,7354,2020-05-13,disable,available,no,540p,0.601,0.0,https://vimeo.com/418204985,Goddess Traditions and Early Tantra Module 2 (video)
418428591,Neuroscience_of_Mindbody_Therapy_Module_1,(no folder),,0:00:00,0,2020-05-14,nobody,uploading,no,none,0.0,0.0,https://vimeo.com/418428591,
420395215,Third Eye Seminar,(no folder),,1:24:04,5044,2020-05-19,nobody,available,no,540p,0.331,0.0,https://vimeo.com/420395215,
420713618,Goddess Traditions and Early Tantra Module 3 (video),(no folder),,2:03:45,7425,2020-05-20,disable,available,no,540p,0.554,0.0,https://vimeo.com/420713618,Goddess Traditions and Early Tantra Module 3 (video)
423199632,Goddess Traditions and Early Tantra Module 4 (video),(no folder),,1:54:00,6840,2020-05-27,disable,available,no,540p,1.0,0.0,https://vimeo.com/423199632,Goddess Traditions and Early Tantra Module 4 (video)
424939899,Contemporary Somatic Psy Module 1,(no folder),,1:18:10,4690,2020-06-01,disable,available,no,540p,0.331,0.0,https://vimeo.com/424939899,
424625632,Untitled,(no folder),,0:00:06,6,2020-06-01,disable,available,no,1080p,0.004,0.004,https://vimeo.com/424625632,
425558621,Contemporary Somatic Psychology - Module 2 (video),(no folder),,1:22:53,4973,2020-06-03,disable,available,no,540p,0.334,0.0,https://vimeo.com/425558621,
426828338,meetgreet (video),(no folder),,0:45:15,2715,2020-06-07,nobody,available,no,540p,0.3,0.0,https://vimeo.com/426828338,
426843951,Pre-Session Script Example,(no folder),,0:04:32,272,2020-06-08,nobody,available,no,540p,0.022,0.0,https://vimeo.com/426843951,
427249306,Contemporary Somatic Psychology - Q&A 1 (video),(no folder),,1:00:32,3632,2020-06-09,disable,available,no,540p,0.329,0.0,https://vimeo.com/427249306,
427659112,Contemporary Somatic Psychology - Q&A #2 (video),(no folder),,1:00:51,3651,2020-06-10,nobody,available,no,540p,0.351,0.0,https://vimeo.com/427659112,
427785822,Goddess Traditions and Early Tantra Module 5 (video),(no folder),,2:00:49,7249,2020-06-10,disable,available,no,540p,0.651,0.0,https://vimeo.com/427785822,Goddess Traditions and Early Tantra Module 5 (video)
429508515,The Art of Nonviolent Communication (video),(no folder),,1:41:07,6067,2020-06-16,nobody,available,no,540p,0.807,0.0,https://vimeo.com/429508515,
430032521,Goddess Traditions and Early Tantra Module 6 (video),(no folder),,2:13:04,7984,2020-06-17,disable,available,no,540p,0.733,0.0,https://vimeo.com/430032521,Goddess Traditions and Early Tantra Module 6 (video)
432978093,Green Buddhism Webinar with Stephanie Kaza,(no folder),,1:25:33,5133,2020-06-26,nobody,available,no,540p,0.444,0.0,https://vimeo.com/432978093,
434029347,Contemplative Psychology 20200629,(no folder),,1:38:51,5931,2020-06-30,nobody,available,no,720p,0.999,0.0,https://vimeo.com/434029347,
438434902,Social Ecology: Exploring Yoga's Potential,(no folder),,1:25:33,5133,2020-07-15,nobody,available,no,540p,0.582,0.0,https://vimeo.com/438434902,chris chapple
440163996,Embodied Activism - Module 1,(no folder),,1:55:58,6958,2020-07-21,unlisted,available,no,540p,0.793,0.0,https://vimeo.com/440163996,
442210201,Embodied Activism - Module 2,(no folder),,2:01:26,7286,2020-07-28,unlisted,available,no,540p,0.872,0.0,https://vimeo.com/442210201,
443502475,EcoPsych (video),(no folder),,0:59:56,3596,2020-07-31,password,available,no,540p,0.81,0.0,https://vimeo.com/443502475,
444366546,Embodied Activism - Module 3,(no folder),,2:01:39,7299,2020-08-03,unlisted,available,no,540p,0.632,0.0,https://vimeo.com/444366546,
446850016,Embodied Activism - Module 4,(no folder),,1:59:57,7197,2020-08-11,unlisted,available,no,540p,1.13,0.0,https://vimeo.com/446850016,
447893077,psychedelics and psychotherapy,(no folder),,1:26:13,5173,2020-08-14,nobody,available,no,540p,0.775,0.0,https://vimeo.com/447893077,
448075253,MBT Q&A 1 (video),(no folder),,1:31:59,5519,2020-08-15,nobody,available,no,540p,0.532,0.0,https://vimeo.com/448075253,
449500099,YP-QA1-RECORDING,(no folder),,1:28:39,5319,2020-08-20,nobody,available,no,720p,0.413,0.0,https://vimeo.com/449500099,
450892742,Master Class with Dr Scott Lyons,(no folder),,0:58:46,3526,2020-08-23,nobody,available,no,540p,0.515,0.0,https://vimeo.com/450892742,
450918098,Master Class with Niralli D'Costa,(no folder),,1:30:25,5425,2020-08-23,nobody,available,no,540p,0.548,0.0,https://vimeo.com/450918098,
450687833,Master Course with David Weinstock (video),(no folder),,1:44:26,6266,2020-08-23,nobody,available,no,540p,0.961,0.0,https://vimeo.com/450687833,
450698128,Master Course with Rae Johnson (video),(no folder),,0:53:56,3236,2020-08-23,nobody,available,no,540p,0.299,0.0,https://vimeo.com/450698128,
451117720,Closing Ceremony with Dr Scott Lyons - (Video),(no folder),,1:39:48,5988,2020-08-24,nobody,available,no,540p,0.858,0.0,https://vimeo.com/451117720,
451270233,YP-Immersion-Friday-Afternoon-Video,(no folder),,1:56:29,6989,2020-08-24,nobody,available,no,1080p,1.308,1.308,https://vimeo.com/451270233,
451257397,YP-Immersion-Friday-Morning-Video,(no folder),,2:30:12,9012,2020-08-24,nobody,available,no,720p,1.015,0.0,https://vimeo.com/451257397,
451594105,YP-Immersion-Saturday-Morning-Practice,(no folder),,1:02:55,3775,2020-08-25,nobody,available,no,540p,0.303,0.0,https://vimeo.com/451594105,
451607265,YP-Immersion-Sunday-Morning-Practice,(no folder),,1:01:57,3717,2020-08-25,nobody,available,no,720p,0.329,0.0,https://vimeo.com/451607265,
451616788,YP-Immersion-Sunday-Morning-Presentations,(no folder),,1:32:21,5541,2020-08-25,nobody,available,no,720p,0.689,0.0,https://vimeo.com/451616788,
452033543,YP-Immersion-Saturday-Afternoon-Presentations,(no folder),,1:31:18,5478,2020-08-27,nobody,available,no,1080p,0.843,0.843,https://vimeo.com/452033543,
452071117,YP-Immersion-Sunday-Afternoon-Graduation,(no folder),,2:42:50,9770,2020-08-27,nobody,available,no,720p,1.095,0.0,https://vimeo.com/452071117,
453816515,YP-Faculty-Meeting-9-1,(no folder),,1:11:49,4309,2020-09-01,nobody,available,no,360p,0.334,0.0,https://vimeo.com/453816515,
455954420,Host Updates 9-5,(no folder),,0:29:15,1755,2020-09-08,unlisted,available,no,540p,0.222,0.0,https://vimeo.com/455954420,
456360332,YP-Meet-the-Faculty-Q&A,(no folder),,1:19:32,4772,2020-09-09,nobody,available,no,720p,0.435,0.0,https://vimeo.com/456360332,
457953511,YP-ORIENTATION-9-13,(no folder),,1:44:25,6265,2020-09-14,nobody,available,no,1080p,1.638,1.638,https://vimeo.com/457953511,
458695101,Course Host Info Session,(no folder),,0:41:07,2467,2020-09-16,unlisted,available,no,540p,0.299,0.0,https://vimeo.com/458695101,
458660293,YP-Intro-to-Philosophy-9-15,(no folder),,1:50:37,6637,2020-09-16,nobody,available,no,720p,0.726,0.0,https://vimeo.com/458660293,
459210645,Authenticity and Spiritual Realization with Judith Blackstone - (Video),(no folder),,1:31:06,5466,2020-09-18,nobody,available,no,540p,0.797,0.0,https://vimeo.com/459210645,
459494079,YP-Intro-to-Yoga-Philosophy-Module-2,(no folder),,2:27:22,8842,2020-09-18,unlisted,available,no,720p,0.775,0.0,https://vimeo.com/459494079,
460356020,Intro to Vedas - Introduction Video,(no folder),,0:01:08,68,2020-09-21,nobody,available,no,720p,0.016,0.0,https://vimeo.com/460356020,
463148331,Course Host On-boarding,(no folder),,1:21:05,4865,2020-09-29,unlisted,available,no,540p,0.785,0.0,https://vimeo.com/463148331,
463263860,Yoga Therapy Research - Mod 1,(no folder),,1:52:48,6768,2020-09-30,disable,available,no,540p,0.555,0.0,https://vimeo.com/463263860,
463980063,YP-Katy-Jane-Q&A,(no folder),,0:58:05,3485,2020-10-01,nobody,available,no,720p,0.532,0.0,https://vimeo.com/463980063,
465130895,Roots Branches 2,(no folder),,1:59:16,7156,2020-10-05,nobody,available,no,540p,0.405,0.0,https://vimeo.com/465130895,
465569514,History of Yoga_Module1_Video,(no folder),,1:35:02,5702,2020-10-06,nobody,available,no,540p,0.32,0.0,https://vimeo.com/465569514,
465554331,History of Yoga_Module1_Video,(no folder),,1:35:02,5702,2020-10-06,nobody,available,no,540p,0.32,0.0,https://vimeo.com/465554331,
465582281,HistoryOfYoga_Module2_Video,(no folder),,1:53:00,6780,2020-10-06,nobody,available,no,540p,0.386,0.0,https://vimeo.com/465582281,
465571418,Yoga Therapy Research - Module 2,(no folder),,1:49:10,6550,2020-10-06,disable,available,no,540p,0.478,0.0,https://vimeo.com/465571418,Yoga Therapy Research Module 2
465602665,History Of Yoga_Module2_Audio,(no folder),,0:00:00,0,2020-10-07,nobody,uploading,no,none,0.0,0.0,https://vimeo.com/465602665,
465619392,HistoryOfYoga_Module3,(no folder),,2:02:29,7349,2020-10-07,nobody,available,no,540p,0.49,0.0,https://vimeo.com/465619392,
465983407,yp-mantra-recitation-10-7-20,(no folder),,1:20:29,4829,2020-10-07,nobody,available,no,720p,0.501,0.0,https://vimeo.com/465983407,
466404927,History of Yoga Module 4,(no folder),,1:53:49,6829,2020-10-09,nobody,available,no,540p,0.406,0.0,https://vimeo.com/466404927,
467809277,Contemplative Ecology Panel,(no folder),,1:53:29,6809,2020-10-13,nobody,available,no,1080p,1.88,1.88,https://vimeo.com/467809277,
467776807,Indian Philosophy - Module 6,(no folder),,0:00:00,0,2020-10-13,nobody,uploading_error,no,none,0.0,0.0,https://vimeo.com/467776807,
467946252,Yoga Therapy Research - Module 3,(no folder),,1:56:33,6993,2020-10-13,disable,available,no,540p,0.649,0.0,https://vimeo.com/467946252,Yoga Therapy Research Module 3
467914447,YP-Integration-Session-10-10,(no folder),,1:33:23,5603,2020-10-13,nobody,available,no,720p,0.95,0.0,https://vimeo.com/467914447,
467991837,Samkhya_The_Ground_for_Yoga_Module 1_Video,(no folder),,1:48:36,6516,2020-10-14,nobody,available,no,540p,0.79,0.0,https://vimeo.com/467991837,
468835458,Samkhya The Ground for Yoga Module 2 video,(no folder),,1:53:29,6809,2020-10-16,nobody,available,no,540p,1.232,0.0,https://vimeo.com/468835458,
469569276,New event,(no folder),,0:00:00,0,2020-10-18,unlisted,uploading_error,no,none,0.0,0.0,https://vimeo.com/469569276,
469568291,New event,(no folder),,0:04:13,253,2020-10-18,unlisted,available,no,1080p,0.163,0.163,https://vimeo.com/469568291,
470391973,Yoga Therapy Research - Module 4,(no folder),,1:59:17,7157,2020-10-20,disable,available,no,540p,0.733,0.0,https://vimeo.com/470391973,Yoga Therapy Research Module 4
470424548,The Yoga Sutras of Patanjali Module One,(no folder),,2:29:56,8996,2020-10-21,disable,available,no,540p,1.362,0.0,https://vimeo.com/470424548,
472881973,Yoga Sutras of Patanjali - Module 2,(no folder),,2:53:28,10408,2020-10-28,disable,available,no,540p,2.381,0.0,https://vimeo.com/472881973,
473387898,Yoga Sutra Meditations - Module 1,(no folder),,1:59:39,7179,2020-10-29,nobody,available,no,1080p,0.858,0.858,https://vimeo.com/473387898,"Class taught by Rames Bjonnes and Mary Reilly Nichols. Presentation from Module 1, 22 October 2020."
473700637,Integrating Energy Healing Into MindBody Therapy Theory and Practice,(no folder),,1:23:44,5024,2020-10-30,disable,available,no,540p,0.452,0.0,https://vimeo.com/473700637,
473680000,Integrating Energy Healing Into MindBody Therapy Theory and Practice,(no folder),,0:00:00,0,2020-10-30,nobody,uploading_error,no,none,0.0,0.0,https://vimeo.com/473680000,
475266508,Book-of-the-Dead-Meditation-Video,(no folder),,0:33:58,2038,2020-11-03,disable,available,no,360p,0.163,0.0,https://vimeo.com/475266508,
476016669,"Integration Session 2 (October 31, 2020) (Video Edit)",(no folder),,1:10:17,4217,2020-11-05,nobody,available,no,540p,0.543,0.0,https://vimeo.com/476016669,
475944037,Metta Mediation with Oneika Mays,(no folder),,0:00:00,0,2020-11-05,disable,uploading_error,no,none,0.0,0.0,https://vimeo.com/475944037,Metta Mediation with Oneika Mays
476061486,Module 2 - Yoga Sutra Meditation (Video),(no folder),,1:59:16,7156,2020-11-05,nobody,available,no,540p,0.673,0.0,https://vimeo.com/476061486,
475889781,Tibetan Book - Module 1 - Video,(no folder),,2:39:47,9587,2020-11-05,disable,available,no,540p,1.248,0.0,https://vimeo.com/475889781,
476370304,Module 3 - Yoga Sutra Meditation (Video),(no folder),,1:49:00,6540,2020-11-06,nobody,available,no,540p,0.488,0.0,https://vimeo.com/476370304,
477664168,Metta Mediation with Oneika Mays,(no folder),,0:00:00,0,2020-11-10,disable,uploading_error,no,none,0.0,0.0,https://vimeo.com/477664168,Metta Mediation with Oneika Mays
477807346,Shamans & Siddhas - Module 1,(no folder),,1:33:19,5599,2020-11-10,disable,available,no,1080p,0.959,0.959,https://vimeo.com/477807346,
477807607,Shamans & Siddhas - Module 2,(no folder),,1:27:34,5254,2020-11-10,disable,available,no,1080p,1.112,1.112,https://vimeo.com/477807607,
477807542,Shamans & Siddhas - Module 3,(no folder),,1:25:11,5111,2020-11-10,disable,available,no,1080p,1.113,1.113,https://vimeo.com/477807542,
477807403,Shamans & Siddhas - Module 4,(no folder),,1:53:44,6824,2020-11-10,disable,available,no,1080p,1.616,1.616,https://vimeo.com/477807403,
477933141,Nondual Therapy - Module 1 - Video,(no folder),,1:56:36,6996,2020-11-11,disable,available,no,540p,0.636,0.0,https://vimeo.com/477933141,
478042111,Yoga Sutras of Patanjali - Module 3,(no folder),,2:49:57,10197,2020-11-11,disable,available,no,540p,2.283,0.0,https://vimeo.com/478042111,
478441762,Tibetan Book - Module 2 - Video,(no folder),,2:31:42,9102,2020-11-12,disable,available,no,540p,1.258,0.0,https://vimeo.com/478441762,
478906583,Module 4 - Yoga Sutra Meditation (Video),(no folder),,2:08:45,7725,2020-11-13,disable,available,no,540p,0.57,0.0,https://vimeo.com/478906583,
479317462,MBT Trimester 1: Integrative Seminar 2,(no folder),,1:28:48,5328,2020-11-14,disable,available,no,540p,0.676,0.0,https://vimeo.com/479317462,
479316258,Tarka Scholar-Practitioner - From Faculty - Ramdas Lamb,(no folder),,0:30:37,1837,2020-11-14,disable,available,no,360p,0.109,0.0,https://vimeo.com/479316258,
480542262,Nondual Therapy - Module 2 - Video,(no folder),,2:01:49,7309,2020-11-17,disable,available,no,540p,0.663,0.0,https://vimeo.com/480542262,
480660808,Yoga Sutras - Module 4,(no folder),,3:04:57,11097,2020-11-18,disable,available,no,540p,2.456,0.0,https://vimeo.com/480660808,
481439993,Tibetan Book - Module 3 - Video,(no folder),,2:34:52,9292,2020-11-19,disable,available,no,540p,1.302,0.0,https://vimeo.com/481439993,
481561674,Body Dreams - Video,(no folder),,1:18:07,4687,2020-11-20,disable,available,no,540p,0.798,0.0,https://vimeo.com/481561674,
481911221,YP-Intro-to-Sanskrit-Video,(no folder),,1:52:04,6724,2020-11-21,disable,available,no,720p,0.419,0.0,https://vimeo.com/481911221,
482267109,Integration Session 3 (Video),(no folder),,1:11:41,4301,2020-11-22,disable,available,no,540p,0.409,0.0,https://vimeo.com/482267109,
483269031,TBOTD-Meditation-2,(no folder),,0:40:07,2407,2020-11-24,disable,available,no,360p,0.166,0.0,https://vimeo.com/483269031,
483629323,Nondual Therapy - Module 3 - Video,(no folder),,1:50:20,6620,2020-11-25,disable,available,no,540p,0.64,0.0,https://vimeo.com/483629323,
486172858,Nondual Therapy - Module 4 Video,(no folder),,1:58:02,7082,2020-12-01,disable,available,no,540p,0.753,0.0,https://vimeo.com/486172858,NonDual Therapy Module 4
486387253,Yoga Sutras Module 5,(no folder),,3:06:47,11207,2020-12-02,disable,available,no,540p,2.37,0.0,https://vimeo.com/486387253,
486691846,vlc-record-2020-12-02-23h00m17s-GMT20201202-234443_CERT--Neur_2560x1440mp4-,(no folder),,0:00:00,0,2020-12-03,disable,uploading_error,no,none,0.0,0.0,https://vimeo.com/486691846,
487378466,Intro-to-Sanskrit-Module-2,(no folder),,1:50:54,6654,2020-12-04,disable,available,no,720p,0.306,0.0,https://vimeo.com/487378466,
487216121,Tibetan Book - Module 4 - Video,(no folder),,2:48:16,10096,2020-12-04,disable,available,no,540p,1.319,0.0,https://vimeo.com/487216121,
487482779,T1 Integrative Session 3 - (Video),(no folder),,1:04:17,3857,2020-12-05,disable,available,no,540p,0.449,0.0,https://vimeo.com/487482779,
488953996,Yoga Sutras of Patanjali - Module 6 - Video,(no folder),,3:11:51,11511,2020-12-09,disable,available,no,540p,1.972,0.0,https://vimeo.com/488953996,
488938757,Yoga Sutras of Patanjali Module 6 Video,(no folder),,0:00:00,0,2020-12-09,disable,uploading_error,no,none,0.0,0.0,https://vimeo.com/488938757,
489594868,Intro to Sanskrit - Module 3 (Video),(no folder),,1:52:22,6742,2020-12-10,disable,available,no,720p,0.296,0.0,https://vimeo.com/489594868,
489520560,"MBT Community Convo 2 (video), Dec 9",(no folder),,0:41:10,2470,2020-12-10,disable,available,no,540p,0.302,0.0,https://vimeo.com/489520560,
490915502,Integration-Session-4-Video,(no folder),,1:22:30,4950,2020-12-14,disable,available,no,720p,0.605,0.0,https://vimeo.com/490915502,
491250691,"YPSem: Yoga, Dreams, TLittle (12-15-20)",(no folder),,1:29:40,5380,2020-12-15,disable,available,no,540p,0.677,0.0,https://vimeo.com/491250691,
491595469,Yoga Sutras - Module 7 - Video,(no folder),,3:19:30,11970,2020-12-16,disable,available,no,540p,2.55,0.0,https://vimeo.com/491595469,
492287272,Intro to Sanskrit - Module 4 (Video),(no folder),,1:56:57,7017,2020-12-18,disable,available,no,720p,0.344,0.0,https://vimeo.com/492287272,
492483058,Yoga Sutras - Module 8 - Video,(no folder),,3:29:38,12578,2020-12-18,disable,available,no,540p,2.448,0.0,https://vimeo.com/492483058,
498052029,Shambhavi Satsang MedRes 2021,(no folder),,1:16:39,4599,2021-01-07,disable,available,no,540p,0.689,0.0,https://vimeo.com/498052029,
501035798,Intro-to-Ayurveda-Module-1,(no folder),,2:57:41,10661,2021-01-15,disable,available,no,1080p,1.09,1.09,https://vimeo.com/501035798,
503077779,Darshan - Module 1 - Video,(no folder),,1:57:34,7054,2021-01-21,disable,available,no,540p,0.729,0.0,https://vimeo.com/503077779,
503666233,Intro-to-Ayurveda-Module-2-Video,(no folder),,2:36:16,9376,2021-01-22,disable,available,no,720p,1.145,0.0,https://vimeo.com/503666233,
504511113,Integration-Session-5-Video,(no folder),,1:16:19,4579,2021-01-25,disable,available,no,720p,0.732,0.0,https://vimeo.com/504511113,
505327660,Nondual Realization Seminar (video),(no folder),,1:30:55,5455,2021-01-27,disable,available,no,540p,0.581,0.0,https://vimeo.com/505327660,
505343276,Vaishnava Bhakti - Module 1,(no folder),,1:50:01,6601,2021-01-27,disable,available,no,540p,0.5,0.0,https://vimeo.com/505343276,Vaishnava Bhakti - Module 1
505693755,Darshan - Module 2 - Video,(no folder),,1:56:36,6996,2021-01-28,disable,available,no,540p,0.623,0.0,https://vimeo.com/505693755,
505869880,Sanskrit - Level 1 - Q & A Session 1 (1st Edition),(no folder),,0:57:49,3469,2021-01-28,disable,available,no,540p,0.302,0.0,https://vimeo.com/505869880,Sanskrit Q & A_Session 1
506148582,Advaita Vedanta,(no folder),,0:00:00,0,2021-01-29,disable,uploading_error,no,none,0.0,0.0,https://vimeo.com/506148582,
506215057,C$J testing,(no folder),,0:00:00,0,2021-01-29,disable,uploading_error,no,none,0.0,0.0,https://vimeo.com/506215057,
507644474,Shamans & Siddhas - Q&A - 2-1-21,(no folder),,1:18:13,4693,2021-02-02,disable,available,no,360p,0.343,0.0,https://vimeo.com/507644474,
508127358,Vaishnava Bhakti - Module 2 (video),(no folder),,1:44:31,6271,2021-02-03,nobody,available,no,540p,0.621,0.0,https://vimeo.com/508127358,Vaishnava Bhakti - Module 2 (video)
508416986,Darshan - Module 3 - Video,(no folder),,1:59:46,7186,2021-02-04,disable,available,no,540p,0.726,0.0,https://vimeo.com/508416986,
509076437,MBT_Trimester 2_Integrative Session 1,(no folder),,1:14:27,4467,2021-02-06,nobody,available,no,540p,0.441,0.0,https://vimeo.com/509076437,MBT_Trimester 2_Integrative Session 1
510778159,Bhagavad Gita - Module 1 (video),(no folder),,1:53:06,6786,2021-02-10,nobody,available,no,540p,0.505,0.0,https://vimeo.com/510778159,Bhagavad Gita - Module 1 (video)
510527463,The Realization Process - Module 1,(no folder),,1:54:04,6844,2021-02-10,disable,available,no,540p,0.835,0.0,https://vimeo.com/510527463,
511170314,Darshan - Module 4 - Video,(no folder),,1:58:53,7133,2021-02-11,disable,available,no,540p,0.701,0.0,https://vimeo.com/511170314,
511276320,Law of Karma (video),(no folder),,1:25:55,5155,2021-02-11,disable,available,no,1080p,0.868,0.868,https://vimeo.com/511276320,
511342292,Sanskrit - Level 1 - Q&A_Session 2 (1st Edition),(no folder),,0:58:07,3487,2021-02-11,nobody,available,no,540p,0.295,0.0,https://vimeo.com/511342292,Sanskrit Q&A_Session 2
511785853,Bhagavad-Gita-Module-2-Video,(no folder),,2:13:23,8003,2021-02-12,disable,available,no,720p,0.746,0.0,https://vimeo.com/511785853,
512178052,Integration Session 6,(no folder),Yoga Philosophy,1:26:55,5215,2021-02-14,disable,available,no,540p,0.478,0.0,https://vimeo.com/512178052,13 February 2020
513476124,Bhagavad Gita - Module 3 (video),(no folder),,1:45:51,6351,2021-02-17,nobody,available,no,540p,0.507,0.0,https://vimeo.com/513476124,Bhagavad Gita - Module 3 (video)
513599430,Community Conversation Trimester 2,(no folder),,0:38:42,2322,2021-02-17,nobody,available,no,540p,0.243,0.0,https://vimeo.com/513599430,Community Conversation Trimester 2
513187207,The Realization Process 2 (Video),(no folder),,1:50:30,6630,2021-02-17,disable,available,no,540p,0.814,0.0,https://vimeo.com/513187207,
514480938,Bhagavad-GIta-Module-4,(no folder),,2:16:02,8162,2021-02-19,disable,available,no,720p,0.874,0.0,https://vimeo.com/514480938,
515896914,Nonviolent Communication_Module 1,(no folder),,1:52:39,6759,2021-02-23,disable,available,no,720p,1.341,0.0,https://vimeo.com/515896914,
515979876,The Realization Process 3,(no folder),,1:52:02,6722,2021-02-23,disable,available,no,540p,0.756,0.0,https://vimeo.com/515979876,This video is about My Movie
516284552,Roots & Branches Part 2 (Edit),(no folder),,1:56:13,6973,2021-02-24,disable,available,no,540p,0.586,0.0,https://vimeo.com/516284552,
516301793,Upanisads Module 1 Video,(no folder),,2:50:58,10258,2021-02-24,disable,available,no,540p,2.201,0.0,https://vimeo.com/516301793,
516759113,NVC_Module 2_video,(no folder),,1:54:43,6883,2021-02-25,nobody,available,no,540p,1.003,0.0,https://vimeo.com/516759113,NVC_Module 2_video
517178653,"Building Resilience Through
Mindfulness and Compassion (Seminar)",(no folder),,1:27:10,5230,2021-02-26,nobody,available,no,540p,0.558,0.0,https://vimeo.com/517178653,"Building Resilience Through
Mindfulness and Compassion (Seminar)"
517161823,Roots & Branches Part 2 Module 2 (Edit),(no folder),,2:08:27,7707,2021-02-26,disable,available,no,540p,0.662,0.0,https://vimeo.com/517161823,
518692250,Nonviolent Communication_Module 3_video,(no folder),,2:03:52,7432,2021-03-02,nobody,available,no,540p,0.964,0.0,https://vimeo.com/518692250,Nonviolent Communication_Module 3_video
519214521,Roots & Branches Part 2 - Module 3,(no folder),,2:11:30,7890,2021-03-03,disable,available,no,540p,0.666,0.0,https://vimeo.com/519214521,
519247521,The Realization Process 4 (Video),(no folder),,1:52:03,6723,2021-03-03,disable,available,no,540p,0.703,0.0,https://vimeo.com/519247521,
519158290,Upanisads - Module 2 - Video,(no folder),,2:38:26,9506,2021-03-03,disable,available,no,540p,1.989,0.0,https://vimeo.com/519158290,
519340882,Nonviolent Communication - Module 4 - (Video),(no folder),,1:58:20,7100,2021-03-04,disable,available,no,540p,1.151,0.0,https://vimeo.com/519340882,
519707685,Sanskrit - Level 1 - Q&A_Session 3 (1st Edition),(no folder),,0:57:04,3424,2021-03-04,nobody,available,no,540p,0.207,0.0,https://vimeo.com/519707685,This video is about Sanskrit Q&A_Session 3_video
520074940,Roots & Branches Part 2 (Module 4),(no folder),,2:02:26,7346,2021-03-05,disable,available,no,540p,0.575,0.0,https://vimeo.com/520074940,
520583602,Integration Session 7,(no folder),,1:16:33,4593,2021-03-07,disable,available,no,540p,0.551,0.0,https://vimeo.com/520583602,
521512586,Contemplative Therapies - Module 1 - Video),(no folder),,1:51:25,6685,2021-03-09,disable,available,no,540p,0.412,0.0,https://vimeo.com/521512586,Contemplative Therapies - Building Resilience through Mindfullness and Compassion Module 1 (video)
521944885,Siva-Sutras-Module1-Video,(no folder),,1:59:31,7171,2021-03-10,disable,available,no,720p,0.607,0.0,https://vimeo.com/521944885,
521981909,Upanisads - Module 3 - Video,(no folder),,3:01:08,10868,2021-03-10,disable,available,no,540p,2.121,0.0,https://vimeo.com/521981909,
522409429,Contemplative Therapies - Module 2 - Video,(no folder),,1:54:09,6849,2021-03-11,disable,available,no,540p,0.436,0.0,https://vimeo.com/522409429,Contemplative Therapies - Building Resilience through Mindfullness and Compassion Module 2 (video)
522592950,Seminar - Spiritual Emergency (480p),(no folder),,1:35:26,5726,2021-03-12,disable,available,no,360p,0.45,0.0,https://vimeo.com/522592950,
522600537,Spiritual-Emergency-Seminar,(no folder),,1:35:11,5711,2021-03-12,disable,available,no,720p,0.676,0.0,https://vimeo.com/522600537,10 March 2021
524311462,Contemplative Therapies: Module 3 (video),(no folder),,1:55:15,6915,2021-03-16,disable,available,no,540p,0.387,0.0,https://vimeo.com/524311462,Contemplative Therapies - Building Resilience through Mindfullness and Compassion Module 3 (video)
524375091,"MBT Integrative Session March 12, 2021",(no folder),,1:34:29,5669,2021-03-16,disable,available,no,1440p,2.359,1.678,https://vimeo.com/524375091,
525157668,Final-Project-Q&A-March-17,(no folder),Yoga Philosophy,0:39:32,2372,2021-03-17,disable,available,no,360p,0.176,0.0,https://vimeo.com/525157668,
524994043,Upanisads Module 4 Video,(no folder),,3:15:04,11704,2021-03-17,disable,available,no,540p,2.47,0.0,https://vimeo.com/524994043,
525686189,Contemplative Therapies:  4 (video),(no folder),,1:52:04,6724,2021-03-18,disable,available,no,540p,0.443,0.0,https://vimeo.com/525686189,Contemplative Therapies - Building Resilience through Mindfullness and Compassion Module 4 (video)
525865780,Siva-Sutras-Module-2-Video,(no folder),,1:49:49,6589,2021-03-18,disable,available,no,720p,0.569,0.0,https://vimeo.com/525865780,
527021965,Sanskrit Level 2_Module 1,(no folder),,1:46:40,6400,2021-03-21,disable,available,no,540p,0.383,0.0,https://vimeo.com/527021965,This video is about My Movie
528348137,GMT20210323-213644_Recording_1920x1080,(no folder),,0:00:00,0,2021-03-24,disable,uploading_error,no,none,0.0,0.0,https://vimeo.com/528348137,
528549469,Siva-Sutras-Module3-Video.mov,(no folder),Yoga Philosophy,2:08:54,7734,2021-03-24,disable,available,no,720p,0.464,0.0,https://vimeo.com/528549469,
528348882,Upanisads Module 5 Video,(no folder),,2:52:04,10324,2021-03-24,disable,available,no,540p,1.717,0.0,https://vimeo.com/528348882,
529052862,Module 1: Yoga of Intuition - Sādhanā - Accessing the Mind's Deepest Silence,(no folder),,1:37:31,5851,2021-03-25,disable,available,no,540p,0.74,0.0,https://vimeo.com/529052862,
530549339,Integration-Session-8-Video.mov,(no folder),,0:48:41,2921,2021-03-29,disable,available,no,720p,0.448,0.0,https://vimeo.com/530549339,
530406577,Sanskrit 2 Session 2 (Video),(no folder),,1:56:04,6964,2021-03-29,disable,available,no,540p,0.386,0.0,https://vimeo.com/530406577,
531382161,Upanisads Module 6 Video,(no folder),,3:01:25,10885,2021-03-31,disable,available,no,360p,1.398,0.0,https://vimeo.com/531382161,
532015863,Yoga Intuition : Module 2,(no folder),,2:04:06,7446,2021-04-01,disable,available,no,540p,0.932,0.0,https://vimeo.com/532015863,
534197740,Puranas - Module 1 - Video,(no folder),,1:58:20,7100,2021-04-07,disable,available,no,720p,0.652,0.0,https://vimeo.com/534197740,
533976365,Upanisads Module 7 (Video),(no folder),,3:00:53,10853,2021-04-07,disable,available,no,540p,1.99,0.0,https://vimeo.com/533976365,
534553389,Yoga Intuition : Module 3,(no folder),,1:59:31,7171,2021-04-08,disable,available,no,540p,1.257,0.0,https://vimeo.com/534553389,
534986165,Śākta-Tantra-Module-1.mov,(no folder),,1:58:42,7122,2021-04-09,disable,available,no,720p,0.697,0.0,https://vimeo.com/534986165,
535620961,Sanskrit 2_Module 3,(no folder),,1:46:11,6371,2021-04-11,disable,available,no,540p,0.317,0.0,https://vimeo.com/535620961,This video is about My Movie
535469268,YP Integration Session April 10 2021,(no folder),,2:06:00,7560,2021-04-11,disable,available,no,540p,0.812,0.0,https://vimeo.com/535469268,
536780723,Upanisads Module 8 (Video),(no folder),,3:02:25,10945,2021-04-14,disable,available,no,540p,2.164,0.0,https://vimeo.com/536780723,
537546222,Yoga Intuition: Module 4,(no folder),,2:10:50,7850,2021-04-16,disable,available,no,720p,1.987,0.0,https://vimeo.com/537546222,
538154556,Shakta Tantra 2 (video).mp4,(no folder),,2:11:34,7894,2021-04-17,disable,available,no,540p,0.627,0.0,https://vimeo.com/538154556,
538432076,Sanskrit 2_Module 4,(no folder),,1:45:36,6336,2021-04-18,disable,available,no,540p,0.319,0.0,https://vimeo.com/538432076,This video is about My Movie
539982781,Wisdom-Ayurveda-Module1-Video,(no folder),,2:16:51,8211,2021-04-22,disable,available,no,720p,0.567,0.0,https://vimeo.com/539982781,
540624244,Hatha Yoga M1 Video,(no folder),,1:59:26,7166,2021-04-23,disable,available,no,540p,0.486,0.0,https://vimeo.com/540624244,
541753778,EP Site - How to Navigate your Learning Dashboard,(no folder),EP's New Website,0:06:12,372,2021-04-26,disable,available,no,1080p,0.042,0.042,https://vimeo.com/541753778,
541597237,Sanskrit 2 Module 5 (Video),(no folder),,1:44:25,6265,2021-04-26,disable,available,no,540p,0.364,0.0,https://vimeo.com/541597237,
542766884,Somatic Psychotherapy with Aline LaPierre.mp4,(no folder),,1:26:36,5196,2021-04-28,disable,available,no,540p,0.429,0.0,https://vimeo.com/542766884,
542839209,test 1,(no folder),,0:00:00,0,2021-04-28,disable,uploading_error,no,none,0.0,0.0,https://vimeo.com/542839209,
542945975,In Praise of Lalitā Devī- An Introduction to the Lalitā Sahasranāma,(no folder),,0:00:00,0,2021-04-29,disable,uploading_error,no,none,0.0,0.0,https://vimeo.com/542945975,
542955318,MBT4 session 2 with Dr. Johnson,(no folder),,1:57:32,7052,2021-04-29,disable,available,no,540p,0.553,0.0,https://vimeo.com/542955318,
543774747,Integrative Seminar Trimester 3_Session 1,(no folder),,1:48:40,6520,2021-04-30,nobody,available,no,540p,0.755,0.0,https://vimeo.com/543774747,This video is about Integrative Seminar Trimester 3_Session 1
543536326,Module 2: Hatha Yoga.mp4,(no folder),,1:53:44,6824,2021-04-30,disable,available,no,540p,0.479,0.0,https://vimeo.com/543536326,
544680505,Integration Session 10 Video .mov,(no folder),,1:03:19,3799,2021-05-03,disable,available,no,720p,0.497,0.0,https://vimeo.com/544680505,
544578585,Sanskrit 2 Module 6 (Video),(no folder),,1:38:24,5904,2021-05-03,disable,available,no,540p,0.298,0.0,https://vimeo.com/544578585,
544841289,MBT4 Module 3 with Dr. Maureen Gallagher,(no folder),,1:53:30,6810,2021-05-04,disable,available,no,540p,0.607,0.0,https://vimeo.com/544841289,
545463487,Roots & Branches 3 Module 1 (Video),(no folder),,2:27:18,8838,2021-05-05,disable,available,no,540p,0.596,0.0,https://vimeo.com/545463487,
546129661,Wisdom-of-Ayurveda-Module2-Video.mov,(no folder),,2:20:54,8454,2021-05-06,disable,available,no,720p,0.527,0.0,https://vimeo.com/546129661,
546561568,Roots & Branches 3 Module 2 (Video),(no folder),,1:52:01,6721,2021-05-07,disable,available,no,540p,0.498,0.0,https://vimeo.com/546561568,
547475551,Sanskrit 2 Module 7 (Video),(no folder),,1:42:11,6131,2021-05-10,disable,available,no,540p,0.315,0.0,https://vimeo.com/547475551,
547793002,MBT4 Module 5 with Albert Wong,(no folder),,2:03:42,7422,2021-05-11,disable,available,no,540p,0.51,0.0,https://vimeo.com/547793002,
548504789,NeuroAffective Touch Module 1,(no folder),,1:57:34,7054,2021-05-12,disable,available,no,540p,0.551,0.0,https://vimeo.com/548504789,
548404959,Roots & Branches 3 Module 3 (Video),(no folder),,2:12:13,7933,2021-05-12,disable,available,no,540p,0.522,0.0,https://vimeo.com/548404959,
548278967,Yoga Philosophy and the Paradox of Embodiment Seminar,(no folder),,1:34:15,5655,2021-05-12,disable,available,no,540p,0.504,0.0,https://vimeo.com/548278967,
548987860,Wisdom-of-Ayurveda-Module3-Video.mov,(no folder),,2:46:34,9994,2021-05-13,disable,available,no,720p,0.817,0.0,https://vimeo.com/548987860,
549328606,Roots & Branches 3 Module 4 (Video),(no folder),,2:04:45,7485,2021-05-14,disable,available,no,540p,0.523,0.0,https://vimeo.com/549328606,
551442814,Sanskrit 2 Module 8 (Video),(no folder),,1:55:10,6910,2021-05-17,disable,available,no,540p,0.349,0.0,https://vimeo.com/551442814,
552266788,Intro to Hinduism - Module 1,(no folder),,1:48:51,6531,2021-05-19,disable,available,no,540p,0.471,0.0,https://vimeo.com/552266788,
552228413,NeuroAffective Touch - Module 2,(no folder),,1:40:24,6024,2021-05-19,disable,available,no,540p,0.679,0.0,https://vimeo.com/552228413,
553068299,Conference Intro,(no folder),,0:00:00,0,2021-05-20,disable,uploading_error,no,none,0.0,0.0,https://vimeo.com/553068299,
553072152,Conference Intro (smaller).mp4,(no folder),,0:01:05,65,2021-05-20,disable,available,no,1080p,0.046,0.046,https://vimeo.com/553072152,
552654647,Modern Sages 1 (video).mp4,(no folder),,1:59:59,7199,2021-05-20,disable,available,no,540p,0.519,0.0,https://vimeo.com/552654647,
553019878,Wisdom-of-Ayurveda-Module4-Video.mov,(no folder),,2:41:55,9715,2021-05-20,disable,available,no,720p,0.56,0.0,https://vimeo.com/553019878,
553320478,Yoga & Buddhism Module 1 (Video),(no folder),,2:03:29,7409,2021-05-21,disable,available,no,540p,0.881,0.0,https://vimeo.com/553320478,
553784061,Conference_Trailer_with_Images,(no folder),,0:01:05,65,2021-05-22,anybody,available,no,1080p,0.046,0.046,https://vimeo.com/553784061,
553956585,New Course Start Here Video.mp4,(no folder),,0:09:02,542,2021-05-23,disable,available,no,1080p,0.072,0.072,https://vimeo.com/553956585,
553855907,YP Integration Session #11,(no folder),,1:09:32,4172,2021-05-23,disable,available,no,540p,0.478,0.0,https://vimeo.com/553855907,
554291276,Sanskrit 2 Module 9 (Video),(no folder),,1:02:46,3766,2021-05-24,disable,available,no,540p,0.206,0.0,https://vimeo.com/554291276,
555362908,Intro to Hinduism - Module 2,(no folder),,2:04:02,7442,2021-05-26,disable,available,no,540p,0.534,0.0,https://vimeo.com/555362908,
555449287,Modern Sages 2 (video).mp4,(no folder),,2:08:54,7734,2021-05-26,disable,available,no,540p,0.441,0.0,https://vimeo.com/555449287,
555008863,NeuroAffective Touch - Module 3,(no folder),,1:37:52,5872,2021-05-26,disable,available,no,540p,0.511,0.0,https://vimeo.com/555008863,
555387942,Quarterly Members - Migrate to New Site & Refund Requests,(no folder),,0:07:51,471,2021-05-26,disable,available,no,1080p,0.053,0.053,https://vimeo.com/555387942,
555055789,Who Am I (Yoga Seminar),(no folder),,1:42:44,6164,2021-05-26,disable,available,no,720p,0.614,0.0,https://vimeo.com/555055789,
555054463,Who Am I - Webinar (Final Cut).mp4,(no folder),,0:00:00,0,2021-05-26,disable,uploading_error,no,none,0.0,0.0,https://vimeo.com/555054463,
555518851,Announcing Embodied Philosophy's New Website,(no folder),EP's New Website,0:07:20,440,2021-05-27,anybody,available,no,720p,0.126,0.0,https://vimeo.com/555518851,
555507471,Announcing Embodied Philosophy's New Website,(no folder),,0:07:27,447,2021-05-27,disable,available,no,720p,0.128,0.0,https://vimeo.com/555507471,
555901010,Wisdom-Ayurveda-Module5-Video.mov,(no folder),,2:08:56,7736,2021-05-27,disable,available,no,720p,0.595,0.0,https://vimeo.com/555901010,
556330083,GMT20210527-230659_Recording_2560x1440,(no folder),,1:59:34,7174,2021-05-28,nobody,available,no,1440p,2.336,1.723,https://vimeo.com/556330083,
556430492,MBT Integrative Seminar 2_Trimester 3,(no folder),,1:31:17,5477,2021-05-28,nobody,available,no,540p,0.639,0.0,https://vimeo.com/556430492,
556354268,The Self - Intro Video with Jacob.mp4,(no folder),,0:01:46,106,2021-05-28,anybody,available,no,720p,0.021,0.0,https://vimeo.com/556354268,
556373669,The Self - Square Intro Video with Jacob.mp4,(no folder),,0:01:46,106,2021-05-28,anybody,available,no,1080p,0.03,0.03,https://vimeo.com/556373669,
556414829,Yoga & Buddhism Module 2 (Video),(no folder),,1:55:48,6948,2021-05-28,nobody,available,no,540p,0.799,0.0,https://vimeo.com/556414829,
557452068,Eastern Origins of MBT - Module 1,(no folder),,1:35:17,5717,2021-06-01,nobody,available,no,540p,0.473,0.0,https://vimeo.com/557452068,This video is about My Movie
557803087,Embodied Philosophy - How To Access and Purchase Tarka in the New Website,(no folder),,0:04:53,293,2021-06-01,anybody,available,no,720p,0.025,0.0,https://vimeo.com/557803087,
557720999,Ways to Access Tarka on the New Site Experience,(no folder),EP's New Website,0:09:27,567,2021-06-01,anybody,available,no,720p,0.046,0.0,https://vimeo.com/557720999,
557873662,Ethical Questions Module 1 (Video),(no folder),,1:43:56,6236,2021-06-02,nobody,available,no,540p,0.499,0.0,https://vimeo.com/557873662,
557919640,Module 3: Intro to Hinduism,(no folder),,1:53:39,6819,2021-06-02,disable,available,no,540p,0.46,0.0,https://vimeo.com/557919640,
557885262,NeuroAffective Touch - Module 4,(no folder),,1:41:58,6118,2021-06-02,disable,available,no,540p,0.514,0.0,https://vimeo.com/557885262,
558428109,Eastern Origins and Technology of MBT - Module 2 (Video),(no folder),,1:46:55,6415,2021-06-03,nobody,available,no,540p,0.546,0.0,https://vimeo.com/558428109,This video is about My Movie 1
558634813,Module 6: Wisdom Ayurveda,(no folder),,2:24:52,8692,2021-06-03,disable,available,no,720p,0.653,0.0,https://vimeo.com/558634813,
560414300,Eastern Origins and Technology of MBT - Module 3 (Video),(no folder),,1:46:50,6410,2021-06-08,nobody,available,no,540p,0.555,0.0,https://vimeo.com/560414300,
560291274,The Somatic Dance Of Intuition,(no folder),,1:25:50,5150,2021-06-08,disable,available,no,540p,0.592,0.0,https://vimeo.com/560291274,
560946845,Ethical Questions Module 2 (Video),(no folder),,1:41:46,6106,2021-06-09,nobody,available,no,540p,0.453,0.0,https://vimeo.com/560946845,
561000929,Module 4: Intro to Hinduism,(no folder),,2:04:56,7496,2021-06-09,disable,available,no,540p,0.53,0.0,https://vimeo.com/561000929,
561542095,Ayurveda: Module 7,(no folder),,2:26:03,8763,2021-06-10,disable,available,no,720p,0.713,0.0,https://vimeo.com/561542095,
561191030,Eastern Origins and Technology of MBT - Module 4 (Video),(no folder),,1:17:09,4629,2021-06-10,nobody,available,no,540p,0.372,0.0,https://vimeo.com/561191030,
561528308,Immersion Q&A.mov,(no folder),,0:55:38,3338,2021-06-10,nobody,available,no,360p,0.247,0.0,https://vimeo.com/561528308,
562011430,MBT INTEGRATIVE SEMINAR,(no folder),,1:30:43,5443,2021-06-11,nobody,available,no,540p,0.625,0.0,https://vimeo.com/562011430,
562574035,Seminar: Sanskrit Chanting,(no folder),,1:24:03,5043,2021-06-14,disable,available,no,540p,0.357,0.0,https://vimeo.com/562574035,
563391769,EPTV Trailer,(no folder),,0:00:09,9,2021-06-15,anybody,available,no,1440p,0.015,0.006,https://vimeo.com/563391769,
563546286,MBT Immersion: Opening .mp4,(no folder),,1:55:47,6947,2021-06-16,nobody,available,no,540p,0.586,0.0,https://vimeo.com/563546286,
563882032,test 2,(no folder),,0:00:00,0,2021-06-16,anybody,uploading_error,no,none,0.0,0.0,https://vimeo.com/563882032,
563953608,MBT Immersion - Masterclass with Dr. Christine Caldwell (Video),(no folder),,1:31:48,5508,2021-06-17,nobody,available,no,540p,0.483,0.0,https://vimeo.com/563953608,This video is about My Movie
564458756,Ayurveda-Module8,(no folder),,0:00:00,0,2021-06-18,nobody,uploading_error,no,none,0.0,0.0,https://vimeo.com/564458756,
564464086,Ayurveda-Module8.mov,(no folder),,3:18:00,11880,2021-06-18,disable,available,no,720p,0.977,0.0,https://vimeo.com/564464086,
564468881,MBT Immersion Master Class W: Maureen.mp4,(no folder),,1:28:04,5284,2021-06-18,nobody,available,no,540p,0.554,0.0,https://vimeo.com/564468881,
564917854,MBT Immersion Master Class: Bodyfullness w/Dr. Christine Caldwell,(no folder),,1:28:57,5337,2021-06-19,disable,available,no,540p,0.416,0.0,https://vimeo.com/564917854,
565177340,MBT Immersion With Albert Wong (Video).mp4,(no folder),,1:06:55,4015,2021-06-20,nobody,available,no,540p,0.346,0.0,https://vimeo.com/565177340,
565678342,Spiritual Citizenship - Orientation,(no folder),,0:00:00,0,2021-06-21,anybody,uploading_error,no,none,0.0,0.0,https://vimeo.com/565678342,
565664349,Spiritual Citizenship - Orientation,(no folder),,0:19:06,1146,2021-06-21,anybody,available,no,720p,0.369,0.0,https://vimeo.com/565664349,
566757014,Module 1: Awakening Intuition,(no folder),,1:56:38,6998,2021-06-23,disable,available,no,540p,0.818,0.0,https://vimeo.com/566757014,
568016125,MBT Graduation & Closing Ceremony .mp4,(no folder),,1:17:41,4661,2021-06-27,nobody,available,no,540p,0.543,0.0,https://vimeo.com/568016125,
568713135,Module 2: The Somatics of Intuition,(no folder),,2:00:32,7232,2021-06-29,disable,available,no,540p,0.688,0.0,https://vimeo.com/568713135,
569910682,Final Immersion - Sunday - Group 1,(no folder),,1:25:15,5115,2021-07-01,nobody,available,no,1080p,1.262,1.262,https://vimeo.com/569910682,
569637705,YP Final Immersion - June 26 (Part 2),(no folder),,0:34:14,2054,2021-07-01,unlisted,available,no,1080p,0.527,0.527,https://vimeo.com/569637705,
569630897,YP Immersion - June 25th - Group 1,(no folder),,4:55:48,17748,2021-07-01,nobody,available,no,1080p,3.329,3.329,https://vimeo.com/569630897,
571834682,Friday Immersion - Group 2.mov,(no folder),,4:06:09,14769,2021-07-06,nobody,available,no,720p,1.32,0.0,https://vimeo.com/571834682,
571709561,Spiritual Citizenship - Live Conference Orientation,(no folder),,0:00:00,0,2021-07-06,anybody,uploading_error,no,none,0.0,0.0,https://vimeo.com/571709561,
571833078,Thursday Immersion - Keynotes.mov,(no folder),,2:24:50,8690,2021-07-06,nobody,available,no,720p,1.423,0.0,https://vimeo.com/571833078,
571893515,SCC - Moderator Prep Meeting,(no folder),,0:49:26,2966,2021-07-07,unlisted,available,no,1080p,0.391,0.391,https://vimeo.com/571893515,
572259221,Spiritual Citizenship - Live Conference Orientation 2,(no folder),,0:00:00,0,2021-07-07,anybody,uploading_error,no,none,0.0,0.0,https://vimeo.com/572259221,
573002797,Sanskrit - Level 1 - Q&A #1,(no folder),,0:49:10,2950,2021-07-09,disable,available,no,540p,0.419,0.0,https://vimeo.com/573002797,
572866711,Saturday-group2.mov,(no folder),,4:12:22,15142,2021-07-09,nobody,available,no,1440p,3.778,2.871,https://vimeo.com/572866711,
573141979,Sunday - Immersion - Group 2 & Closing Ceremony.mov,(no folder),,4:48:41,17321,2021-07-09,nobody,available,no,720p,2.588,0.0,https://vimeo.com/573141979,
574141702,SCC-Ramdas Lamb.m4v,(no folder),,0:51:36,3096,2021-07-12,password,available,no,1080p,0.576,0.576,https://vimeo.com/574141702,
574098201,Spiritual Citizenship - Opening Orientation,(no folder),,0:49:40,2980,2021-07-12,disable,available,no,720p,0.921,0.0,https://vimeo.com/574098201,
574060755,YP Final Immersion - Group 1 - Saturday (Part 1),(no folder),,1:42:01,6121,2021-07-12,nobody,available,no,1080p,1.199,1.199,https://vimeo.com/574060755,
574527775,Module 3: The Somatics of Intuition,(no folder),,1:56:46,7006,2021-07-13,disable,available,no,540p,0.647,0.0,https://vimeo.com/574527775,
574479582,Spiritual Citizenship - Live Conference,(no folder),,1:07:57,4077,2021-07-13,disable,available,no,720p,1.39,0.0,https://vimeo.com/574479582,
575078655,EPTV-Andrew Harvey.m4v,(no folder),,1:01:26,3686,2021-07-14,disable,available,no,1080p,1.343,1.343,https://vimeo.com/575078655,
574737157,Forgive For Good – Guided Practices to Forgiveness,(no folder),,1:25:01,5101,2021-07-14,disable,available,no,540p,0.666,0.0,https://vimeo.com/574737157,
575093192,Spiritual Citizenship - Live Conference,(no folder),,1:38:38,5918,2021-07-14,disable,available,no,720p,2.035,0.0,https://vimeo.com/575093192,
575029066,Spiritual Citizenship - Live Conference,(no folder),,1:27:23,5243,2021-07-14,disable,available,no,720p,1.81,0.0,https://vimeo.com/575029066,
575274541,SCC Workshop 2,(no folder),,0:00:00,0,2021-07-15,nobody,uploading_error,no,none,0.0,0.0,https://vimeo.com/575274541,
575558509,Spiritual Citizenship - Cornel West,(no folder),,1:17:28,4648,2021-07-15,disable,available,no,720p,1.591,0.0,https://vimeo.com/575558509,
575275864,"The Path to Equity- Yoga, Anti-racism & Action",(no folder),,2:55:29,10529,2021-07-15,disable,available,no,540p,1.084,0.0,https://vimeo.com/575275864,
575962352,EPTV-CornelWest.m4v,(no folder),,1:15:10,4510,2021-07-16,disable,available,no,1080p,2.286,2.286,https://vimeo.com/575962352,
575944066,SCC Workshop - Embodying Anti-Racism as a White Person,(no folder),,2:35:33,9333,2021-07-16,disable,available,no,540p,0.774,0.0,https://vimeo.com/575944066,"Embodying Anti-Racism as a White Person: The Inner & Outer Work of Dismantling White Supremacy with Beth Berila, Ph.D."
575990018,Spiritual Citizenship - Live Conference,(no folder),,1:08:12,4092,2021-07-16,disable,available,no,720p,1.219,0.0,https://vimeo.com/575990018,
575941636,Spiritual Citizenship - Live Conference,(no folder),,2:00:37,7237,2021-07-16,disable,available,no,720p,2.493,0.0,https://vimeo.com/575941636,
576240662,SCC Workshop - Co-Creating Paradise,(no folder),,2:57:56,10676,2021-07-17,disable,available,no,540p,1.421,0.0,https://vimeo.com/576240662,
576268324,Spiritual Citizenship - Live Conference,(no folder),,1:29:59,5399,2021-07-17,disable,available,no,720p,1.863,0.0,https://vimeo.com/576268324,
576237300,Spiritual Citizenship - Live Conference,(no folder),,1:47:47,6467,2021-07-17,disable,available,no,720p,2.232,0.0,https://vimeo.com/576237300,
576453758,SCC Workshop - The Act of Listening w/Faith Johnson,(no folder),,1:36:14,5774,2021-07-18,disable,available,no,540p,0.566,0.0,https://vimeo.com/576453758,
576510778,Spiritual Citizenship - Live Conference,(no folder),,0:00:00,0,2021-07-18,disable,uploading_error,no,none,0.0,0.0,https://vimeo.com/576510778,
576479945,Spiritual Citizenship - Live Conference,(no folder),,1:37:18,5838,2021-07-18,disable,available,no,720p,2.015,0.0,https://vimeo.com/576479945,
576452391,Spiritual Citizenship - Live Conference,(no folder),,1:01:07,3667,2021-07-18,disable,available,no,720p,1.265,0.0,https://vimeo.com/576452391,
576958650,Module 4: The Somatics of Intuition,(no folder),,1:58:40,7120,2021-07-19,disable,available,no,540p,0.669,0.0,https://vimeo.com/576958650,
576644650,SCC Workshop - Sacred Feminism with Alka Arora,(no folder),,1:56:22,6982,2021-07-19,disable,available,no,540p,0.72,0.0,https://vimeo.com/576644650,
578464745,Module 1: Embodied Erotics,(no folder),,1:48:05,6485,2021-07-23,disable,available,no,540p,0.989,0.0,https://vimeo.com/578464745,
578641251,YGB DAY for EP Final,(no folder),,0:39:51,2391,2021-07-23,disable,available,no,1080p,1.334,1.334,https://vimeo.com/578641251,
579812253,Module 1 Decolonial Yoga,(no folder),,1:47:53,6473,2021-07-27,disable,available,no,540p,0.686,0.0,https://vimeo.com/579812253,
581331195,Module 2: Embodied Erotics,(no folder),,1:58:34,7114,2021-07-30,disable,available,no,540p,1.007,0.0,https://vimeo.com/581331195,
581047075,Sanskrit - Level 1 - Q&A #2,(no folder),,0:52:26,3146,2021-07-30,disable,available,no,540p,0.432,0.0,https://vimeo.com/581047075,
582517496,Module 2 Decolonial Yoga,(no folder),,2:08:18,7698,2021-08-03,disable,available,no,540p,0.772,0.0,https://vimeo.com/582517496,
583220238,Seminar: Tibetan Book of the Dead,(no folder),,1:56:29,6989,2021-08-05,disable,available,no,540p,1.072,0.0,https://vimeo.com/583220238,
583932396,Module 3: Embodied Erotics,(no folder),,1:59:18,7158,2021-08-06,disable,available,no,540p,1.241,0.0,https://vimeo.com/583932396,
585292942,Module 3 Decolonial Yoga,(no folder),,2:22:07,8527,2021-08-10,disable,available,no,540p,0.681,0.0,https://vimeo.com/585292942,
586909720,Module 4 Embodied Erotics,(no folder),,2:03:07,7387,2021-08-13,disable,available,no,540p,0.904,0.0,https://vimeo.com/586909720,
586647576,Sanskrit - Level 1 -  Q&A #3,(no folder),,1:00:44,3644,2021-08-13,disable,available,no,540p,0.481,0.0,https://vimeo.com/586647576,
588852746,Module 4: Decolonial Yoga,(no folder),,2:35:39,9339,2021-08-18,disable,available,no,540p,0.777,0.0,https://vimeo.com/588852746,
589185020,Module 1: The Bardo Teachings,(no folder),,2:20:18,8418,2021-08-19,disable,available,no,540p,1.12,0.0,https://vimeo.com/589185020,
592360144,YP Faculty Meeting,(no folder),,0:56:36,3396,2021-08-25,nobody,available,no,720p,0.6,0.0,https://vimeo.com/592360144,
592513319,Webinar: Why Study MBT Q&A,(no folder),,1:25:19,5119,2021-08-26,disable,available,no,540p,0.547,0.0,https://vimeo.com/592513319,
592985478,Why-Get-Certified-2021 .mp4,(no folder),,1:26:20,5180,2021-08-26,disable,available,no,720p,0.452,0.0,https://vimeo.com/592985478,
596630229,Module 2: The Bardo Teachings,(no folder),,2:36:06,9366,2021-09-02,disable,available,no,540p,0.884,0.0,https://vimeo.com/596630229,
600539332,Yoga Philosophy Faculty Q&A,(no folder),,1:28:03,5283,2021-09-08,disable,available,no,540p,0.436,0.0,https://vimeo.com/600539332,
600719709,MBT Webinar-Meet The Faculty,(no folder),,1:28:24,5304,2021-09-09,disable,available,no,540p,0.608,0.0,https://vimeo.com/600719709,
600744476,Module 3: The Bardo Teachings,(no folder),,2:29:19,8959,2021-09-09,disable,available,no,540p,0.862,0.0,https://vimeo.com/600744476,
601555027,Sanskrit - Level 2 -  Q&A: #4,(no folder),,0:51:50,3110,2021-09-10,disable,available,no,540p,0.416,0.0,https://vimeo.com/601555027,
606546381,Module 4: The Bardo Teachings,(no folder),,2:30:37,9037,2021-09-16,disable,available,no,540p,1.273,0.0,https://vimeo.com/606546381,
609470782,YP Orientation 2021,(no folder),,1:43:58,6238,2021-09-20,disable,available,no,540p,0.595,0.0,https://vimeo.com/609470782,
617510399,Polyvagal Theory & Yoga Therapy Seminar,(no folder),,1:28:10,5290,2021-09-29,disable,available,no,540p,0.363,0.0,https://vimeo.com/617510399,
618633755,Module 1: Path of the Heart,(no folder),,1:56:21,6981,2021-09-30,disable,available,no,540p,1.362,0.0,https://vimeo.com/618633755,
619602404,Sanskrit - Level 2 - Q&A #5,(no folder),,0:50:13,3013,2021-10-01,disable,available,no,540p,0.398,0.0,https://vimeo.com/619602404,
624851464,Sound Medicine,(no folder),,0:02:12,132,2021-10-06,disable,available,no,720p,0.031,0.0,https://vimeo.com/624851464,
625293218,Module 1 Polyvagal Theory.mp4,(no folder),,1:42:06,6126,2021-10-07,disable,available,no,540p,0.568,0.0,https://vimeo.com/625293218,
625170832,Module 2: Path of the Heart,(no folder),,2:10:52,7852,2021-10-07,disable,available,no,540p,1.082,0.0,https://vimeo.com/625170832,
630227836,Module 1: Indigenous Wisdom,(no folder),,1:50:46,6646,2021-10-12,disable,available,no,540p,1.113,0.0,https://vimeo.com/630227836,
631459474,Chakra Mantra Meditation,(no folder),,0:09:05,545,2021-10-13,disable,available,no,1080p,0.199,0.199,https://vimeo.com/631459474,"Dr. Kulreet Chaudhary, neurologist and Ayurvedic practitioner, discusses how to start a meditation practice, and teaches you some basics to help you on your way. She lays out the three simple steps to consider before you start a meditation practice — including your space, clothing and position — and how long a session should last. Dr. Chaudhary also describes some of the different types of meditation, and she even demonstrates how to do a chakra mantra meditation. Finally, she shares what you ca"
631243254,The Benefits of a Meditation Practice,(no folder),,0:10:12,612,2021-10-13,disable,available,no,1080p,0.272,0.272,https://vimeo.com/631243254,
631760122,Module #2: Polyvagal Theory,(no folder),,1:57:22,7042,2021-10-14,disable,available,no,540p,0.743,0.0,https://vimeo.com/631760122,
631728171,Module 2: Indigenous Wisdom,(no folder),,1:48:16,6496,2021-10-14,disable,available,no,540p,1.146,0.0,https://vimeo.com/631728171,
631663386,Module 3: Path of the Heart,(no folder),,2:14:50,8090,2021-10-14,disable,available,no,540p,1.138,0.0,https://vimeo.com/631663386,
632594356,Sanskrit - Level 2 - Q&A #6,(no folder),,1:00:50,3650,2021-10-15,disable,available,no,540p,0.462,0.0,https://vimeo.com/632594356,
636005724,Module 3: Indigenous Wisdom,(no folder),,1:42:26,6146,2021-10-19,disable,available,no,540p,0.906,0.0,https://vimeo.com/636005724,
637215948,Module 1: Sound Medicine,(no folder),,1:57:39,7059,2021-10-20,disable,available,no,540p,0.615,0.0,https://vimeo.com/637215948,
637331048,Module 3: Polyvagal Theory,(no folder),,2:06:27,7587,2021-10-21,disable,available,no,540p,0.847,0.0,https://vimeo.com/637331048,
637325016,Module 4: Indigenous Wisdom,(no folder),,1:48:05,6485,2021-10-21,disable,available,no,540p,0.841,0.0,https://vimeo.com/637325016,
637345381,Module 4: Path of the Heart,(no folder),,2:08:09,7689,2021-10-21,disable,available,no,540p,1.108,0.0,https://vimeo.com/637345381,
639413087,Module 2: Sound Medicine,(no folder),,1:55:03,6903,2021-10-27,disable,available,no,540p,0.544,0.0,https://vimeo.com/639413087,
639816932,Module #4: Polyvagal Theory,(no folder),,1:59:05,7145,2021-10-28,disable,available,no,540p,0.647,0.0,https://vimeo.com/639816932,
640225703,Post-Trauma Growth: MindBody Work for Transitioning through Trauma,(no folder),,1:26:47,5207,2021-10-29,disable,available,no,540p,0.663,0.0,https://vimeo.com/640225703,
641191424,Contemporary_Somatic_Psychology_-_Q_A_2_video_,(no folder),,1:00:51,3651,2021-11-01,nobody,available,no,360p,0.222,0.0,https://vimeo.com/641191424,
641664378,Living with Trauma Seminar with Donnalea,(no folder),,0:49:27,2967,2021-11-02,disable,available,no,540p,0.369,0.0,https://vimeo.com/641664378,
641803434,Module 3: Sound Medicine,(no folder),,1:56:44,7004,2021-11-03,disable,available,no,540p,0.611,0.0,https://vimeo.com/641803434,
642569827,Mentor Info Session.mp4,(no folder),,0:20:23,1223,2021-11-05,disable,available,no,1080p,0.092,0.092,https://vimeo.com/642569827,
643418445,Module 1: Sanskrit Level 3,(no folder),,1:20:51,4851,2021-11-08,disable,available,no,540p,0.415,0.0,https://vimeo.com/643418445,
643756209,Interview: Steven Hoskinson,(no folder),,0:27:13,1633,2021-11-09,disable,available,no,540p,0.275,0.0,https://vimeo.com/643756209,
644231556,Module 4: Sound Medicine,(no folder),,2:01:45,7305,2021-11-10,disable,available,no,540p,0.517,0.0,https://vimeo.com/644231556,
645072759,Module 1: Organic Intelligence: Post-Trauma Growth,(no folder),,1:52:03,6723,2021-11-12,disable,available,no,540p,0.911,0.0,https://vimeo.com/645072759,
645959778,Module 2: Sanskrit Level 3,(no folder),,1:27:32,5252,2021-11-15,disable,available,no,540p,0.346,0.0,https://vimeo.com/645959778,
646596135,Radical Regeneration Module 1,(no folder),,2:04:18,7458,2021-11-16,disable,available,no,540p,1.137,0.0,https://vimeo.com/646596135,
647629206,Module 2: Organic Intelligence: Post-Trauma Growth,(no folder),,1:56:11,6971,2021-11-19,disable,available,no,540p,0.806,0.0,https://vimeo.com/647629206,
648224796,Session 3: November 20th,(no folder),,1:26:11,5171,2021-11-21,disable,available,no,540p,0.569,0.0,https://vimeo.com/648224796,
648452213,Module #3: Sanskrit Level 3,(no folder),,1:31:32,5492,2021-11-22,disable,available,no,540p,0.351,0.0,https://vimeo.com/648452213,
649171938,Radical Regeneration Module 2,(no folder),,1:59:38,7178,2021-11-23,disable,available,no,540p,1.26,0.0,https://vimeo.com/649171938,
651656957,Radical Regeneration Module 3,(no folder),,2:06:00,7560,2021-11-30,disable,available,no,540p,1.293,0.0,https://vimeo.com/651656957,
652759586,Module 3: Organic Intelligence: Post-Trauma Growth,(no folder),,1:57:29,7049,2021-12-03,disable,available,no,540p,1.012,0.0,https://vimeo.com/652759586,
653620308,Module 4: Sanskrit Level 3,(no folder),,1:30:14,5414,2021-12-06,disable,available,no,540p,0.294,0.0,https://vimeo.com/653620308,
654231568,Radical Regeneration Module 4,(no folder),,2:02:24,7344,2021-12-07,disable,available,no,540p,1.214,0.0,https://vimeo.com/654231568,
655555372,Module 4: Organic Intelligence: Post-Trauma Growth,(no folder),,1:47:57,6477,2021-12-11,disable,available,no,540p,0.9,0.0,https://vimeo.com/655555372,
656053954,Sanskrit Level 3: Mod 5,(no folder),,1:18:31,4711,2021-12-13,disable,available,no,540p,0.264,0.0,https://vimeo.com/656053954,
657711051,Module 5: Organic Intelligence: Post-Trauma Growth,(no folder),,1:57:02,7022,2021-12-17,disable,available,no,540p,0.88,0.0,https://vimeo.com/657711051,
658472105,Sanskrit Level 3: Module 6,(no folder),,1:02:40,3760,2021-12-20,disable,available,no,540p,0.2,0.0,https://vimeo.com/658472105,
663053075,"Yoga of Sound Seminar - January 5, 2021.mp4",(no folder),,1:46:05,6365,2022-01-06,nobody,available,no,1080p,1.829,1.829,https://vimeo.com/663053075,
664322475,Sanskrit L3- M7.mp4,(no folder),,1:41:44,6104,2022-01-10,disable,available,no,540p,0.35,0.0,https://vimeo.com/664322475,
665871707,Module 1: Moving Intelligence,(no folder),,1:52:20,6740,2022-01-14,disable,available,no,540p,0.613,0.0,https://vimeo.com/665871707,
666641841,Module #8: Sanskrit Level 3,(no folder),,1:21:57,4917,2022-01-17,disable,available,no,540p,0.259,0.0,https://vimeo.com/666641841,
668522893,Glorious Alchemy: Module #1,(no folder),,2:41:30,9690,2022-01-21,disable,available,no,540p,1.425,0.0,https://vimeo.com/668522893,
668483437,Module 2: Moving Intelligence,(no folder),,1:59:59,7199,2022-01-21,disable,available,no,480p,0.587,0.0,https://vimeo.com/668483437,
669297565,Sanskrit Level 3: Module #9,(no folder),,1:34:17,5657,2022-01-24,disable,available,no,540p,0.308,0.0,https://vimeo.com/669297565,
670512268,Toward (an) Antiracist Embodiment: Connecting Spiritual Formation With Racial Identity,(no folder),,1:26:05,5165,2022-01-27,disable,available,no,480p,0.426,0.0,https://vimeo.com/670512268,
670984497,Module 3: Moving Intelligence,(no folder),,1:59:40,7180,2022-01-28,disable,available,no,480p,0.671,0.0,https://vimeo.com/670984497,
671079889,The Glorious Alchemy: Module #2,(no folder),,2:31:38,9098,2022-01-28,disable,available,no,540p,1.009,0.0,https://vimeo.com/671079889,
673519283,Module #3: The Glorious Alchemy,(no folder),,2:44:30,9870,2022-02-04,disable,available,no,540p,1.061,0.0,https://vimeo.com/673519283,
673712338,Module 3: Somatic Practitioner Skills Two Demo (Steve),(no folder),,0:10:14,614,2022-02-04,disable,available,no,480p,0.041,0.0,https://vimeo.com/673712338,
673447716,Module 4: Moving Intelligence,(no folder),,1:59:37,7177,2022-02-04,disable,available,no,480p,0.645,0.0,https://vimeo.com/673447716,
673444051,Module 4: Somatic Practitioner Skills Two Demo (Rachel),(no folder),,0:18:56,1136,2022-02-04,disable,available,no,480p,0.072,0.0,https://vimeo.com/673444051,
674912488,Body Theology with Michelle Voss Roberts (Radical Theology),(no folder),,1:07:46,4066,2022-02-08,disable,available,no,720p,0.873,0.0,https://vimeo.com/674912488,
674875031,Body Theology with Michelle Voss Roberts (Radical Theology),(no folder),,1:08:43,4123,2022-02-08,disable,available,no,720p,0.875,0.0,https://vimeo.com/674875031,
676155983,Been in the Struggle: Module 1,(no folder),,1:47:26,6446,2022-02-11,disable,available,no,540p,0.86,0.0,https://vimeo.com/676155983,
676150701,Module #4 Glorious Alchemy,(no folder),,2:27:33,8853,2022-02-11,disable,available,no,540p,1.258,0.0,https://vimeo.com/676150701,
678352412,intro_mary,(no folder),,0:00:17,17,2022-02-16,nobody,available,no,1440p,0.006,0.004,https://vimeo.com/678352412,
678354536,intro_mary.mov,(no folder),,0:00:17,17,2022-02-16,nobody,available,no,1440p,0.006,0.004,https://vimeo.com/678354536,
678320695,LOGO_V3_ProRes4444,(no folder),,0:00:11,11,2022-02-16,nobody,available,no,1440p,0.004,0.003,https://vimeo.com/678320695,
678582775,My Movie,(no folder),,0:00:00,0,2022-02-17,nobody,uploading_error,no,none,0.0,0.0,https://vimeo.com/678582775,This video is about My Movie
679032018,Been in the Struggle: Module 2,(no folder),,1:51:08,6668,2022-02-18,disable,available,no,540p,0.992,0.0,https://vimeo.com/679032018,
681730354,Been in the Struggle: Module 3,(no folder),,1:50:27,6627,2022-02-25,disable,available,no,540p,0.98,0.0,https://vimeo.com/681730354,
683153490,"Yoga Seminar: Ganesha, Grounding and Yogic Storytelling.mp4",(no folder),,1:23:34,5014,2022-03-01,disable,available,no,540p,0.392,0.0,https://vimeo.com/683153490,
683848263,Shakti Mini-Training Pt 1- Sarasvati (unedited),(no folder),,0:14:22,862,2022-03-02,nobody,available,no,1080p,0.605,0.605,https://vimeo.com/683848263,
684726641,Been in the Struggle: Module 4,(no folder),,1:57:20,7040,2022-03-04,disable,available,no,540p,1.011,0.0,https://vimeo.com/684726641,
686785005,Final-Project-QA-2022,(no folder),,0:56:31,3391,2022-03-10,disable,available,no,360p,0.313,0.0,https://vimeo.com/686785005,
688280460,Module #1: Yoga Stories of Ancient India,(no folder),,1:22:58,4978,2022-03-15,disable,available,no,540p,0.403,0.0,https://vimeo.com/688280460,
690789377,Module #2: Yoga Stories of Ancient India,(no folder),,1:27:17,5237,2022-03-22,disable,available,no,540p,0.432,0.0,https://vimeo.com/690789377,
690784262,Yoga Stories Module 2,(no folder),,1:27:17,5237,2022-03-22,nobody,available,no,540p,0.432,0.0,https://vimeo.com/690784262,
691689190,Non Violence as a Spiritual Practise.mp4,(no folder),,1:30:02,5402,2022-03-24,disable,available,no,540p,0.41,0.0,https://vimeo.com/691689190,
693458701,Module #3: Yoga Stories of Ancient India,(no folder),,1:29:56,5396,2022-03-29,disable,available,no,540p,0.447,0.0,https://vimeo.com/693458701,
696036333,Module #4: Yoga Stories of Ancient India,(no folder),,1:29:26,5366,2022-04-05,disable,available,no,540p,0.49,0.0,https://vimeo.com/696036333,
696859902,Module 1: Ahiṃsā,(no folder),,1:29:37,5377,2022-04-07,disable,available,no,540p,0.416,0.0,https://vimeo.com/696859902,
698848173,[LONG] Summer Somatics Immersion Overview,(no folder),,0:08:31,511,2022-04-13,disable,available,no,1080p,0.137,0.137,https://vimeo.com/698848173,
699284899,Module 2: Ahiṃsā,(no folder),,1:29:56,5396,2022-04-14,disable,available,no,540p,0.36,0.0,https://vimeo.com/699284899,
699651322,Embodying Emotions,(no folder),,1:18:58,4738,2022-04-15,disable,available,no,540p,0.423,0.0,https://vimeo.com/699651322,
701803872,Module 3: Ahiṃsā,(no folder),,1:28:09,5289,2022-04-21,disable,available,no,540p,0.347,0.0,https://vimeo.com/701803872,
702411243,[no intro music] Summer Immersion Sales Video,(no folder),,0:01:38,98,2022-04-23,disable,available,no,720p,0.019,0.0,https://vimeo.com/702411243,
702411084,[no music] Summer Immersion Sales Video,(no folder),,0:01:38,98,2022-04-23,disable,available,no,720p,0.019,0.0,https://vimeo.com/702411084,
702410903,"MindBody Therapy 
Summer Somatics Immersion",(no folder),,0:01:38,98,2022-04-23,anybody,available,no,720p,0.019,0.0,https://vimeo.com/702410903,
703972323,Module 4: Ahiṃsā,(no folder),,1:43:20,6200,2022-04-28,disable,available,no,540p,0.515,0.0,https://vimeo.com/703972323,
704453456,Module 1: Integral Somatic Psychology,(no folder),,1:29:57,5397,2022-04-29,unlisted,available,no,540p,0.51,0.0,https://vimeo.com/704453456,
705055324,Integration session #10,(no folder),,0:00:00,0,2022-05-01,nobody,uploading,no,none,0.0,0.0,https://vimeo.com/705055324,
706786627,Module 2: Integral Somatic Psychology,(no folder),,1:25:38,5138,2022-05-06,unlisted,available,no,540p,0.622,0.0,https://vimeo.com/706786627,
708928943,Ram & Sita: An Epic Breakup Story,(no folder),,1:24:42,5082,2022-05-12,disable,available,no,540p,0.467,0.0,https://vimeo.com/708928943,
709373688,Module 3: Integral Somatic Psychology,(no folder),,1:23:57,5037,2022-05-13,disable,available,no,540p,0.634,0.0,https://vimeo.com/709373688,
711712087,Final-Project-QnA-5-18-22.mov,(no folder),,0:13:53,833,2022-05-19,disable,available,no,360p,0.075,0.0,https://vimeo.com/711712087,
713527321,A Soulfulness Approach to MindBody Practice,(no folder),,1:25:05,5105,2022-05-25,disable,available,no,480p,0.281,0.0,https://vimeo.com/713527321,
713957403,Module 1: Ramayana 101,(no folder),,1:41:36,6096,2022-05-26,disable,available,no,540p,0.632,0.0,https://vimeo.com/713957403,
714342507,Module 4: Integral Somatic Psychology,(no folder),,1:29:24,5364,2022-05-27,disable,available,no,540p,0.472,0.0,https://vimeo.com/714342507,
716273650,Module 2: Ramayana 101,(no folder),,1:42:52,6172,2022-06-02,disable,available,no,540p,0.746,0.0,https://vimeo.com/716273650,
717180324,Immersion Q&A,(no folder),,0:24:10,1450,2022-06-05,disable,available,no,720p,0.286,0.0,https://vimeo.com/717180324,
718657365,Module #1 Soulfulness .mp4,(no folder),,1:23:33,5013,2022-06-09,disable,available,no,540p,0.393,0.0,https://vimeo.com/718657365,
718624302,Module 3: Ramayana 101,(no folder),,1:29:57,5397,2022-06-09,disable,available,no,540p,0.627,0.0,https://vimeo.com/718624302,
720379920,Embody Your Vision Workshop,(no folder),,0:21:15,1275,2022-06-14,disable,available,no,480p,0.093,0.0,https://vimeo.com/720379920,
720372674,Scope of Practice Masterclass,(no folder),,1:10:10,4210,2022-06-14,disable,available,no,480p,0.295,0.0,https://vimeo.com/720372674,
720508536,Seminar: Bliss & Yoga Philosophy,(no folder),,1:24:39,5079,2022-06-15,disable,available,no,720p,1.004,0.0,https://vimeo.com/720508536,
721006076,Module #2: Soulfulness,(no folder),,1:28:37,5317,2022-06-16,disable,available,no,540p,0.399,0.0,https://vimeo.com/721006076,
720906413,Module 4: Ramayana 101,(no folder),,1:22:47,4967,2022-06-16,disable,available,no,540p,0.494,0.0,https://vimeo.com/720906413,
720899978,Restoring Our Lifeforce Masterclass,(no folder),,1:29:27,5367,2022-06-16,disable,available,no,480p,0.48,0.0,https://vimeo.com/720899978,
721188950,Working with Dreams Masterclass,(no folder),,1:31:11,5471,2022-06-16,disable,available,no,480p,0.355,0.0,https://vimeo.com/721188950,
721886608,Moving Toward a More Embodied Culture Masterclass,(no folder),,1:14:09,4449,2022-06-19,disable,available,no,540p,0.369,0.0,https://vimeo.com/721886608,
722280581,Touch Skills Masterclass,(no folder),,1:19:43,4783,2022-06-20,disable,available,no,480p,0.304,0.0,https://vimeo.com/722280581,
722298955,Writing as a Contemplative Practice,(no folder),,0:49:18,2958,2022-06-20,disable,available,no,480p,0.276,0.0,https://vimeo.com/722298955,
723155943,Class Four - The Reconciliation of Samsara and Nirvana FINAL,(no folder),,1:13:11,4391,2022-06-22,disable,available,no,1080p,0.677,0.677,https://vimeo.com/723155943,
723156805,Class One - The Bodhisattva in Training FINAL,(no folder),,1:36:58,5818,2022-06-22,disable,available,no,1080p,0.97,0.97,https://vimeo.com/723156805,
723158304,Class Three - Patience Effort and the Paramitas FINAL,(no folder),,1:18:34,4714,2022-06-22,disable,available,no,1080p,0.746,0.746,https://vimeo.com/723158304,
723155060,Class Two - The Vow FINAL.mp4,(no folder),,0:56:19,3379,2022-06-22,disable,available,no,1080p,0.56,0.56,https://vimeo.com/723155060,
723326850,Module #3: Soulfulness,(no folder),,1:28:14,5294,2022-06-23,disable,available,no,540p,0.375,0.0,https://vimeo.com/723326850,
725156532,Compassionate Conflict Seminar,(no folder),,1:23:21,5001,2022-06-29,disable,available,no,720p,0.616,0.0,https://vimeo.com/725156532,
725339782,Kim + LeTonia Interview,(no folder),,0:35:42,2142,2022-06-29,disable,available,no,720p,0.321,0.0,https://vimeo.com/725339782,
725601492,Module #4: Soulfulness,(no folder),,1:40:10,6010,2022-06-30,disable,available,no,540p,0.492,0.0,https://vimeo.com/725601492,
725888436,Module 1: Happiness (Ānanda) in the Bhagavadgītā,(no folder),,1:34:17,5657,2022-07-01,disable,available,no,540p,0.735,0.0,https://vimeo.com/725888436,
727514146,Untitled event - 2022-07-06 22:28:17,(no folder),,0:00:00,0,2022-07-06,nobody,uploading_error,no,none,0.0,0.0,https://vimeo.com/727514146,
728271341,Module 2: Happiness (Ānanda) in the Bhagavadgītā,(no folder),,1:31:04,5464,2022-07-08,disable,available,no,540p,1.005,0.0,https://vimeo.com/728271341,
728630019,Heart Connections Module 1a,(no folder),,1:10:08,4208,2022-07-10,disable,available,no,720p,0.549,0.0,https://vimeo.com/728630019,
728645953,Heart Connections Module 1b,(no folder),,1:19:30,4770,2022-07-10,disable,available,no,720p,0.803,0.0,https://vimeo.com/728645953,
728882181,Ha-Tha Yoga: BONUS 15min,(no folder),,0:15:10,910,2022-07-11,nobody,available,no,1080p,0.276,0.276,https://vimeo.com/728882181,"The Ha and Tha of Yoga
Learn effective means for balancing the nervous system through skillfully executed breath and movement. Expanding, condensing, and yielding—creating restful alertness in body and mind. Simple and good."
728877989,LETS PRACTICE 1HR Emb.Phil.mp4,(no folder),,1:04:21,3861,2022-07-11,nobody,available,no,1080p,1.252,1.252,https://vimeo.com/728877989,"Let's Practice — Unified Whole Body Movement
(1 hour)
Putting it all together — weaving deep inquiry into asana practice. Use breath and movement to actively relate to earth and to explore the unified fluidity of the inner world. Weave consciousness and form into a satisfying experience of your humanity and your radiance."
728864079,MOVING FROM GUT 30min.mp4,(no folder),,0:35:02,2102,2022-07-11,nobody,available,no,1080p,0.746,0.746,https://vimeo.com/728864079,"Moving from Your Gut
(35 minutes)
Get to know the intelligence and power of your gut! Explore consciousness and movement from this beautiful central hub. Feel the extraordinary qualities of your gut's largest organ, the mesentery. Move, breathe, and explore."
728869094,SPINAL CORE 1HR.mp4,(no folder),,1:00:12,3612,2022-07-11,nobody,available,no,1080p,1.254,1.254,https://vimeo.com/728869094,"Moving from a Spacious Spine
(1 hour)
Exploring our spines from the perspective of space brings insight into consciousness, movement, and structure. Open a new window into inhabiting core. Discover ways to relieve structural compression and to increase ease and comfort on all levels."
728866529,SPIRALIC HEART AND LUNGS  IN MOVEMENT (31 min).mp4,(no folder),,0:31:46,1906,2022-07-11,nobody,available,no,1080p,0.669,0.669,https://vimeo.com/728866529,"Embodying Heart and Lungs in Movement
(31 minutes)
Learn to open your heart through softening and resting it into the support of the moving lungs. Discover freedom and ease in heart and lungs as we move and breathe together."
728862776,YOGA INTERLUDE 15min.mp4,(no folder),,0:14:15,855,2022-07-11,nobody,available,no,1080p,0.331,0.331,https://vimeo.com/728862776,"Yoga Interlude — Breathe and Move
(15 minutes)
Cellular breathing,  simple movement, and sweet release. Take a break from fragmentary thinking and return what is important and real. Release tension and grasping through breath, movement, and deeply attentive awareness."
728860581,YOGA INTERLUDE 15min.mp4,(no folder),,0:14:15,855,2022-07-11,nobody,available,no,1080p,0.331,0.331,https://vimeo.com/728860581,"Yoga Interlude — Breathe and Move
(15 minutes)
Cellular breathing,  simple movement, and sweet release. Take a break from fragmentary thinking and return what is important and real. Release tension and grasping through breath, movement, and deeply attentive awareness."
729274778,FullSizeRender,(no folder),,0:00:00,0,2022-07-12,nobody,uploading,no,none,0.0,0.0,https://vimeo.com/729274778,
730203055,Module 3: Happiness (Ānanda) in the Bhagavadgītā,(no folder),,1:34:45,5685,2022-07-15,disable,available,no,540p,0.582,0.0,https://vimeo.com/730203055,
730835443,Heart Connections Module 2a,(no folder),,0:44:44,2684,2022-07-17,disable,available,no,720p,0.356,0.0,https://vimeo.com/730835443,
730988298,EP - Sound Meditation to come home to ourselves.mp4,(no folder),,0:17:24,1044,2022-07-18,nobody,available,no,2160p,2.278,0.752,https://vimeo.com/730988298,"Sound Meditation to come home to ourselves
Shawn Moore - Recording 1 (15 minute practice)"
730846736,Heart Connections Module 2b,(no folder),,1:30:19,5419,2022-07-18,disable,available,no,720p,0.766,0.0,https://vimeo.com/730846736,
731151720,Sound Bath for Peace in Uncertain Times,(no folder),,0:29:53,1793,2022-07-18,nobody,available,no,1080p,0.931,0.931,https://vimeo.com/731151720,"Sound Bath for Peace in Uncertain Times
Shawn Moore

Sound Bath for Peace in Uncertain Times is guided by the affirmation, I chose gratitude, tenderness, peace in this moment, embracing what happened, what is happening, and what will happen. In this experience, the practice will open with guided relaxation to ease the body into a restful state, followed by the sound and vibration created by quartz crystal singing bowls, designed  to support you through this journey. This accessible restorative p"
731283705,Package-Courtenay Masterclass.mp4,(no folder),,0:47:45,2865,2022-07-19,nobody,available,no,540p,0.167,0.0,https://vimeo.com/731283705,
731849110,GMT20220720-183549_Recording_640x360.mp4,(no folder),,0:08:35,515,2022-07-20,nobody,available,no,360p,0.04,0.0,https://vimeo.com/731849110,
732358124,Air Based Practice.mov,(no folder),,0:31:33,1893,2022-07-22,nobody,available,no,1080p,1.366,1.366,https://vimeo.com/732358124,
732356524,Earth Based Practice.mov,(no folder),,0:43:48,2628,2022-07-22,nobody,available,no,1080p,1.889,1.889,https://vimeo.com/732356524,
732357681,Fire Based Practice.mov,(no folder),,0:31:24,1884,2022-07-22,nobody,available,no,1080p,1.359,1.359,https://vimeo.com/732357681,
732356249,Introduction to the 5 Elements.mov,(no folder),,0:16:37,997,2022-07-22,nobody,available,no,1080p,0.545,0.545,https://vimeo.com/732356249,
732333171,Module 4: Happiness (Ānanda) in the Bhagavadgītā,(no folder),,1:44:52,6292,2022-07-22,disable,available,no,540p,0.916,0.0,https://vimeo.com/732333171,
732452154,Package- Masterclass by Dr. Chris Walling.mp4,(no folder),,1:26:22,5182,2022-07-22,nobody,available,no,540p,0.684,0.0,https://vimeo.com/732452154,
732357054,Water Based Practice.mov,(no folder),,1:02:44,3764,2022-07-22,nobody,available,no,1080p,2.712,2.712,https://vimeo.com/732357054,
733176353,Updated Package- Dr. Walling Masterclass.mp4,(no folder),,1:26:03,5163,2022-07-25,nobody,available,no,540p,0.684,0.0,https://vimeo.com/733176353,
733801732,morning flow2.mov,(no folder),,0:30:47,1847,2022-07-26,nobody,available,no,1080p,0.655,0.655,https://vimeo.com/733801732,
733804440,officerelease.m4v,(no folder),,0:13:44,824,2022-07-26,nobody,available,no,1080p,0.27,0.27,https://vimeo.com/733804440,
733871525,Package- Masterclass by Dr. Wong.mp4,(no folder),,1:30:19,5419,2022-07-27,nobody,available,no,540p,0.471,0.0,https://vimeo.com/733871525,
734479212,Sound Bath for Self Compassion,(no folder),,0:45:09,2709,2022-07-28,nobody,available,no,2160p,4.347,1.607,https://vimeo.com/734479212,"Sound Bath for Self Compassion is guided by Pema Chodron’s quote on self-compassion.  She says, Having compassion starts and ends with having compassion for all those unwanted parts of ourselves, all those imperfections that we don’t even want to look at. Compassion isn’t some kind of self-improvement project or ideal that we’re trying to live up to.” In this experience, the practice will open with guided relaxation to ease the body into a restful state, followed by the sound and vibration creat"
734791235,GMT20220729-154657_Recording_640x360.mp4,(no folder),,0:08:05,485,2022-07-29,nobody,available,no,360p,0.036,0.0,https://vimeo.com/734791235,
735406120,Afternoon Release.m4v,(no folder),,0:31:14,1874,2022-08-01,nobody,available,no,1080p,0.606,0.606,https://vimeo.com/735406120,
735749985,Package- Masterclass with Dr. Aline.mp4,(no folder),,1:10:00,4200,2022-08-02,nobody,available,no,540p,0.324,0.0,https://vimeo.com/735749985,
736970897,EP-LaurenBrown15MinutesAsanaClass.mp4,(no folder),,0:17:33,1053,2022-08-05,nobody,available,no,1080p,0.259,0.259,https://vimeo.com/736970897,
736969034,EP-LaurenBrown30MinutesAsanaClass#1.mp4,(no folder),,0:28:52,1732,2022-08-05,nobody,available,no,1080p,0.448,0.448,https://vimeo.com/736969034,
736971114,EP-LaurenBrown30MinutesAsanaClass#2.mp4,(no folder),,0:31:54,1914,2022-08-05,nobody,available,no,1080p,0.439,0.439,https://vimeo.com/736971114,
736958925,EP-LaurenBrown60MinutesAsanaStitched.mp4,(no folder),,0:57:13,3433,2022-08-05,nobody,available,no,1080p,0.833,0.833,https://vimeo.com/736958925,
736887644,Yoga Nidra for Deep Connection and Rest.mp4,(no folder),,0:33:32,2012,2022-08-05,nobody,available,no,1080p,1.451,1.451,https://vimeo.com/736887644,"Yoga Nidra for Deep Connection and Rest

Yoga Nidra is the practice and art of truly being.  In this deeply restorative practice, you will be guided through a detailed visualization that will allow your mind and body to slip into a deep state of relaxation.  During the practice of Yoga Nidra, one may appear to be asleep, but the consciousness is functioning at a deeper level of awareness. The practice is composed of a series of body, breath, and awareness techniques designed to release deep tens"
737281765,Deep Relaxation & Sound Bath to Reconnect to our Basic Goodness.mp4,(no folder),,0:58:05,3485,2022-08-07,nobody,available,no,1080p,2.516,2.516,https://vimeo.com/737281765,"Deep Relaxation & Sound Bath to Reconnect to our Basic Goodness is guided by a Chogyam Trungpa Rinpoche quote about gentleness. In this experience, the practice will open with longer guided relaxation to ease the body into a restful state, followed by the sound and vibration created by Himalayan singing bowls, hapi drum, and chimes, designed  to support you through this journey. This accessible restorative practice uses the power of sound, intention, and silence to tap into your parasympathetic "
737654935,chairvinyasa.m4v,(no folder),,0:45:57,2757,2022-08-08,nobody,available,no,1080p,0.937,0.937,https://vimeo.com/737654935,
738732814,Inversions Asana Class: Awaken New Perspectives! Yoga with Avery,(no folder),,0:48:28,2908,2022-08-11,nobody,available,no,1080p,1.695,1.695,https://vimeo.com/738732814,"This dynamic 45 minute asana class explores embodied parinama - transformation in perception - through alignment based work to mobilize and stabilize your shoulders, free your hamstrings, and get upside down in a variety of fun ways! Strong, invigorating class uses cool prop support to help you get strong, clear your mind, and revitalize. Taught by Avery Kalapa CIYT, eRYT500, YACEP."
738834650,30 min Hip Mobility Stability YWA EP,(no folder),,0:31:56,1916,2022-08-12,nobody,available,no,1080p,1.258,1.258,https://vimeo.com/738834650,
739002467,30 min Hip Mobility Stability YWA EP.mov,(no folder),,0:31:56,1916,2022-08-12,nobody,available,no,1080p,1.258,1.258,https://vimeo.com/739002467,
739054473,EP-LaurenBrown45MinutesAsanaClass.mp4,(no folder),,0:45:21,2721,2022-08-12,nobody,available,no,1080p,0.381,0.381,https://vimeo.com/739054473,
739454030,HeatherO_EP_YogasanaPilot_Test_1.1.mp4,(no folder),,0:01:47,107,2022-08-14,nobody,available,no,720p,0.03,0.0,https://vimeo.com/739454030,
739770659,"Asana Uplift! Strong, Fluid Full Body Refresh - Avery Kalapa",(no folder),,0:16:08,968,2022-08-15,nobody,available,no,720p,0.283,0.0,https://vimeo.com/739770659,"Rock and Roll Movements - Dynamic Asana to help Quiet the Mind, Energize the Body! 
Clear tama guna away through fiery action to create a more present, sattvic body-mind-spirit connection. Quick 15 minute practice touches on the a lot, and even includes a short centering at the beginning, and savasana at the end. Not recommended for period time. Fast moving, warming, playful sequence! Taught by Avery Kalapa CIYT, eRYT500, YACEP.

Props used:

mat 
2 blocks
blankets"
739712507,Blissful Backbends! Embody the Trifecta of Kriya Yoga - Avery Kalapa - 60 min,(no folder),,1:03:30,3810,2022-08-15,nobody,available,no,1080p,2.75,2.75,https://vimeo.com/739712507,"Dive deep to create stability, decompression, and freedom in backbends! Draw into an inner sanctuary of spiritual connection through this strong, invigorating 60 minute Iyengar Yoga sequence. 
We explore the 3 components of Kriya yoga, yoga in action (see Sutra 2.1) throughout: tapas, svadhaya, and Ishvara pranidhana. Learn to practice with devotion, courage, tenacity, and tender inner listening. 
Like a mini workshop, explore functional anatomy and intelligent movement in the pelvis, groins, ps"
739744152,EP YWA 15 min shoulderstand class,(no folder),,0:00:00,0,2022-08-15,nobody,uploading,no,none,0.0,0.0,https://vimeo.com/739744152,
739753138,EP YWA 15 min shoulderstand class.mov,(no folder),,0:17:14,1034,2022-08-15,nobody,available,no,1080p,0.644,0.644,https://vimeo.com/739753138,
740055127,Lateral Extension: Decompression for Self Care! 15 min Asana with Avery Kalapa,(no folder),,0:16:03,963,2022-08-16,nobody,available,no,1080p,0.578,0.578,https://vimeo.com/740055127,"Open your sidebody, lengthen your spine, and broaden the chest! These openings ae a great way to center loving self care. Cool prop set ups, unrushed expansive asanas, and embodied awareness helps you clear away tension, decompress, and create more space for breath and ease. Includes a short meditation, and a lovely restorative inversion at the end. Taught by Avery Kalapa CIYT, eRYT500, YACEP.


As always, adapt or modify the sequence and set ups for your body and needs. Many options of how to w"
740112628,sacredrest3.m4v,(no folder),,0:49:20,2960,2022-08-16,nobody,available,no,1080p,1.264,1.264,https://vimeo.com/740112628,
740113023,sacredrest4.m4v,(no folder),,0:13:55,835,2022-08-16,nobody,available,no,1080p,0.345,0.345,https://vimeo.com/740113023,
739850077,Standing Poses + Mindfulness. Play with Embodied Nonduality! 30 min Class w Avery Kalapa,(no folder),,0:33:59,2039,2022-08-16,nobody,available,no,1080p,1.448,1.448,https://vimeo.com/739850077,"Explore active, classical asanas with functional alignment as a conduit for moving beyond binaries, beyond duality - as Patanjali describes in Sutra II.48: effortless effort. 
When we spread awareness to feel the “both/and,” we access new possibilities in body and mind, create nervous system regulation, and feel more grounded. 
Standing poses are stabilizing and uplifting! Includes a lovely restorative inversion, mindfulness, and brief savasana to help you integrate the goodness. Taught by Avery"
743515361,Radical Teaching Conference: Chris Chapple,(no folder),Radical Teaching Conference,0:44:33,2673,2022-08-26,disable,available,no,540p,0.407,0.0,https://vimeo.com/743515361,
743662193,Greta Gaard: Strategies for Integrating Contemplative Pedagogies Across the Disciplines,(no folder),Radical Teaching Conference,0:45:01,2701,2022-08-27,disable,available,no,1080p,0.579,0.579,https://vimeo.com/743662193,
744353435,Conference: Alka Arora - Waking Up and Being Woke,(no folder),Radical Teaching Conference,0:59:53,3593,2022-08-29,disable,available,no,540p,0.251,0.0,https://vimeo.com/744353435,
744850469,Guru Panel - EP Conference,(no folder),Radical Teaching Conference,1:51:13,6673,2022-08-31,nobody,available,no,720p,0.851,0.0,https://vimeo.com/744850469,
745764535,Radical Teaching Conference- Judith Simmer - Words and Sense: Strategies for Contemplative Academic Writing .mp4,(no folder),Radical Teaching Conference,1:05:12,3912,2022-09-02,disable,available,no,540p,0.235,0.0,https://vimeo.com/745764535,
746386047,Radical Teaching Conference: Oneika Mays - Disrupting With Love,(no folder),Radical Teaching Conference,1:05:40,3940,2022-09-05,disable,available,no,540p,0.244,0.0,https://vimeo.com/746386047,
746385616,Radical Teaching Conference: Vineet Chander - 5 Limbs of Heart Learning,(no folder),Radical Teaching Conference,2:08:49,7729,2022-09-05,disable,available,no,540p,0.412,0.0,https://vimeo.com/746385616,
747449697,The Inner Teacher in Buddhism and Shamanism,(no folder),Radical Teaching Conference,1:57:56,7076,2022-09-07,nobody,available,no,720p,0.933,0.0,https://vimeo.com/747449697,
747866314,Embodied Practice and Objectivity - Jeffery Long,(no folder),Radical Teaching Conference,1:01:28,3688,2022-09-09,nobody,available,no,720p,0.296,0.0,https://vimeo.com/747866314,
748172849,Live Q&A- Becoming a Bodhisattva,(no folder),,0:55:25,3325,2022-09-09,nobody,available,no,720p,0.445,0.0,https://vimeo.com/748172849,
750042319,New event,(no folder),,0:00:00,0,2022-09-15,disable,uploading_error,no,none,0.0,0.0,https://vimeo.com/750042319,
751815543,EPTV Intro,(no folder),,0:00:10,10,2022-09-20,nobody,available,no,1440p,0.004,0.002,https://vimeo.com/751815543,
754120833,Autobiography of a Yogi Panel,(no folder),,1:48:58,6538,2022-09-27,disable,available,no,540p,0.737,0.0,https://vimeo.com/754120833,
755292589,Why Get Certified in YP,(no folder),,0:56:29,3389,2022-09-29,disable,available,no,540p,0.214,0.0,https://vimeo.com/755292589,
756766484,Mary - Demystifying Asana.mp4,(no folder),,0:25:41,1541,2022-10-04,unlisted,available,no,720p,0.342,0.0,https://vimeo.com/756766484,
758559697,Kavitha Chinnaiyan YP Keynote 2021,(no folder),,0:29:54,1794,2022-10-10,disable,available,no,540p,0.234,0.0,https://vimeo.com/758559697,
758561443,Marcy Goldstein YP Keynote 2021,(no folder),,0:31:09,1869,2022-10-10,disable,available,no,540p,0.256,0.0,https://vimeo.com/758561443,
758556796,Stuart Ray Sarbacker YP Keynote 2021,(no folder),,0:30:23,1823,2022-10-10,disable,available,no,540p,0.15,0.0,https://vimeo.com/758556796,
758564065,Swami Sarvapriyananda YP Keynote 2021,(no folder),,0:28:11,1691,2022-10-10,disable,available,no,540p,0.21,0.0,https://vimeo.com/758564065,
760101178,Mary Reilly Nichols - Meet the Faculty 2022,(no folder),,0:05:33,333,2022-10-13,nobody,available,no,540p,0.036,0.0,https://vimeo.com/760101178,
760094387,Meet the Faculty - YP Cert 2022,(no folder),,1:28:49,5329,2022-10-13,disable,available,no,540p,0.573,0.0,https://vimeo.com/760094387,
760638758,IMG_7917,(no folder),,0:04:13,253,2022-10-15,anybody,available,no,2160p,0.423,0.163,https://vimeo.com/760638758,
761197443,Circle Community Training,(no folder),,0:08:16,496,2022-10-17,disable,available,no,540p,0.028,0.0,https://vimeo.com/761197443,
760882262,Orientation - YP Cert 2022,(no folder),,1:15:02,4502,2022-10-17,disable,available,no,540p,0.348,0.0,https://vimeo.com/760882262,
761830548,Session 1: Intro to Yoga Philosophy,(no folder),,2:00:11,7211,2022-10-19,disable,available,no,540p,0.457,0.0,https://vimeo.com/761830548,
762839164,Session 2: Intro to Yoga Philosophy,(no folder),,2:04:25,7465,2022-10-22,disable,available,no,720p,0.771,0.0,https://vimeo.com/762839164,
763524128,Transcending Trauma Promo Video,(no folder),,0:01:48,108,2022-10-24,unlisted,available,no,720p,0.018,0.0,https://vimeo.com/763524128,
763911528,"Healing Magic: Comic Images, Fractals, Synchronicity, and Neuroscience",(no folder),,1:21:52,4912,2022-10-25,unlisted,available,no,720p,0.719,0.0,https://vimeo.com/763911528,
764426821,Session 1: Yoga History,(no folder),,2:29:17,8957,2022-10-27,disable,available,no,720p,1.067,0.0,https://vimeo.com/764426821,
765075029,Humanizing Fabulousness,(no folder),,2:08:11,7691,2022-10-28,disable,available,no,720p,0.732,0.0,https://vimeo.com/765075029,
765321194,Integration Session #1 (YP Cert 2022),(no folder),,0:42:07,2527,2022-10-29,disable,available,no,720p,0.319,0.0,https://vimeo.com/765321194,
766538796,Session 1: The Upanishads,(no folder),,2:05:31,7531,2022-11-02,disable,available,no,720p,0.568,0.0,https://vimeo.com/766538796,
767177259,Session #2: The Upanishads,(no folder),,2:13:52,8032,2022-11-04,disable,available,no,720p,0.673,0.0,https://vimeo.com/767177259,
768704498,Module 1: Transcending Trauma,(no folder),,1:54:13,6853,2022-11-08,unlisted,available,no,720p,1.019,0.0,https://vimeo.com/768704498,
768881400,Session 1: Yoga Philosophy In The Bhagavadgītā,(no folder),,2:03:19,7399,2022-11-09,disable,available,no,540p,0.618,0.0,https://vimeo.com/768881400,
769373263,Session 2: YP In the Bhagavadgītā,(no folder),,2:05:17,7517,2022-11-10,disable,available,no,540p,0.909,0.0,https://vimeo.com/769373263,
770375759,YP Cert: Integration Session #2.mp4,(no folder),,1:01:38,3698,2022-11-13,disable,available,no,540p,0.397,0.0,https://vimeo.com/770375759,
771221997,Module 2: Transcending Trauma,(no folder),,1:50:18,6618,2022-11-15,unlisted,available,no,720p,0.975,0.0,https://vimeo.com/771221997,
771776124,Module 1: Yoga Sutras,(no folder),,2:21:11,8471,2022-11-16,disable,available,no,720p,1.556,0.0,https://vimeo.com/771776124,
772647406,Module 2: Yoga Sutras,(no folder),,2:44:34,9874,2022-11-19,disable,available,no,720p,1.659,0.0,https://vimeo.com/772647406,
773860913,Module 3: The Healing Power of Metaphor & Poetry,(no folder),,1:56:34,6994,2022-11-22,disable,available,no,720p,0.909,0.0,https://vimeo.com/773860913,
774161493,YP Cert: Songs of Ecstasy and Freedom,(no folder),,1:52:15,6735,2022-11-23,disable,available,no,540p,0.451,0.0,https://vimeo.com/774161493,
776307182,Module 4: Transcendence and Spirituality,(no folder),,1:55:42,6942,2022-11-29,disable,available,no,720p,1.064,0.0,https://vimeo.com/776307182,
776654393,Session 1: Siva Sutras,(no folder),,1:45:46,6346,2022-11-30,disable,available,no,720p,0.773,0.0,https://vimeo.com/776654393,
777247721,Session 2: Siva Sutras,(no folder),,1:55:14,6914,2022-12-02,disable,available,no,720p,0.549,0.0,https://vimeo.com/777247721,
777756367,Integration Session #3,(no folder),,1:09:32,4172,2022-12-04,disable,available,no,720p,0.525,0.0,https://vimeo.com/777756367,
778955318,Yoga Ethics Discussion,(no folder),,0:40:41,2441,2022-12-07,disable,available,no,540p,0.292,0.0,https://vimeo.com/778955318,
779510978,"Buddhism: Mindfulness, Metta, and Tantrik Perspectives",(no folder),,1:52:19,6739,2022-12-09,disable,available,no,720p,0.889,0.0,https://vimeo.com/779510978,
780189694,Beyond Mindfulness Trailer,(no folder),,0:01:30,90,2022-12-11,disable,available,no,720p,0.015,0.0,https://vimeo.com/780189694,
781241010,Session 2: Yoga Ethics,(no folder),,2:01:29,7289,2022-12-14,disable,available,no,720p,0.689,0.0,https://vimeo.com/781241010,
781383412,Alzheimers Prevention and Yoga Therapy,(no folder),,1:06:03,3963,2022-12-15,disable,available,no,720p,0.392,0.0,https://vimeo.com/781383412,
781957470,Session 2: Yoga History,(no folder),,2:03:24,7404,2022-12-16,disable,available,no,720p,0.927,0.0,https://vimeo.com/781957470,
782695743,Closing Ceremony,(no folder),,1:24:41,5081,2022-12-19,disable,available,no,720p,0.737,0.0,https://vimeo.com/782695743,
782361104,Sequence #1(1),(no folder),,1:24:41,5081,2022-12-19,nobody,available,no,720p,0.737,0.0,https://vimeo.com/782361104,
783144967,Session 1: Siva Sutras (Evergreen),(no folder),,1:13:38,4418,2022-12-21,disable,available,no,720p,0.461,0.0,https://vimeo.com/783144967,
793019930,EPTV_AsanaPromo_1920x1080_Facebook.mp4,(no folder),,0:00:29,29,2023-01-26,anybody,available,no,1080p,0.016,0.016,https://vimeo.com/793019930,
793020117,EPTV_AsanaPromo_SQUARE,(no folder),,0:00:29,29,2023-01-26,nobody,available,no,1080p,0.01,0.01,https://vimeo.com/793020117,
792911385,Q&A CA,(no folder),,0:00:00,0,2023-01-26,nobody,uploading_error,no,none,0.0,0.0,https://vimeo.com/792911385,
792917995,Q&A CA.mp4,(no folder),,1:56:31,6991,2023-01-26,disable,available,no,540p,0.822,0.0,https://vimeo.com/792917995,
793702875,EPTV_AsanaPromo_1920x1080_ProRes422HQ-Archival.mov,(no folder),,0:00:29,29,2023-01-28,anybody,available,no,1080p,0.015,0.015,https://vimeo.com/793702875,
793904080,EPTV_AsanaPromo_SQUARE_ProRes422HQ-Archival,(no folder),,0:00:29,29,2023-01-29,disable,available,no,1080p,0.01,0.01,https://vimeo.com/793904080,
799213839,Wisdom School | LP Promo Video,(no folder),,0:04:22,262,2023-02-15,disable,available,no,2160p,0.791,0.151,https://vimeo.com/799213839,
800252919,Integration #1 AB Cert Raw_Zoom_Speaker_View_Shared_Screen_1920x1200,(no folder),,1:36:04,5764,2023-02-19,nobody,available,no,1080p,1.408,1.408,https://vimeo.com/800252919,
800609543,Mantra Party: Chant Mantras for Jacob's Birthday,(no folder),,2:51:44,10304,2023-02-20,disable,available,no,720p,0.948,0.0,https://vimeo.com/800609543,
802362909,Module 1: Beyond Mindfulness,(no folder),,2:54:55,10495,2023-02-26,disable,available,no,720p,0.967,0.0,https://vimeo.com/802362909,
802423197,Module 2: Beyond Mindfulness,(no folder),,2:04:35,7475,2023-02-26,disable,available,no,720p,0.64,0.0,https://vimeo.com/802423197,
803637341,Using Dreams to Awaken the Body,(no folder),,1:58:57,7137,2023-03-01,nobody,available,no,540p,0.503,0.0,https://vimeo.com/803637341,
805371936,Yoga From the Past to the Future.mp4,(no folder),,2:00:22,7222,2023-03-07,nobody,available,no,1080p,1.172,1.172,https://vimeo.com/805371936,
807618138,Module 2 Yoga From the Past to the Future,(no folder),,2:02:06,7326,2023-03-13,nobody,available,no,1080p,1.356,1.356,https://vimeo.com/807618138,
809767021,Yoga From The Past to the Future Module 3.mp4,(no folder),,2:04:46,7486,2023-03-20,nobody,available,no,1080p,1.207,1.207,https://vimeo.com/809767021,
810131800,Compassion and Spiritual Bypassing,(no folder),,1:21:30,4890,2023-03-21,disable,available,no,720p,0.458,0.0,https://vimeo.com/810131800,
810711866,(Caption Test) Vedic Philosophy Promo,(no folder),,0:01:09,69,2023-03-22,disable,available,no,720p,0.012,0.0,https://vimeo.com/810711866,
812001670,Module 4 Yoga From the Past to the Future.mp4,(no folder),,1:49:31,6571,2023-03-27,nobody,available,no,1080p,1.129,1.129,https://vimeo.com/812001670,
813714298,Supreme Goddess Module 1.1 (FINAL),(no folder),,0:29:59,1799,2023-03-31,disable,available,no,1080p,0.718,0.718,https://vimeo.com/813714298,
813722895,Supreme Goddess Module 1.2 (FINAL),(no folder),,0:33:16,1996,2023-03-31,disable,available,no,720p,0.331,0.0,https://vimeo.com/813722895,
813730273,Supreme Goddess Module 1.3 (FINAL),(no folder),,0:47:21,2841,2023-03-31,disable,available,no,1080p,0.892,0.892,https://vimeo.com/813730273,
814025618,Kula Yoga with Nikki Episode 1.mp4,(no folder),,0:26:18,1578,2023-04-02,nobody,available,no,1080p,0.733,0.733,https://vimeo.com/814025618,
814037570,Kula Yoga with Nikki Episode 2.mp4,(no folder),,0:24:43,1483,2023-04-02,nobody,available,no,1080p,0.675,0.675,https://vimeo.com/814037570,
814055332,Kula Yoga with Nikki Episode 3.mp4,(no folder),,0:24:50,1490,2023-04-02,nobody,available,no,1080p,0.681,0.681,https://vimeo.com/814055332,
813997037,Kula Yoga with Nikki Episode 6,(no folder),,0:33:52,2032,2023-04-02,nobody,available,no,1080p,0.995,0.995,https://vimeo.com/813997037,
814088103,Kula Yoga with Nikki Episdoe 4.mp4,(no folder),,0:29:49,1789,2023-04-03,nobody,available,no,1080p,0.854,0.854,https://vimeo.com/814088103,
814114156,Kula Yoga with Nikki Episode 5.mp4,(no folder),,0:44:29,2669,2023-04-03,nobody,available,no,1080p,1.356,1.356,https://vimeo.com/814114156,
814134080,Kula Yoga with Nikki Episode 7.mp4,(no folder),,0:34:59,2099,2023-04-03,nobody,available,no,1080p,1.042,1.042,https://vimeo.com/814134080,
814151955,Kula Yoga with Nikki Episode 8.mp4,(no folder),,0:33:52,2032,2023-04-03,nobody,available,no,1080p,0.977,0.977,https://vimeo.com/814151955,
815125382,Body Tripping - Ep. 9 - Rivers of Stars- Neuroendocrine Integration,(no folder),,1:00:32,3632,2023-04-05,nobody,available,no,1080p,2.62,2.62,https://vimeo.com/815125382,
815141274,Body Tripping Ep. 10 Pratyāhāra Growing Sensory Systems,(no folder),,1:01:26,3686,2023-04-05,nobody,available,no,1080p,2.659,2.659,https://vimeo.com/815141274,
815143102,Body Tripping Ep. 11 Your Deepest Self Subcellular Neighborhoods,(no folder),,1:04:57,3897,2023-04-05,nobody,available,no,1080p,2.811,2.811,https://vimeo.com/815143102,
815144987,Body Tripping Ep. 12 Self-Knowing Eukaryotic You,(no folder),,0:50:05,3005,2023-04-05,nobody,available,no,1080p,2.167,2.167,https://vimeo.com/815144987,
815532960,Supreme Goddes Module 2.3 (FINAL),(no folder),,0:45:30,2730,2023-04-07,disable,available,no,720p,0.327,0.0,https://vimeo.com/815532960,
815528639,Supreme Goddess Module 2.1 (FINAL),(no folder),,0:34:07,2047,2023-04-07,disable,available,no,1080p,0.876,0.876,https://vimeo.com/815528639,
815538531,Supreme Goddess Module 2.2 (FINAL),(no folder),,0:16:36,996,2023-04-07,disable,available,no,720p,0.238,0.0,https://vimeo.com/815538531,
816007230,FOYT- Interview with Reggie and Trish,(no folder),,0:55:09,3309,2023-04-09,disable,available,no,1080p,1.036,1.036,https://vimeo.com/816007230,
818009704,Supreme Goddess Mod 3.1 (FINAL),(no folder),,0:25:11,1511,2023-04-15,disable,available,no,1080p,0.519,0.519,https://vimeo.com/818009704,
818086087,"Academic Knowledge, Realized Experience and the Yoga Teacher",(no folder),,0:58:15,3495,2023-04-16,disable,available,no,1080p,1.205,1.205,https://vimeo.com/818086087,
818050541,FOYT- How to make the most of this summit - Opening Orientation.mp4,(no folder),,0:46:23,2783,2023-04-16,disable,available,no,1080p,0.33,0.33,https://vimeo.com/818050541,
818074368,Options for Yoga Teachers Today ,(no folder),,0:55:52,3352,2023-04-16,disable,available,no,1080p,1.335,1.335,https://vimeo.com/818074368,
818010999,Supreme Goddess Mod 3.2 (FINAL),(no folder),,0:41:30,2490,2023-04-16,disable,available,no,1080p,0.69,0.69,https://vimeo.com/818010999,
818013485,Supreme Goddess Mod 3.3,(no folder),,0:29:55,1795,2023-04-16,disable,available,no,1080p,0.456,0.456,https://vimeo.com/818013485,
818325347,Asana: The Embodiment of Yoga Philosophy,(no folder),,1:25:29,5129,2023-04-17,disable,available,no,1080p,0.548,0.548,https://vimeo.com/818325347,
818459130,Brick and Mortar.mp4,(no folder),,1:00:48,3648,2023-04-17,disable,available,no,720p,0.511,0.0,https://vimeo.com/818459130,
818379477,"Niche-making, Hyper-specialization, and Pressures on the Yoga Teacher",(no folder),,1:37:52,5872,2023-04-17,disable,available,no,1080p,1.431,1.431,https://vimeo.com/818379477,
818490090,Social Justice Solutions,(no folder),,1:02:41,3761,2023-04-17,disable,available,no,1080p,0.654,0.654,https://vimeo.com/818490090,
818256259,The Brick- and- Mortar Studio Space Through Covid and Beyond.mp4,(no folder),,0:57:39,3459,2023-04-17,disable,available,no,1080p,0.891,0.891,https://vimeo.com/818256259,
818839812,Sequence #1,(no folder),,0:00:00,0,2023-04-18,nobody,uploading,no,none,0.0,0.0,https://vimeo.com/818839812,
818840052,Supreme Goddess Mod 4.1 (FINAL),(no folder),,0:43:35,2615,2023-04-18,disable,available,no,1080p,0.801,0.801,https://vimeo.com/818840052,
819296213,Supreme Goddess Mod 4.2 (FINAL),(no folder),,0:27:57,1677,2023-04-19,disable,available,no,1080p,0.422,0.422,https://vimeo.com/819296213,
819494205,FOYT Musings and Integration Community Convo.mp4,(no folder),,1:27:10,5230,2023-04-20,disable,available,no,1080p,1.234,1.234,https://vimeo.com/819494205,
819679133,Supreme Goddess Module 4.3 (FINAL),(no folder),,0:32:59,1979,2023-04-20,disable,available,no,1080p,0.564,0.564,https://vimeo.com/819679133,
822480718,Vedic Philosophy Module 1,(no folder),,2:45:26,9926,2023-04-30,nobody,available,no,1080p,2.92,2.92,https://vimeo.com/822480718,
823880980,Module 1 Vedic Philosophy,(no folder),,2:43:14,9794,2023-05-04,nobody,available,no,1080p,3.023,3.023,https://vimeo.com/823880980,
823863588,Supreme Goddess Q&A,(no folder),,1:36:35,5795,2023-05-04,disable,available,no,1080p,1.325,1.325,https://vimeo.com/823863588,
824555580,Module 2 Vedic Philosophy,(no folder),,2:52:04,10324,2023-05-07,nobody,available,no,1080p,2.47,2.47,https://vimeo.com/824555580,
826580518,Module 3 Vedic Philosophy,(no folder),,2:47:31,10051,2023-05-14,nobody,available,no,1080p,2.248,2.248,https://vimeo.com/826580518,
828769422,Module 4 Vedic Philosophy,(no folder),,2:55:33,10533,2023-05-21,nobody,available,no,1080p,2.317,2.317,https://vimeo.com/828769422,
829993165,Vedic Chanting and the Art of Vibration,(no folder),,2:18:10,8290,2023-05-24,nobody,available,no,1080p,0.763,0.763,https://vimeo.com/829993165,
830695868,Grieving Together: Pathway to Healing and Justice,(no folder),,1:12:51,4371,2023-05-26,disable,available,no,720p,0.567,0.0,https://vimeo.com/830695868,
830912244,Module 5 Vedic Philosophy,(no folder),,2:52:07,10327,2023-05-28,nobody,available,no,1080p,2.751,2.751,https://vimeo.com/830912244,
833028243,Module 6 Vedic Philosophy,(no folder),,2:23:38,8618,2023-06-04,nobody,available,no,1080p,2.427,2.427,https://vimeo.com/833028243,
835203602,Vedic Philosophy Module 7,(no folder),,1:53:46,6826,2023-06-11,nobody,available,no,1080p,2.236,2.236,https://vimeo.com/835203602,
835948175,Transforming Complex Trauma: Module 1,(no folder),,1:29:53,5393,2023-06-13,disable,available,no,1080p,0.681,0.681,https://vimeo.com/835948175,
836639438,Third Eye Seminar - EP logo added,(no folder),,1:24:09,5049,2023-06-15,nobody,available,no,720p,0.359,0.0,https://vimeo.com/836639438,
836643477,Transforming Complex Trauma Module 2,(no folder),,1:39:29,5969,2023-06-15,disable,available,no,720p,0.446,0.0,https://vimeo.com/836643477,
837381567,Addiction: The Dis-ease of the Lost Self,(no folder),,1:00:33,3633,2023-06-18,disable,available,no,1080p,0.932,0.932,https://vimeo.com/837381567,A pre-course conversation with LeTonia A. Jones and Nikki Myers
837397279,Module 8 Vedic Philosophy,(no folder),,2:36:05,9365,2023-06-18,nobody,available,no,1080p,2.548,2.548,https://vimeo.com/837397279,
837771811,From the Mat to Liberation,(no folder),,0:45:35,2735,2023-06-20,unlisted,available,no,1080p,0.995,0.995,https://vimeo.com/837771811,A pre-course conversation with LeTonia A. Jones and Natalie Malone
838094849,Transforming Complex Trauma Module 3,(no folder),,1:35:33,5733,2023-06-20,disable,available,no,1080p,0.725,0.725,https://vimeo.com/838094849,
838843984,Transforming Complex Trauma: Module 4,(no folder),,1:34:13,5653,2023-06-22,nobody,available,no,1080p,0.869,0.869,https://vimeo.com/838843984,
841082731,From the Mat to Liberation (cross fade),(no folder),,0:39:44,2384,2023-06-30,nobody,available,no,1080p,0.785,0.785,https://vimeo.com/841082731,
841078576,From the Mat to Liberation (dip to black),(no folder),,0:39:44,2384,2023-06-30,unlisted,available,no,1080p,0.785,0.785,https://vimeo.com/841078576,LeTonia and Natalie Malone Pre-Course Conversation for Yoga and Social Justice.
843121702,Episode 4 Raja Yoga (Updated),(no folder),,0:13:17,797,2023-07-07,disable,available,no,1080p,0.362,0.362,https://vimeo.com/843121702,
843665831,Healing Addiction - Module 1,(no folder),,2:45:46,9946,2023-07-09,disable,available,no,1080p,1.195,1.195,https://vimeo.com/843665831,
843800776,Healing Addiction: Module 2,(no folder),,2:46:15,9975,2023-07-10,disable,available,no,1080p,1.571,1.571,https://vimeo.com/843800776,
844339115,Yoga & Social Justice Trailer,(no folder),,0:01:31,91,2023-07-11,unlisted,available,no,1080p,0.026,0.026,https://vimeo.com/844339115,
844697025,Tantric Body - Commercial 2,(no folder),,0:06:00,360,2023-07-12,disable,available,no,2160p,0.366,0.111,https://vimeo.com/844697025,
844426796,Tantric Body Upsell Video (Captioned by Zubtitle) (1),(no folder),,0:06:08,368,2023-07-12,anybody,available,no,2160p,0.44,0.132,https://vimeo.com/844426796,
845262851,Tantric Body Upsell - Marketing Pep Edits,(no folder),,0:03:12,192,2023-07-14,disable,available,no,2160p,0.203,0.06,https://vimeo.com/845262851,
846004330,Chakra Challenge Day One Lecture,(no folder),,0:53:48,3228,2023-07-17,disable,available,no,720p,0.265,0.0,https://vimeo.com/846004330,
846026096,Chakra Challenge: Day 1 Meditation,(no folder),,0:30:31,1831,2023-07-17,disable,available,no,720p,0.191,0.0,https://vimeo.com/846026096,
845977109,Day One Chakra Challenge (Raw file),(no folder),,1:24:44,5084,2023-07-17,nobody,available,no,720p,0.509,0.0,https://vimeo.com/845977109,
846357964,Chakras Challenge Day 2,(no folder),,0:00:00,0,2023-07-18,nobody,uploading_error,no,none,0.0,0.0,https://vimeo.com/846357964,
846346451,Chakras Challenge Day 2,(no folder),,0:00:00,0,2023-07-18,nobody,uploading_error,no,none,0.0,0.0,https://vimeo.com/846346451,
846360177,Chakras Challenge Day 2 Lecture,(no folder),,0:44:26,2666,2023-07-18,nobody,available,no,1080p,0.364,0.364,https://vimeo.com/846360177,
846367395,Chakras Challenge Day 2 Meditation,(no folder),,0:38:51,2331,2023-07-18,nobody,available,no,1080p,0.42,0.42,https://vimeo.com/846367395,
846704207,Chakra Challenge Day 3 (Lecture),(no folder),,0:36:35,2195,2023-07-19,nobody,available,no,720p,0.185,0.0,https://vimeo.com/846704207,
846675858,Chakra Challenge Day 3 (Raw File),(no folder),,1:19:41,4781,2023-07-19,disable,available,no,720p,0.596,0.0,https://vimeo.com/846675858,
846736619,Chakras Challenge Day 3 Meditation,(no folder),,0:31:38,1898,2023-07-19,nobody,available,no,720p,0.301,0.0,https://vimeo.com/846736619,
847051004,Chakra Challenge Day 4 (RAW),(no folder),,1:08:28,4108,2023-07-20,disable,available,no,720p,0.364,0.0,https://vimeo.com/847051004,
847066999,Chakra Challenge: Day 4 (Lecture),(no folder),,0:29:00,1740,2023-07-20,disable,available,no,720p,0.119,0.0,https://vimeo.com/847066999,
847110543,Chakra Challenge: Day 4 (Meditation),(no folder),,0:34:54,2094,2023-07-20,disable,available,no,720p,0.18,0.0,https://vimeo.com/847110543,
847373550,Chakras Challenge Day 5 (RAW),(no folder),,1:19:07,4747,2023-07-21,nobody,available,no,1080p,0.662,0.662,https://vimeo.com/847373550,
847407567,Chakras Challenge Day 5 Meditation,(no folder),,0:42:44,2564,2023-07-21,nobody,available,no,1080p,0.354,0.354,https://vimeo.com/847407567,
847382649,Chakras Challenge: Day 5 (Lecture),(no folder),,0:31:28,1888,2023-07-21,nobody,available,no,1080p,0.224,0.224,https://vimeo.com/847382649,
847540290,Buddhist Psychology Certificate Program Integration Session 3,(no folder),,1:20:54,4854,2023-07-22,nobody,available,no,1080p,1.806,1.806,https://vimeo.com/847540290,
847797861,Vedic Philosophy Bonus Q & A,(no folder),,1:44:24,6264,2023-07-23,nobody,available,no,1080p,1.296,1.296,https://vimeo.com/847797861,
851412993,Visionary Experience: Exploring the Intersection of Shamanism and Buddhism (Pre-recorded Module 1),(no folder),,1:32:46,5566,2023-08-03,disable,available,no,1080p,1.762,1.762,https://vimeo.com/851412993,
851805260,UPSELL - NT to ABC,(no folder),,0:02:46,166,2023-08-05,disable,available,no,1080p,0.045,0.045,https://vimeo.com/851805260,
851802016,UPSELL - NT to ABC (Captioned by Zubtitle),(no folder),,0:02:46,166,2023-08-05,disable,available,no,1080p,0.045,0.045,https://vimeo.com/851802016,
853111666,UPSELL Video - YS to YPC (Captioned by Zubtitle),(no folder),,0:03:07,187,2023-08-09,disable,available,no,2160p,0.181,0.054,https://vimeo.com/853111666,
853502735,Bio.Video.Chris.Walling.EYT.Cert.2023,(no folder),,0:00:41,41,2023-08-10,unlisted,available,no,1080p,0.014,0.014,https://vimeo.com/853502735,
853217136,Integration Session: Tantric Body Learning Pathway,(no folder),,1:05:23,3923,2023-08-10,disable,available,no,1080p,0.504,0.504,https://vimeo.com/853217136,
854898191,Yoga & Social Justice: Module 1,(no folder),,1:25:55,5155,2023-08-16,nobody,available,no,1080p,0.598,0.598,https://vimeo.com/854898191,
855072039,Yoga and Social Justice Module 2,(no folder),,1:48:05,6485,2023-08-16,nobody,available,no,1080p,1.081,1.081,https://vimeo.com/855072039,
857223477,Yoga and Social Justice Module 3,(no folder),,1:49:26,6566,2023-08-23,nobody,available,no,1080p,1.034,1.034,https://vimeo.com/857223477,
859357345,Yoga and Social Justice Module 4,(no folder),,1:50:27,6627,2023-08-30,nobody,available,no,1080p,0.805,0.805,https://vimeo.com/859357345,
862759658,Build a Conscious Diet Day 1,(no folder),,1:32:48,5568,2023-09-09,nobody,available,no,1080p,1.56,1.56,https://vimeo.com/862759658,
862969281,Build a Conscious Diet Day 2,(no folder),,1:36:18,5778,2023-09-10,nobody,available,no,1080p,1.925,1.925,https://vimeo.com/862969281,
863394307,Build a Conscious Diet Day 3,(no folder),,1:37:27,5847,2023-09-11,nobody,available,no,1080p,1.162,1.162,https://vimeo.com/863394307,
863366412,Build a Conscious Diet Day 3,(no folder),,0:00:00,0,2023-09-11,nobody,uploading_error,no,none,0.0,0.0,https://vimeo.com/863366412,
863420870,Embodied Yoga Therapy Faculty Meeting 9.10.23,(no folder),,0:58:11,3491,2023-09-12,unlisted,available,no,1080p,0.984,0.984,https://vimeo.com/863420870,
865390629,INTRODUCTION VIDEO,(no folder),,0:03:44,224,2023-09-17,nobody,available,no,2160p,0.668,0.125,https://vimeo.com/865390629,
865457539,UPSELL - EYT ot ABC (Captioned by Zubtitle),(no folder),,0:03:32,212,2023-09-18,disable,available,no,2160p,0.282,0.088,https://vimeo.com/865457539,
865704516,Upsell Video - TBD to BPCP (Captioned by Zubtitle),(no folder),,0:06:01,361,2023-09-18,disable,available,no,1080p,0.143,0.143,https://vimeo.com/865704516,
866547913,UPSELL VIDEO - Sound Medicine to Sanskrit Chanting LP (Captioned by Zubtitle) (1),(no folder),,0:05:31,331,2023-09-20,nobody,available,no,2160p,0.459,0.143,https://vimeo.com/866547913,
868562664,Voyage to Vagus Masterclass Replay (FULL),(no folder),,1:08:22,4102,2023-09-27,disable,available,no,720p,0.507,0.0,https://vimeo.com/868562664,
868567703,Voyage to Vagus: How to Arouse Physiological Relaxation,(no folder),,0:38:22,2302,2023-09-27,disable,available,no,1080p,0.232,0.232,https://vimeo.com/868567703,
870810583,EYT - LP Video (Captioned by Zubtitle),(no folder),,0:06:16,376,2023-10-03,disable,available,no,1080p,0.162,0.162,https://vimeo.com/870810583,
871232236,Circle Overview,(no folder),,0:05:33,333,2023-10-04,anybody,available,no,1080p,0.023,0.023,https://vimeo.com/871232236,
873684407,Non-Dualism LP - Upsell Video (Captioned by Zubtitle),(no folder),,0:03:49,229,2023-10-12,disable,available,no,1080p,0.142,0.142,https://vimeo.com/873684407,
873932785,Visionary Experience Module 1.1,(no folder),,1:08:26,4106,2023-10-13,nobody,available,no,720p,0.899,0.0,https://vimeo.com/873932785,
876797460,Clinical Yoga Therapy Module 1.2,(no folder),,0:49:50,2990,2023-10-22,nobody,available,no,1080p,0.679,0.679,https://vimeo.com/876797460,
876888628,Module 2.1: Visionary Experience,(no folder),,1:26:37,5197,2023-10-22,disable,available,no,1080p,0.893,0.893,https://vimeo.com/876888628,
876923127,Module 2.2: Visionary Experience,(no folder),,2:20:23,8423,2023-10-22,disable,available,no,1080p,1.578,1.578,https://vimeo.com/876923127,
877823744,NEIL - Module 1,(no folder),,0:14:03,843,2023-10-25,nobody,available,no,2160p,0.755,0.227,https://vimeo.com/877823744,
880589759,UPSELL Video SLO to YPC,(no folder),,0:02:48,168,2023-11-02,disable,available,no,2160p,0.166,0.049,https://vimeo.com/880589759,
886127969,M11: Yoga and Community Healing 1,(no folder),,0:49:46,2986,2023-11-19,nobody,available,no,1080p,0.354,0.354,https://vimeo.com/886127969,
887785145,Module 12: The Profound Wisdom of Ayurveda (Doshas),(no folder),,1:05:08,3908,2023-11-23,disable,available,no,1080p,0.415,0.415,https://vimeo.com/887785145,
888137013,Module 12.2: The Profound Wisdom of Ayurveda (Doshas),(no folder),,0:43:36,2616,2023-11-25,disable,available,no,1080p,0.449,0.449,https://vimeo.com/888137013,
888143035,Yoga and Community Healing Part 2,(no folder),,0:34:26,2066,2023-11-25,nobody,available,no,1080p,0.292,0.292,https://vimeo.com/888143035,
888344231,EYT Integration Session 2,(no folder),,1:23:44,5024,2023-11-26,nobody,available,no,1080p,0.64,0.64,https://vimeo.com/888344231,
888351850,Module 13.1: The Profound Wisdom of Ayurveda (Dinacarya),(no folder),,0:57:28,3448,2023-11-26,disable,available,no,1080p,0.515,0.515,https://vimeo.com/888351850,
888519748,Module 13.2: The Profound Wisdom of Ayurveda (Dinacarya),(no folder),,0:48:41,2921,2023-11-26,disable,available,no,1080p,0.49,0.49,https://vimeo.com/888519748,
889245614,Profound Wisdom of Ayurveda Part 3 (Travel),(no folder),,1:08:38,4118,2023-11-28,nobody,available,no,720p,0.587,0.0,https://vimeo.com/889245614,
889292412,Profound Wisdom of Ayurveda Part 3.2 (Travel 2),(no folder),,0:43:28,2608,2023-11-28,nobody,available,no,1080p,0.743,0.743,https://vimeo.com/889292412,
889925286,Buddhis Tibetan Yoga Part 1.2,(no folder),,0:42:02,2522,2023-11-30,nobody,available,no,1080p,0.769,0.769,https://vimeo.com/889925286,
889781382,Buddhist / Tibetan Yoga Part 1.1,(no folder),,1:05:34,3934,2023-11-30,nobody,available,no,720p,0.686,0.0,https://vimeo.com/889781382,
890430233,Nocturnal Meditation for Psychological and Spiritual Growth 2,(no folder),,1:00:27,3627,2023-12-01,disable,available,no,1080p,1.52,1.52,https://vimeo.com/890430233,
890202421,Nocturnal Meditation for Psychological and Spiritual Growth Part 1,(no folder),,0:50:02,3002,2023-12-01,disable,available,no,1080p,1.248,1.248,https://vimeo.com/890202421,
893114738,EYT Integration Session 3,(no folder),,0:57:59,3479,2023-12-10,disable,available,no,1080p,0.54,0.54,https://vimeo.com/893114738,
893353578,Module 17.1: Buddhist/Tibetan Yoga Part 2,(no folder),,1:02:30,3750,2023-12-11,disable,available,no,1080p,1.249,1.249,https://vimeo.com/893353578,
893586130,Module 17.2: Buddhist/Tibetan Yoga Part 2,(no folder),,0:49:11,2951,2023-12-12,disable,available,no,1080p,0.56,0.56,https://vimeo.com/893586130,
894393456,EYT Module 18.1: Closing/Summative Session,(no folder),,1:00:00,3600,2023-12-14,disable,available,no,1080p,1.035,1.035,https://vimeo.com/894393456,
894523503,EYT Module 18.2: Closing/Summative Session,(no folder),,0:23:30,1410,2023-12-14,disable,available,no,1080p,0.733,0.733,https://vimeo.com/894523503,
900407384,jacob_kyle_raw-synced-video-cfr_riverside_0003,(no folder),,1:29:41,5381,2024-01-06,unlisted,available,no,720p,1.167,0.0,https://vimeo.com/900407384,
900415709,lucy_crisfield_raw-synced-video-cfr_riverside_0002,(no folder),,1:29:40,5380,2024-01-06,unlisted,available,no,720p,1.552,0.0,https://vimeo.com/900415709,
900408789,lucy_crisfield_raw-synced-video-cfr_riverside_0002,(no folder),,0:00:00,0,2024-01-06,nobody,uploading,no,none,0.0,0.0,https://vimeo.com/900408789,
901426266,CHITHEADS - Intro to Lucy Crisfield,(no folder),,0:18:27,1107,2024-01-10,unlisted,available,no,720p,0.294,0.0,https://vimeo.com/901426266,
907949163,#1_Ep 3 Intentions Practice_1,(no folder),,0:00:36,36,2024-01-30,nobody,available,no,1080p,0.024,0.024,https://vimeo.com/907949163,
960604779,Logo eye animation,(no folder),,0:00:06,6,2024-06-17,nobody,available,no,1080p,0.001,0.001,https://vimeo.com/960604779,
992263764,CH Intros - Shree Nahata,(no folder),,0:04:05,245,2024-07-30,unlisted,available,no,720p,0.072,0.0,https://vimeo.com/992263764,
1016554463,The Yoga Canon Seminar,(no folder),,1:41:12,6072,2024-10-05,disable,available,no,1080p,0.71,0.71,https://vimeo.com/1016554463,
1031244696,Ecopsychology,(no folder),,0:59:56,3596,2024-11-19,nobody,available,no,540p,0.757,0.0,https://vimeo.com/1031244696,
1031244225,"Modern Day Chinese Medicine: Ancient Wisdom, Modern Times",(no folder),,1:31:26,5486,2024-11-19,nobody,available,no,720p,0.946,0.0,https://vimeo.com/1031244225,"In this rich talk, you will learn the foundations and key principles of Traditional Chinese Medicine. You'll learn how to interpret and understand the many subtle (or not so subtle) signs your body is giving out and the ways you can help bring balance back to your body, mind and spirit. Based on the principle of balance, this medicine evolved over thousands of years by observing people, their ailments and their environments, and uses nature and lifestyle to help prevent sickness, maintain health"
1035268002,CH - Loriliai Biernacki,(no folder),,1:30:48,5448,2024-12-02,unlisted,available,no,1080p,2.957,2.957,https://vimeo.com/1035268002,
1035267220,Podcast 3 - Jacob and Loriliai (1),(no folder),,0:00:00,0,2024-12-02,nobody,uploading_error,no,none,0.0,0.0,https://vimeo.com/1035267220,
1086245193,Week 1 - Praṇa Logic - Foundations of Breath Philosophy  - No Slides,(no folder),,3:00:05,10805,2025-05-21,nobody,available,no,1080p,2.164,2.164,https://vimeo.com/1086245193,
1086548578,Week 2 - Classical Yoga Philosophy - Samkhya and Yoga Darsana - No Slides,(no folder),,1:45:33,6333,2025-05-21,nobody,available,no,1080p,1.323,1.323,https://vimeo.com/1086548578,
1086257463,Week 2 - Core Pranayama Techniques - No Slides,(no folder),,0:00:00,0,2025-05-21,nobody,uploading,no,none,0.0,0.0,https://vimeo.com/1086257463,
1086551345,Week 3 - om namah sivaya - No Slides,(no folder),,3:14:25,11665,2025-05-21,nobody,available,no,1080p,2.733,2.733,https://vimeo.com/1086551345,
1086649434,Week 6 - Saktism & Kundalini with Tova Olsson - No Slides,(no folder),,2:35:42,9342,2025-05-22,nobody,available,no,1080p,2.421,2.421,https://vimeo.com/1086649434,
1125603478,CH - Nataraj Full Episode,(no folder),,1:06:42,4002,2025-10-08,unlisted,available,no,1080p,1.878,1.878,https://vimeo.com/1125603478,
1182380862,LIVE_WORKSHOP_The_Body_as_Truthteller_A_Journey_into_Contemplative_Writing,(no folder),Radical Teaching Conference,0:35:15,2115,2026-04-12,nobody,available,no,720p,0.303,0.0,https://vimeo.com/1182380862,
1182385111,Reimagine_the_Classroom,(no folder),Radical Teaching Conference,1:12:11,4331,2026-04-12,nobody,available,no,1080p,0.452,0.452,https://vimeo.com/1182385111,
1182382323,Teaching_Tales_Tapping_the_Power_of_Story_to_Inform_and_Inspire,(no folder),Radical Teaching Conference,0:59:37,3577,2026-04-12,nobody,available,no,1080p,0.281,0.281,https://vimeo.com/1182382323,
1182392410,Virtual_Somatics_Lessons_from_a_Somatic_Psychology_Professor,(no folder),Radical Teaching Conference,1:11:15,4275,2026-04-12,nobody,available,no,720p,0.378,0.0,https://vimeo.com/1182392410,
1182384174,Welcome_to_the_Conference,(no folder),Radical Teaching Conference,0:09:31,571,2026-04-12,nobody,available,no,1080p,0.351,0.351,https://vimeo.com/1182384174,
1213982231,SS Testimonials - Joan & Lee @ Summer Retreat 2026,(no folder),,0:03:37,217,2026-07-29,unlisted,available,no,1080p,0.092,0.092,https://vimeo.com/1213982231,
1221284977,Body Tripping - Cellular_Breathing_Gravity_and_Metabolism,(no folder),,1:01:25,3685,2026-08-25,nobody,available,no,540p,0.655,0.0,https://vimeo.com/1221284977,
1221282538,Body Tripping - Hydrostatic_Support_Your_Organic_Body,(no folder),,1:03:41,3821,2026-08-25,nobody,available,no,540p,0.804,0.0,https://vimeo.com/1221282538,
1221282539,Body Tripping - Networks_of_You_Fascia_and_Fluid,(no folder),,0:57:29,3449,2026-08-25,nobody,available,no,540p,0.739,0.0,https://vimeo.com/1221282539,
1221282536,Body Tripping - Nonlinear_Dynamics_Endocrine_Emanations,(no folder),,1:04:41,3881,2026-08-25,nobody,available,no,540p,0.739,0.0,https://vimeo.com/1221282536,
1221286406,Body Tripping - Ocean_of_Connection_Your_Muscles,(no folder),,0:58:25,3505,2026-08-25,nobody,available,no,540p,0.716,0.0,https://vimeo.com/1221286406,
1221284861,Body Tripping - River_and_Riverbed_Bones_and_Connective_Tissue,(no folder),,0:56:38,3398,2026-08-25,nobody,available,no,540p,0.762,0.0,https://vimeo.com/1221284861,
1221286405,Body Tripping - Self-Modulation_Your_Nervous_System,(no folder),,0:54:08,3248,2026-08-25,nobody,available,no,540p,0.661,0.0,https://vimeo.com/1221286405,
1221282537,Body Tripping - Song_over_Water_Breath_and_Blood,(no folder),,1:00:42,3642,2026-08-25,nobody,available,no,540p,0.672,0.0,https://vimeo.com/1221282537,
1094487564,10-Year Anniversary Celebration,10-Year Anniversary,,2:16:00,8160,2025-06-18,nobody,available,no,1080p,2.571,2.571,https://vimeo.com/1094487564,
1094484258,10-Year Anniversary_avo_1920x1080,10-Year Anniversary,,2:34:37,9277,2025-06-18,nobody,available,no,1080p,3.062,3.062,https://vimeo.com/1094484258,
1094484945,10-Year Anniversary_gallery_1920x1342,10-Year Anniversary,,2:34:37,9277,2025-06-18,nobody,available,no,1440p,2.643,2.035,https://vimeo.com/1094484945,
1094485403,10-Year Anniversary_gvo_1920x1080,10-Year Anniversary,,2:34:37,9277,2025-06-18,nobody,available,no,1080p,2.682,2.682,https://vimeo.com/1094485403,
1157020298,Day 1 GMT20251213-145006_Recording_1920x1080,2025 Yoga Teacher Training (YTT) / Final Practicum (Not Edited),,4:36:54,16614,2026-01-21,nobody,available,no,1080p,6.089,6.089,https://vimeo.com/1157020298,
1157021752,Day 1 GMT20251213-145006_Recording_gallery_1920x1080,2025 Yoga Teacher Training (YTT) / Final Practicum (Not Edited),,4:36:54,16614,2026-01-21,nobody,available,no,1080p,4.038,4.038,https://vimeo.com/1157021752,
1157023678,Day 2 GMT20251214-145008_Recording_1920x1080,2025 Yoga Teacher Training (YTT) / Final Practicum (Not Edited),,4:59:50,17990,2026-01-21,nobody,available,no,1080p,4.378,4.378,https://vimeo.com/1157023678,
1157022972,Day 2 GMT20251214-145008_Recording_gallery_1920x1080,2025 Yoga Teacher Training (YTT) / Final Practicum (Not Edited),,4:59:50,17990,2026-01-21,nobody,available,no,1080p,3.795,3.795,https://vimeo.com/1157022972,
951174474,Day 1 - 30-Day Chakra Sadhana,30-Day Chakra Sādhanā,,1:02:55,3775,2024-05-28,disable,available,no,720p,0.549,0.0,https://vimeo.com/951174474,
951552209,Day 2 - 30-Day Chakra Sadhana,30-Day Chakra Sādhanā,,0:59:11,3551,2024-05-29,disable,available,no,1080p,1.257,1.257,https://vimeo.com/951552209,
951977908,Day 3 - Matsyendra's Frame Story Pt. 2 & the 5 Acts of Śiva (30-Day Chakra Sādhana),30-Day Chakra Sādhanā,,0:56:51,3411,2024-05-30,disable,available,no,1080p,1.154,1.154,https://vimeo.com/951977908,
952461090,Day 4 - Bhāvanā: Creative Contemplation (30-Day Sādhana),30-Day Chakra Sādhanā,,0:41:17,2477,2024-05-31,disable,available,no,1080p,0.726,0.726,https://vimeo.com/952461090,
952603719,30-Day Sadhana - Day 5,30-Day Chakra Sādhanā,,0:49:28,2968,2024-06-01,nobody,available,no,720p,0.702,0.0,https://vimeo.com/952603719,
953222380,30-Day Sadhana - day 6,30-Day Chakra Sādhanā,,0:45:20,2720,2024-06-03,nobody,available,no,720p,0.616,0.0,https://vimeo.com/953222380,
953182280,Day 7 - 30-Day Chakra Sadhana,30-Day Chakra Sādhanā,,0:53:26,3206,2024-06-03,disable,available,no,720p,0.259,0.0,https://vimeo.com/953182280,
953585190,30-Day Sadhana - Day 8,30-Day Chakra Sādhanā,,0:58:40,3520,2024-06-04,disable,available,no,1080p,0.834,0.834,https://vimeo.com/953585190,
953990499,30-Day Sadhana - Day 9,30-Day Chakra Sādhanā,,0:59:38,3578,2024-06-05,disable,available,no,1080p,0.877,0.877,https://vimeo.com/953990499,
954414384,30-Day Sādhana - Day 10,30-Day Chakra Sādhanā,,0:58:19,3499,2024-06-06,disable,available,no,1080p,0.811,0.811,https://vimeo.com/954414384,
954833782,30-Day Sadhana - Day 11,30-Day Chakra Sādhanā,,0:59:21,3561,2024-06-07,disable,available,no,1080p,0.876,0.876,https://vimeo.com/954833782,
955224284,30-Day Sadhana - Day 12,30-Day Chakra Sādhanā,,0:33:14,1994,2024-06-08,nobody,available,no,1080p,1.175,1.175,https://vimeo.com/955224284,
955971334,30-Day Sādhana - Day 14 - Meditation Contraindications,30-Day Chakra Sādhanā,,0:57:17,3437,2024-06-10,disable,available,no,1080p,0.819,0.819,https://vimeo.com/955971334,
956549415,30-Day Sādhana - Day 15,30-Day Chakra Sādhanā,,0:56:53,3413,2024-06-11,disable,available,no,1080p,0.758,0.758,https://vimeo.com/956549415,
957132873,30-Day Sādhana - Day 16,30-Day Chakra Sādhanā,,1:02:27,3747,2024-06-12,disable,available,no,1080p,0.879,0.879,https://vimeo.com/957132873,
957786500,30-Day Sādhana - Day 17,30-Day Chakra Sādhanā,,1:02:36,3756,2024-06-13,disable,available,no,1080p,0.851,0.851,https://vimeo.com/957786500,
958440160,30-Day Sādhana - Day 18,30-Day Chakra Sādhanā,,0:57:17,3437,2024-06-14,nobody,available,no,1080p,0.529,0.529,https://vimeo.com/958440160,
960382183,30-Day Sādhana - Day 21,30-Day Chakra Sādhanā,,0:55:41,3341,2024-06-17,disable,available,no,1080p,0.795,0.795,https://vimeo.com/960382183,
961256932,30-Day Sādhana - Day 22,30-Day Chakra Sādhanā,,0:55:55,3355,2024-06-18,disable,available,no,1080p,0.91,0.91,https://vimeo.com/961256932,
962335375,30-Day Sādhana - Day 23,30-Day Chakra Sādhanā,,1:03:35,3815,2024-06-19,disable,available,no,1080p,0.775,0.775,https://vimeo.com/962335375,
963204681,30-Day Sādhana - Day 24,30-Day Chakra Sādhanā,,0:55:25,3325,2024-06-20,disable,available,no,1080p,0.755,0.755,https://vimeo.com/963204681,
964776435,30-Day Sādhana - Day 25,30-Day Chakra Sādhanā,,0:56:26,3386,2024-06-21,disable,available,no,1080p,0.816,0.816,https://vimeo.com/964776435,
965355138,30-Day Sādhana - Day 26,30-Day Chakra Sādhanā,,1:03:49,3829,2024-06-22,disable,available,no,1080p,0.926,0.926,https://vimeo.com/965355138,
967071804,30-Day Sadhana - Day 28,30-Day Chakra Sādhanā,,0:10:34,634,2024-06-24,nobody,available,no,720p,0.155,0.0,https://vimeo.com/967071804,
967927624,30-Day Sādhana - Day 29,30-Day Chakra Sādhanā,,0:40:09,2409,2024-06-25,nobody,available,no,1080p,0.394,0.394,https://vimeo.com/967927624,
968146648,Edited - 30-Day Sādhanā- Day 29 - Two Stotras,30-Day Chakra Sādhanā,,0:39:10,2350,2024-06-25,disable,available,no,1080p,0.401,0.401,https://vimeo.com/968146648,
968913724,30-Day Sādhana - Day 30,30-Day Chakra Sādhanā,,0:47:28,2848,2024-06-26,disable,available,no,1080p,0.692,0.692,https://vimeo.com/968913724,
1004461453,30-Day Sadhana - Day 28,30-Day Chakra Sādhanā,,0:00:00,0,2024-08-30,nobody,uploading,no,none,0.0,0.0,https://vimeo.com/1004461453,
408462920,What is Bhakti?,Animated Teachings,,0:03:25,205,2020-04-16,unlisted,available,no,1080p,0.041,0.041,https://vimeo.com/408462920,"The word Bhakti literally means love and devotion. A “bhakta” is a person who practices “bhakti,” or loving devotion to god or the divine. Bhakti, as a spiritual path of love, is considered highly accessible, because it allows for the devotee to draw from personal, everyday experiences of love to discover a connection with the divine.

Read the full article on bhakti here: https://www.embodiedphilosophy.com/em...

Explore the writings, podcast episodes, resources and courses on our website: http"
408464489,What is Dharma?,Animated Teachings,,0:02:30,150,2020-04-16,unlisted,available,no,1080p,0.026,0.026,https://vimeo.com/408464489,"Dharma is an important concept found in many spiritual philosophies from the Indian subcontinent, including Hinduism, Buddhism, Jainism and Sikhism. In Hinduism, dharma is refers to the cosmic order as well as one’s personal duty or purpose in life. In Buddhism, dharma indicates the teachings of the Buddha. In Jainism, dharma recalls the soul that exists in all living things.  It is the principle of motion and the true nature of a thing. In Sikhism, dharma is a term for the “path of righteousnes"
408465540,What is Interoception?,Animated Teachings,,0:02:40,160,2020-04-16,unlisted,available,no,1080p,0.031,0.031,https://vimeo.com/408465540,"Interoception is the perception of one’s inner environment, particularly as it relates to bodily sensations. It is our capacity to bear witness to the feelings inside, from muscular tension to heart beats, from the rhythm of the breath to the relative fullness of our stomach. With the exception of certain severe medical conditions, everyone has some degree of interoception, as it would be impossible to live functionally without it. 

Read the full article on interoception here: https://www.embod"
408619107,What is Maya?,Animated Teachings,,0:03:37,217,2020-04-16,unlisted,available,no,1080p,0.047,0.047,https://vimeo.com/408619107,"Māyā is “illusion,” a core concept in the Advaita Vedānta or “non-dual” school of Vedic thought. It’s key to understanding the way you construct the world through false perception. Māyā is thinking you’re separate from the Divine. Enlightenment is realizing this isn’t true. There’s a deeper reality that transcends the changing world. In the Vedas, it’s called Brahman—Pure Consciousness.  

Read the full article on Māyā  here: https://www.embodiedphilosophy.com/what-is-māyā 

Explore the"
408466894,What is Murti?,Animated Teachings,,0:02:48,168,2020-04-16,unlisted,available,no,1080p,0.028,0.028,https://vimeo.com/408466894,"A mūrti is a “vessel” that contains a manifestation, incarnation, and personification of a god. Though the word mūrti is often used to describe an image or statue of the divine, a mūrti is not an idol. It is a way to commune with the Divine that would otherwise be beyond the senses. Mūrti is the means to relate to the unrelatable.

Read the full article on mūrti here: https://www.embodiedphilosophy.com/what-is-mūrti
Explore the writings, podcast episodes, resources and courses on our website: h"
408621918,What is Non-Dualism?,Animated Teachings,,0:03:22,202,2020-04-16,unlisted,available,no,720p,0.027,0.0,https://vimeo.com/408621918,"Non-dualism, often denoted with the Sanskrit terms advaita or advaya, is a metaphysical concept that literally means “not-two.” It is at once an ontological claim about the nature of reality and a description of the mystical experience."
408467945,What is Prana?,Animated Teachings,,0:02:34,154,2020-04-16,unlisted,available,no,1080p,0.028,0.028,https://vimeo.com/408467945,"Often translated as breath, prāṇa is, in fact, the vital energy of life itself. It is the basic material for all that exists.  Thus, prāṇa is both the origination of life and its continuation.   In many ways, the entire practice of Yoga can be understood as an engagement with prāṇa.
 
Read the full article on prāṇa here: https://www.embodiedphilosophy.com/what-is-prana
Check out our lecture series and resource package on prāṇa and prāṇāyama here:  https://www.embodiedphilosophy.org/embodied-brea"
408469178,What is Pranayama?,Animated Teachings,,0:02:36,156,2020-04-16,unlisted,available,no,1080p,0.022,0.022,https://vimeo.com/408469178,"Prāṇāyāma is the effort or practice of controlling the breath in order to access the vital energy that sustains life.  The breath is something that is at once deeply personal and universal.  Every sentient being shares the experience of breathing, albeit in different ways. Traditionally, prāṇāyāma is learned directly from a trusted teacher. Different schools vary the order of the techniques, with differing results.  Yet, the basic practices remain similar across traditions including concentrated"
408470020,What is Psychosomatic?,Animated Teachings,,0:03:13,193,2020-04-16,unlisted,available,no,1080p,0.028,0.028,https://vimeo.com/408470020,"The term ‘psychosomatic’ means mind and body related. A psychosomatic disorder is a physical disease which is caused, or worsened, by mental factors. The term is also used when mental factors cause physical symptoms but where there is no physical disease.
 
Read the full article on psychosomatic here: https://www.embodiedphilosophy.com/what-is-psychosomatic
Explore the writings, podcast episodes, resources and courses on our website: https://www.embodiedphilosophy.com/
 
Please like, share and s"
408471282,What is Puja?,Animated Teachings,,0:02:29,149,2020-04-16,unlisted,available,no,1080p,0.029,0.029,https://vimeo.com/408471282,"Pūjā is the procedure of developing a deep and sweet intimacy with a deity or object of adoration The Sanskrit word “pūjā” is made up of pū, which means to purify or cleanse, and jā, which means birth. Essentially then, pūjā is a ritual of adoration of a deity with the goal of purifying or sanctifying our lives.

Read the full article on pūjā here: https://www.embodiedphilosophy.com/what-is-puja
Explore the writings, podcast episodes, resources and courses on our website: https://www.embodiedphi"
408472532,What is Sakti?,Animated Teachings,,0:03:11,191,2020-04-16,unlisted,available,no,1080p,0.036,0.036,https://vimeo.com/408472532,"Śakti means “power” and is the divine feminine force personified in all expressions of the Hindu goddess. She is the dynamic, primordial energy that supports life.

Read the full article on Śakti here: https://www.embodiedphilosophy.com/what-is-shakti

Explore the writings, podcast episodes, resources and courses on our website: https://www.embodiedphilosophy.com/

http://freemusicarchive.org/music/Siddhartha/Freedom/Siddhartha_-_Freedom_-_01_Victory_of_Buddha

Please like, share and subscribe t"
408474564,What is Samkhya?,Animated Teachings,,0:02:22,142,2020-04-16,unlisted,available,no,1080p,0.025,0.025,https://vimeo.com/408474564,"Sāṃkhya is one of the six darśanas (darśana = “way of seeing”) of Hinduism. Referred to by many as the oldest philosophical system of India, it is considered the metaphysical backdrop of Classical Yoga. Some of Sāṃkhya’s key concepts are first mentioned in the earliest of the Vedas, however the reality of oral tradition in India suggests that Sāṃkhyan ideas are in fact much older than the Vedas in their written form. 

Read the full article on Sāṃkhya here: https://www.embodiedphilosophy.com/wha"
408507823,What is Samsara?,Animated Teachings,,0:03:08,188,2020-04-16,unlisted,available,no,1080p,0.037,0.037,https://vimeo.com/408507823,"Saṃsāra refers to the cycle of death and rebirth. It is the natural cycle of creation, maintenance, and dissolution that all material things undergo. 

Read the full article on saṃsāra here: https://www.embodiedphilosophy.com/what-is-saṃsāra

Explore the writings, podcast episodes, resources and courses on our website: https://www.embodiedphilosophy.com/
Please like, share and subscribe to our channel to get notifications when our new animations and free video teachings are released!

https://ww"
408553912,What is Soma?,Animated Teachings,,0:02:47,167,2020-04-16,unlisted,available,no,1080p,0.027,0.027,https://vimeo.com/408553912,"In Indian mythology, soma is the elusive elixir of immortality. It is a celebrated beverage that is healing, uplifting, and intoxicating. Soma is also a word of ancient Greek origin and means “body”; it is largely from this latter origin that the field of somatic therapy has developed to emphasize the individual’s internal experience of the body.

Read the full article on soma here: https://www.embodiedphilosophy.com/what-is-soma
Explore the writings, podcast episodes, resources and courses on o"
408555031,What is Subconscious?,Animated Teachings,,0:02:34,154,2020-04-16,unlisted,available,no,1080p,0.036,0.036,https://vimeo.com/408555031,"The subconscious is a psychological term that means “below the conscious mind”. It refers to a domain of experience that is hidden from our awareness but nonetheless impacts our behavior by manifesting as habits, desires, fears and attachments.

Read the full article on subconscious here: https://www.embodiedphilosophy.com/what-is-subconscious?
Explore the writings, podcast episodes, resources and courses on our website: https://www.embodiedphilosophy.com/

Please like, share and subscribe to ou"
408558000,What is Svapna?,Animated Teachings,,0:03:13,193,2020-04-16,unlisted,available,no,1080p,0.036,0.036,https://vimeo.com/408558000,"Svapna is a Sanskrit term for dream.  It encompasses both the content of the dream and the relationship of that content to the ordinary world.  In Sanskrit literature, dreams are a valid form of knowledge and an expression of reality, broadly speaking.

Read the full article on svapna here: https://www.embodiedphilosophy.com/what-is-svapna

Explore the writings, podcast episodes, resources and courses on our website: https://www.embodiedphilosophy.com/
 
Please like, share and subscribe to our c"
408558752,What is Tarka?,Animated Teachings,,0:02:24,144,2020-04-16,unlisted,available,no,1080p,0.034,0.034,https://vimeo.com/408558752,"Tarka means logic and is the ability to put together a series of related notions through logical deduction based on experience. When it comes to the spiritual journey, instead of “crude” logic that can lead to erroneous assumptions, here it is elevated to sat-tarka, a product of both reasoning and inference, where we are able to differentiate between the mind and awareness, sense objects and their perception, and mind constructs and reality. 

Read the full article on tarka here: https://www.emb"
832783283,Awakened Body - Integration Session 1,Awakened Body Cert On Demand,,0:40:00,2400,2023-06-02,disable,available,no,720p,0.286,0.0,https://vimeo.com/832783283,
832776422,Awakened Body - Integration Session 2,Awakened Body Cert On Demand,,1:01:02,3662,2023-06-02,disable,available,no,720p,0.455,0.0,https://vimeo.com/832776422,
832784366,Awakened Body - Integration Session 3,Awakened Body Cert On Demand,,0:49:45,2985,2023-06-02,disable,available,no,720p,0.322,0.0,https://vimeo.com/832784366,
832778218,Between Psyche & Soul: Re-imagining Intuition,Awakened Body Cert On Demand,,1:07:03,4023,2023-06-02,disable,available,no,720p,0.379,0.0,https://vimeo.com/832778218,
832781022,Beyond Trauma Unbinding The Body Via Posttraumatic Growth,Awakened Body Cert On Demand,,1:20:28,4828,2023-06-02,disable,available,no,720p,0.46,0.0,https://vimeo.com/832781022,
832775633,Body To Body Intimacy,Awakened Body Cert On Demand,,1:36:49,5809,2023-06-02,disable,available,no,720p,0.676,0.0,https://vimeo.com/832775633,
832779472,Close Your Eyes to See: Experiential Praxis for Awakening the Body,Awakened Body Cert On Demand,,1:28:46,5326,2023-06-02,disable,available,no,720p,0.327,0.0,https://vimeo.com/832779472,
832780780,Contemporary Psychoanalysis Playing With Theories Of Embodiment,Awakened Body Cert On Demand,,1:00:13,3613,2023-06-02,disable,available,no,720p,0.3,0.0,https://vimeo.com/832780780,
832777557,Developmental Somatic Psychology,Awakened Body Cert On Demand,,1:22:52,4972,2023-06-02,disable,available,no,720p,0.703,0.0,https://vimeo.com/832777557,
832781418,Embodied Movement: Practices Engaging The Whole Self,Awakened Body Cert On Demand,,1:48:32,6512,2023-06-02,disable,available,no,720p,0.817,0.0,https://vimeo.com/832781418,
832778826,Fractals of Spiritual Development,Awakened Body Cert On Demand,,1:26:38,5198,2023-06-02,disable,available,no,720p,0.709,0.0,https://vimeo.com/832778826,
832776993,Introduction to Somatics: Beyond the MindBody Problem,Awakened Body Cert On Demand,,1:33:58,5638,2023-06-02,disable,available,no,720p,0.555,0.0,https://vimeo.com/832776993,
832782649,Just To Be Alive: Somatics And Spirituality,Awakened Body Cert On Demand,,1:39:06,5946,2023-06-02,disable,available,no,720p,0.426,0.0,https://vimeo.com/832782649,
832778554,Polyvagal Theory and the Awakened Body,Awakened Body Cert On Demand,,1:19:10,4750,2023-06-02,disable,available,no,720p,0.312,0.0,https://vimeo.com/832778554,
832759620,Queering The Body: Gender And Sexuality,Awakened Body Cert On Demand,,1:24:31,5071,2023-06-02,disable,available,no,720p,0.649,0.0,https://vimeo.com/832759620,
832780053,Soma Semantics Cultivating Presence Via Embodied Witnessing Praxis,Awakened Body Cert On Demand,,1:31:03,5463,2023-06-02,disable,available,no,720p,0.638,0.0,https://vimeo.com/832780053,
832782194,The Unknown Unknown: Somatic Encounters With The Other,Awakened Body Cert On Demand,,1:49:03,6543,2023-06-02,disable,available,no,720p,0.658,0.0,https://vimeo.com/832782194,
832779805,Using Dreams To Awaken The Body,Awakened Body Cert On Demand,,0:51:31,3091,2023-06-02,disable,available,no,720p,0.249,0.0,https://vimeo.com/832779805,
832782918,Why Study Somatics & Embodied Techniques?,Awakened Body Cert On Demand,,0:54:14,3254,2023-06-02,disable,available,no,720p,0.35,0.0,https://vimeo.com/832782918,
1178620374,Module_1_Framing_an_Antiracist_Spirituality,Been in Struggle,,1:47:26,6446,2026-03-30,nobody,available,no,540p,0.785,0.0,https://vimeo.com/1178620374,
1178620613,Module_2_Racial_Conflict_Transformed,Been in Struggle,,1:51:08,6668,2026-03-30,nobody,available,no,540p,0.908,0.0,https://vimeo.com/1178620613,
1178620881,Module_3_Popular_Culture_Antiracist_Spirituality,Been in Struggle,,1:50:27,6627,2026-03-30,nobody,available,no,540p,0.9,0.0,https://vimeo.com/1178620881,
1178621166,Module_4_Antiracist_Spirituality_Realized,Been in Struggle,,1:57:20,7040,2026-03-30,nobody,available,no,540p,0.926,0.0,https://vimeo.com/1178621166,
889966536,Trailer_Beyond the Studio_Onieka Mays_FINAL,Blitz 2023 / Beyond the Yoga Studio - Oneika,,0:01:02,62,2023-11-30,disable,available,no,1080p,0.03,0.03,https://vimeo.com/889966536,
900215989,Class 1_ What’s your Origin Story_FINAL,Blitz 2023 / Beyond the Yoga Studio - Oneika,,0:07:14,434,2024-01-05,disable,available,no,1080p,0.21,0.21,https://vimeo.com/900215989,
900220490,Class 2_ Your story can’t be replicated by anyone_FINAL,Blitz 2023 / Beyond the Yoga Studio - Oneika,,0:07:07,427,2024-01-05,disable,available,no,1080p,0.213,0.213,https://vimeo.com/900220490,
900226752,Class 3_ Find Your People & Stay in Your Lane_FINAL,Blitz 2023 / Beyond the Yoga Studio - Oneika,,0:10:14,614,2024-01-05,disable,available,no,1080p,0.333,0.333,https://vimeo.com/900226752,
900254964,Class 4_ Not Everyone Likes You and That’s Okay_FINAL,Blitz 2023 / Beyond the Yoga Studio - Oneika,,0:09:02,542,2024-01-05,disable,available,no,1080p,0.269,0.269,https://vimeo.com/900254964,
900255185,Class 5_ you had a life before yoga don’t forget that_FINAL,Blitz 2023 / Beyond the Yoga Studio - Oneika,,0:08:05,485,2024-01-05,disable,available,no,1080p,0.278,0.278,https://vimeo.com/900255185,
900255390,Class 6_ Shapeshifting is not adaptability_FINAL,Blitz 2023 / Beyond the Yoga Studio - Oneika,,0:07:03,423,2024-01-05,disable,available,no,1080p,0.224,0.224,https://vimeo.com/900255390,
900255622,Class 7_ Representation matters_ on your terms_FINAL,Blitz 2023 / Beyond the Yoga Studio - Oneika,,0:07:48,468,2024-01-05,disable,available,no,1080p,0.274,0.274,https://vimeo.com/900255622,
900255840,Class 8_ If you aren’t evolving you aren’t living yoga_FINAL,Blitz 2023 / Beyond the Yoga Studio - Oneika,,0:09:57,597,2024-01-05,disable,available,no,1080p,0.312,0.312,https://vimeo.com/900255840,
900256152,Oneika Clip,Blitz 2023 / Beyond the Yoga Studio - Oneika,,0:00:58,58,2024-01-05,disable,available,no,1080p,0.03,0.03,https://vimeo.com/900256152,
900256199,Promo_Interview_Beyond the Studio_Oneika Mays_FINAL,Blitz 2023 / Beyond the Yoga Studio - Oneika,,0:03:29,209,2024-01-05,disable,available,no,1080p,0.106,0.106,https://vimeo.com/900256199,
901332353,Class 2- Eat food that supports mental calm_Dr. Bhattacharya_V1,Blitz 2023 / Creating Sacred Moments Bhaswati,,0:16:19,979,2024-01-09,disable,available,no,1080p,0.377,0.377,https://vimeo.com/901332353,
901303502,CLIP - Sacred Moments LP,Blitz 2023 / Creating Sacred Moments Bhaswati,,0:02:03,123,2024-01-09,disable,available,no,1080p,0.048,0.048,https://vimeo.com/901303502,
901333070,Class 3. Work on I-am-not-enough issues_Dr. Bhattacharya_V1,Blitz 2023 / Creating Sacred Moments Bhaswati,,0:11:41,701,2024-01-10,unlisted,available,no,1080p,0.221,0.221,https://vimeo.com/901333070,
901333608,Class 4. Build an Altar_Dr. Bhattacharya_V1-,Blitz 2023 / Creating Sacred Moments Bhaswati,,0:10:05,605,2024-01-10,disable,available,no,1080p,0.23,0.23,https://vimeo.com/901333608,
901334185,Class 5- Move your Body_Dr. Bhattacharya_V1,Blitz 2023 / Creating Sacred Moments Bhaswati,,0:11:54,714,2024-01-10,disable,available,no,1080p,0.263,0.263,https://vimeo.com/901334185,
901334652,Class 6- Fall into Daily Routine_Dr. Bhattacharya_V1,Blitz 2023 / Creating Sacred Moments Bhaswati,,0:10:00,600,2024-01-10,disable,available,no,1080p,0.241,0.241,https://vimeo.com/901334652,
901335001,Class 7- Rituals of Gratitude Attract Alignment with Reality_Dr. Bhattacharya_V1,Blitz 2023 / Creating Sacred Moments Bhaswati,,0:12:45,765,2024-01-10,disable,available,no,1080p,0.289,0.289,https://vimeo.com/901335001,
901335477,Class 8- Bathe and Imbibe Pure Water_Dr. Bhattacharya_V1-,Blitz 2023 / Creating Sacred Moments Bhaswati,,0:11:24,684,2024-01-10,disable,available,no,1080p,0.242,0.242,https://vimeo.com/901335477,
901335918,Class 9- Breakthrough Exercises Find You When You are Lost_Dr. Bhattacharya_V2,Blitz 2023 / Creating Sacred Moments Bhaswati,,0:15:19,919,2024-01-10,disable,available,no,1080p,0.307,0.307,https://vimeo.com/901335918,
901336555,Promo-Interview_Dr. Bhattacharya_V1 -,Blitz 2023 / Creating Sacred Moments Bhaswati,,0:17:35,1055,2024-01-10,disable,available,no,1080p,0.463,0.463,https://vimeo.com/901336555,
901337211,Trailer_Dr. Bhattacharya_V2,Blitz 2023 / Creating Sacred Moments Bhaswati,,0:01:58,118,2024-01-10,disable,available,no,1080p,0.04,0.04,https://vimeo.com/901337211,
903815581,Class 1. Be in the present moment_Dr. Bhattacharya_V1,Blitz 2023 / Creating Sacred Moments Bhaswati,,0:13:19,799,2024-01-17,unlisted,available,no,1080p,0.289,0.289,https://vimeo.com/903815581,
899959348,"Class 1_ Three components of anxiety_ Neurobiological, Psychological & Spiritual_Pilar Jennings_V1 ACC",Blitz 2023 / Healing Stress - Pilar,,0:09:32,572,2024-01-04,unlisted,available,no,1080p,0.244,0.244,https://vimeo.com/899959348,
899959719,Class 2_ Mind & its Developmental Formation_ Links to early anxiety_Pilar Jennings_V1 _ACC,Blitz 2023 / Healing Stress - Pilar,,0:10:48,648,2024-01-04,disable,available,no,1080p,0.246,0.246,https://vimeo.com/899959719,
899960117,Class 3_ Healing Relational Sources of anxiety_Pilar Jennings_V1_ACC,Blitz 2023 / Healing Stress - Pilar,,0:11:36,696,2024-01-04,disable,available,no,1080p,0.265,0.265,https://vimeo.com/899960117,
899960552,Class 4_ Why & How a separate self develops_ Buddhist origins of anxiety_Pilar Jennings_V1_ACC,Blitz 2023 / Healing Stress - Pilar,,0:12:39,759,2024-01-04,disable,available,no,1080p,0.305,0.305,https://vimeo.com/899960552,
899961088,Class 5_ Healing Existential & Spiritual sources of anxiety_Pilar Jennings_V1_ACC,Blitz 2023 / Healing Stress - Pilar,,0:13:36,816,2024-01-04,unlisted,available,no,1080p,0.278,0.278,https://vimeo.com/899961088,
899961799,Class 6_ Building a Bridge_ Contemplative Psychotherapy and its methods for reducing anxiety_Pilar Jennings_V1_ACC,Blitz 2023 / Healing Stress - Pilar,,0:13:34,814,2024-01-04,disable,available,no,1080p,0.288,0.288,https://vimeo.com/899961799,
899962236,"Class 7_ Linking Self, early development, & Somatic Responses to anxiety_Pilar Jennings_V1_ACC",Blitz 2023 / Healing Stress - Pilar,,0:14:15,855,2024-01-04,disable,available,no,1080p,0.325,0.325,https://vimeo.com/899962236,
899962574,Class 8 _ Healing individual anxiety in an anxious world_Pilar Jennings_V1_ACC,Blitz 2023 / Healing Stress - Pilar,,0:14:11,851,2024-01-04,disable,available,no,1080p,0.312,0.312,https://vimeo.com/899962574,
899979050,Pilar - Clip for LP,Blitz 2023 / Healing Stress - Pilar,,0:01:03,63,2024-01-04,disable,available,no,1080p,0.021,0.021,https://vimeo.com/899979050,
899961586,Promo_Interview_Pilar Jenniings_V1_ACC,Blitz 2023 / Healing Stress - Pilar,,0:06:01,361,2024-01-04,disable,available,no,1080p,0.121,0.121,https://vimeo.com/899961586,
899961752,Trailer_Pilar Jenniings_V1_ACC,Blitz 2023 / Healing Stress - Pilar,,0:01:25,85,2024-01-04,disable,available,no,1080p,0.033,0.033,https://vimeo.com/899961752,
891526039,"Class 1_ You Are Your Own Small Business, Own It!_Ava Taylor_FINAL",Blitz 2023 / Master the Big 4 - Ava Taylor,,0:14:12,852,2023-12-05,unlisted,available,no,1080p,0.399,0.399,https://vimeo.com/891526039,
891529355,Class 2_ Strategy Deep Dive_FINAL,Blitz 2023 / Master the Big 4 - Ava Taylor,,0:20:40,1240,2023-12-05,disable,available,no,1080p,0.595,0.595,https://vimeo.com/891529355,
891526608,Class 3_  Operations Deep Dive_FINAL,Blitz 2023 / Master the Big 4 - Ava Taylor,,0:11:29,689,2023-12-05,disable,available,no,1080p,0.334,0.334,https://vimeo.com/891526608,
891530181,Class 4_ Marketing Deep Dive_FINAL,Blitz 2023 / Master the Big 4 - Ava Taylor,,0:09:58,598,2023-12-05,disable,available,no,1080p,0.299,0.299,https://vimeo.com/891530181,
891527178,Class 5_ Finances Deep Dive_ _FINAL,Blitz 2023 / Master the Big 4 - Ava Taylor,,0:10:41,641,2023-12-05,disable,available,no,1080p,0.31,0.31,https://vimeo.com/891527178,
891538541,Class 6_ How Do You Spend Your Time as a Small Business Owner__FINAL (1),Blitz 2023 / Master the Big 4 - Ava Taylor,,0:10:52,652,2023-12-05,disable,available,no,1080p,0.313,0.313,https://vimeo.com/891538541,
891525445,Class 7_  Time management for busy entrepreneurs_FINAL,Blitz 2023 / Master the Big 4 - Ava Taylor,,0:14:04,844,2023-12-05,disable,available,no,1080p,0.425,0.425,https://vimeo.com/891525445,
891527670,Class 8_  Seek Help_ Creative solutions for building a team to support your business_FINAL,Blitz 2023 / Master the Big 4 - Ava Taylor,,0:12:52,772,2023-12-05,disable,available,no,1080p,0.381,0.381,https://vimeo.com/891527670,
891528776,Class 9_  Craft Clear Agreements - Collaborations & Partnerships_FINAL,Blitz 2023 / Master the Big 4 - Ava Taylor,,0:11:52,712,2023-12-05,disable,available,no,1080p,0.333,0.333,https://vimeo.com/891528776,
891524849,CLIP 2 Class 6_ How Do You Spend Your Time as a Small Business Owner__FINAL (1),Blitz 2023 / Master the Big 4 - Ava Taylor,,0:01:58,118,2023-12-05,disable,available,no,1080p,0.051,0.051,https://vimeo.com/891524849,
891528376,Promo_Interview_Master the Big 4_Ava Taylor_FINAL 1080,Blitz 2023 / Master the Big 4 - Ava Taylor,,0:08:56,536,2023-12-05,disable,available,no,1080p,0.302,0.302,https://vimeo.com/891528376,
891516168,TRAILER_Master the Big 4_Ava Taylor_FINAL (1),Blitz 2023 / Master the Big 4 - Ava Taylor,,0:01:22,82,2023-12-05,disable,available,no,1080p,0.035,0.035,https://vimeo.com/891516168,
903774072,Class 1- Rules of the Meditation & Mindfulness Road _Dana Slamp_V02 FINAL,Blitz 2023 / Mindfulness in the Workplace,,0:07:18,438,2024-01-17,disable,available,no,1080p,0.159,0.159,https://vimeo.com/903774072,
903774520,Class 2- Community & Workplace Mindfulness Strategies_Dana Slamp_V02_FINAL,Blitz 2023 / Mindfulness in the Workplace,,0:13:47,827,2024-01-17,disable,available,no,1080p,0.273,0.273,https://vimeo.com/903774520,
903775320,Class 3- Take a Breath- Breath Awareness  _Dana Slamp_V01-,Blitz 2023 / Mindfulness in the Workplace,,0:12:30,750,2024-01-17,disable,available,no,1080p,0.258,0.258,https://vimeo.com/903775320,
903776115,Class 4- The Body Scan _Dana Slamp_V01.mp4,Blitz 2023 / Mindfulness in the Workplace,,0:05:35,335,2024-01-17,disable,available,no,1080p,0.103,0.103,https://vimeo.com/903776115,
903776456,Class 5- Intention Setting Meditation _Dana Slamp_V01-,Blitz 2023 / Mindfulness in the Workplace,,0:11:25,685,2024-01-17,disable,available,no,1080p,0.234,0.234,https://vimeo.com/903776456,
903777096,Class 6- The Power of Sound  _Dana Slamp_V01 -,Blitz 2023 / Mindfulness in the Workplace,,0:11:51,711,2024-01-17,disable,available,no,1080p,0.243,0.243,https://vimeo.com/903777096,
903777823,Class 7- Loving Kindness Meditation _Dana Slamp_V01.mp4,Blitz 2023 / Mindfulness in the Workplace,,0:05:59,359,2024-01-17,disable,available,no,1080p,0.099,0.099,https://vimeo.com/903777823,
903778134,Class 8- Chair Yoga and Stretching _Dana Slamp_V01 -,Blitz 2023 / Mindfulness in the Workplace,,0:09:47,587,2024-01-17,disable,available,no,1080p,0.201,0.201,https://vimeo.com/903778134,
903778656,Interview-Promo _Dana Slamp_V01-,Blitz 2023 / Mindfulness in the Workplace,,0:04:47,287,2024-01-17,disable,available,no,1080p,0.107,0.107,https://vimeo.com/903778656,
903778914,Trailer_Dana Slamp_V1_1min,Blitz 2023 / Mindfulness in the Workplace,,0:00:51,51,2024-01-17,disable,available,no,1080p,0.018,0.018,https://vimeo.com/903778914,
903778965,Trailer_Dana Slamp_V2_2min,Blitz 2023 / Mindfulness in the Workplace,,0:01:54,114,2024-01-17,disable,available,no,1080p,0.04,0.04,https://vimeo.com/903778965,
904185007,Dana CLIP for LP,Blitz 2023 / Mindfulness in the Workplace,,0:01:20,80,2024-01-18,disable,available,no,1080p,0.031,0.031,https://vimeo.com/904185007,
1178766823,Module_1_Internal_Wholeness_and_Self-Other_Unity,Body-Mind Integration,,1:57:57,7077,2026-03-31,nobody,available,no,360p,0.492,0.0,https://vimeo.com/1178766823,
1178767094,Module_2_The_Subtle_Core_of_the_Body_Mind,Body-Mind Integration,,1:59:17,7157,2026-03-31,nobody,available,no,360p,0.527,0.0,https://vimeo.com/1178767094,
1178767345,Module_3_Body_Mind_Space_Qualities_and_Sensory_Refinement,Body-Mind Integration,,1:58:35,7115,2026-03-31,nobody,available,no,540p,0.862,0.0,https://vimeo.com/1178767345,
1178767627,Module_4_Healing_from_Trauma,Body-Mind Integration,,2:02:45,7365,2026-03-31,nobody,available,no,360p,0.605,0.0,https://vimeo.com/1178767627,
826388497,Buddhist Psychology Cert. Session 3,Buddhist Psychology Cert,,1:57:01,7021,2023-05-13,unlisted,available,no,1080p,0.577,0.577,https://vimeo.com/826388497,
827779144,Neuroecopsychology of the Subtle Body,Buddhist Psychology Cert,,1:23:41,5021,2023-05-17,unlisted,available,no,1080p,0.852,0.852,https://vimeo.com/827779144,
828377969,Buddhist Psychology Cert. Session 1,Buddhist Psychology Cert,,1:56:45,7005,2023-05-19,unlisted,available,no,720p,0.524,0.0,https://vimeo.com/828377969,
829240936,Buddhist Psychology Cert. Session 5,Buddhist Psychology Cert,,1:52:27,6747,2023-05-23,unlisted,available,no,720p,0.462,0.0,https://vimeo.com/829240936,
832449815,Buddhist Psychology Cert. Session 7,Buddhist Psychology Cert,,1:46:24,6384,2023-06-01,unlisted,available,no,720p,0.409,0.0,https://vimeo.com/832449815,
836642272,Buddhist Psychology Cert Session 11,Buddhist Psychology Cert,,1:45:26,6326,2023-06-15,unlisted,available,no,1080p,0.613,0.613,https://vimeo.com/836642272,
836615183,Buddhist Psycholoy Cert Session 9,Buddhist Psychology Cert,,1:25:44,5144,2023-06-15,unlisted,available,no,720p,0.295,0.0,https://vimeo.com/836615183,
836738341,Buddhist Psychology Cert. Session 13,Buddhist Psychology Cert,,1:47:12,6432,2023-06-16,unlisted,available,no,1080p,0.666,0.666,https://vimeo.com/836738341,
836902986,Buddhist Psychology Cert. Session 2,Buddhist Psychology Cert,,1:50:05,6605,2023-06-16,unlisted,available,no,1080p,0.708,0.708,https://vimeo.com/836902986,
836954605,Buddhist Psychology Cert. Session 4,Buddhist Psychology Cert,,1:55:06,6906,2023-06-16,unlisted,available,no,1080p,0.639,0.639,https://vimeo.com/836954605,
837226870,Buddhist Psychology Cert. Session 8,Buddhist Psychology Cert,,1:58:00,7080,2023-06-17,unlisted,available,no,1080p,0.531,0.531,https://vimeo.com/837226870,
837323723,Buddhist Psychology Cert. Session 10,Buddhist Psychology Cert,,1:57:47,7067,2023-06-18,unlisted,available,no,1080p,0.674,0.674,https://vimeo.com/837323723,
837278601,Buddhist Psychology Cert. Session 6,Buddhist Psychology Cert,,1:53:39,6819,2023-06-18,unlisted,available,no,1080p,0.553,0.553,https://vimeo.com/837278601,
837726913,Buddhist Psychology Cert. Session 12,Buddhist Psychology Cert,,1:51:12,6672,2023-06-19,unlisted,available,no,1080p,0.627,0.627,https://vimeo.com/837726913,
838092762,Buddhist Psychology Cert Session 14,Buddhist Psychology Cert,,1:48:38,6518,2023-06-20,unlisted,available,no,1080p,0.778,0.778,https://vimeo.com/838092762,
838062963,Buddist Psychology Cert- Integration #1,Buddhist Psychology Cert,,0:55:21,3321,2023-06-20,unlisted,available,no,720p,0.356,0.0,https://vimeo.com/838062963,
841665106,Buddhist Psychology Cert Integration #2,Buddhist Psychology Cert,,1:31:22,5482,2023-07-02,unlisted,available,no,1080p,1.444,1.444,https://vimeo.com/841665106,
847610121,Buddhist Psychology Cert Integration #3,Buddhist Psychology Cert,,1:21:01,4861,2023-07-22,unlisted,available,no,1080p,1.868,1.868,https://vimeo.com/847610121,
847606424,Buddhist Psychology Certification Closing Ceremony,Buddhist Psychology Cert,,0:30:43,1843,2023-07-22,unlisted,available,no,1080p,0.271,0.271,https://vimeo.com/847606424,
842598868,Chakras Challenge Promo Commercial,Chakras Challenge,,0:05:10,310,2023-07-05,nobody,available,no,1080p,0.167,0.167,https://vimeo.com/842598868,
995778728,CYS - Tantric 8 Limbs (full video),Chalkboard Yoga Studies,,0:42:02,2522,2024-08-07,nobody,available,no,720p,0.547,0.0,https://vimeo.com/995778728,
1004478464,CYS - New Shadanga Yoga - Pt 2,Chalkboard Yoga Studies,,0:19:36,1176,2024-08-30,nobody,available,no,720p,0.34,0.0,https://vimeo.com/1004478464,
1004484637,CYS - New Shadanga Yoga - Pt 3,Chalkboard Yoga Studies,,0:15:27,927,2024-08-30,nobody,available,no,720p,0.257,0.0,https://vimeo.com/1004484637,
1004490332,CYS - New Shadanga Yoga - Pt 4,Chalkboard Yoga Studies,,0:05:11,311,2024-08-30,nobody,available,no,720p,0.087,0.0,https://vimeo.com/1004490332,
1004487105,CYS - New Shadanga Yoga - Pt 5,Chalkboard Yoga Studies,,0:14:13,853,2024-08-30,nobody,available,no,720p,0.242,0.0,https://vimeo.com/1004487105,
1004489467,CYS - Sadanga Yoga Pt 2,Chalkboard Yoga Studies,,0:05:29,329,2024-08-30,nobody,available,no,720p,0.089,0.0,https://vimeo.com/1004489467,
1004491121,CYS - Shadanga Yoga - Part 3,Chalkboard Yoga Studies,,0:03:27,207,2024-08-30,nobody,available,no,720p,0.056,0.0,https://vimeo.com/1004491121,
1004481548,CYS - ṣaḍaṅga yoga - part 1,Chalkboard Yoga Studies,,0:18:40,1120,2024-08-30,nobody,available,no,720p,0.307,0.0,https://vimeo.com/1004481548,
1004469605,CYS - ṣaḍāṅga yoga - final edit,Chalkboard Yoga Studies,,0:49:56,2996,2024-08-30,nobody,available,no,720p,0.793,0.0,https://vimeo.com/1004469605,
1004463377,CYS - Tantric 8 Limbs,Chalkboard Yoga Studies,,0:41:28,2488,2024-08-30,nobody,available,no,720p,0.613,0.0,https://vimeo.com/1004463377,
1004460854,CYS - Tantric 8 Limbs,Chalkboard Yoga Studies,,0:00:00,0,2024-08-30,nobody,uploading,no,none,0.0,0.0,https://vimeo.com/1004460854,
1004474466,CYS - Tantric 8 Limbs (full video),Chalkboard Yoga Studies,,0:42:02,2522,2024-08-30,nobody,available,no,720p,0.547,0.0,https://vimeo.com/1004474466,
228007866,CHITHEADS for FORUM - Isa Gucciardi,CHITHEADS - New YouTube Videos,CHITHEADS Videos,1:04:22,3862,2017-08-02,anybody,available,no,720p,0.794,0.0,https://vimeo.com/228007866,
230711507,CHITHEADS for FORUM - (#50) Isa Gucciardi,CHITHEADS - New YouTube Videos,,1:04:22,3862,2017-08-23,anybody,available,no,720p,0.794,0.0,https://vimeo.com/230711507,
230710908,CHITHEADS for Forum - David Vago,CHITHEADS - New YouTube Videos,,1:06:23,3983,2017-08-23,anybody,available,no,360p,0.388,0.0,https://vimeo.com/230710908,
230710114,CHITHEADS for Forum - Jonathan Edelmann,CHITHEADS - New YouTube Videos,,1:11:15,4275,2017-08-23,anybody,available,no,720p,0.762,0.0,https://vimeo.com/230710114,
230711095,CHITHEADS for Forum - JP Sears,CHITHEADS - New YouTube Videos,,0:56:19,3379,2017-08-23,anybody,available,no,720p,0.749,0.0,https://vimeo.com/230711095,
231174759,CHITHEADS for Forum - David Vago,CHITHEADS - New YouTube Videos,,1:06:23,3983,2017-08-26,anybody,available,no,360p,0.308,0.0,https://vimeo.com/231174759,
231235606,CHITHEADS for Forum - Jeffrey Lidke,CHITHEADS - New YouTube Videos,,1:22:11,4931,2017-08-27,anybody,available,no,720p,0.929,0.0,https://vimeo.com/231235606,
239117834,CHITHEADS for FORUM - Isa & Bob,CHITHEADS - New YouTube Videos,,1:16:47,4607,2017-10-20,password,available,no,720p,1.591,0.0,https://vimeo.com/239117834,
239500063,CHITHEADS for Forum - Riccardo Manzotti,CHITHEADS - New YouTube Videos,,0:47:10,2830,2017-10-23,anybody,available,no,720p,0.978,0.0,https://vimeo.com/239500063,
284535436,CHITHEADS for FORUM - Constantina Rhodes,CHITHEADS - New YouTube Videos,,1:12:58,4378,2018-08-11,unlisted,available,no,720p,0.796,0.0,https://vimeo.com/284535436,
284541376,CHITHEADS for Forum - Dean Radin (#58),CHITHEADS - New YouTube Videos,,0:55:25,3325,2018-08-11,unlisted,available,no,720p,0.632,0.0,https://vimeo.com/284541376,
284543384,CHITHEADS for Forum - Jeffrey Lidke,CHITHEADS - New YouTube Videos,,1:22:11,4931,2018-08-11,unlisted,available,no,720p,0.845,0.0,https://vimeo.com/284543384,
284546461,CHITHEADS for FORUM - Jonathan Edelmann,CHITHEADS - New YouTube Videos,,0:00:00,0,2018-08-11,unlisted,uploading,no,none,0.0,0.0,https://vimeo.com/284546461,
284972554,CHITHEADS for Forum - JP Sears,CHITHEADS - New YouTube Videos,,0:56:19,3379,2018-08-14,anybody,available,no,720p,0.703,0.0,https://vimeo.com/284972554,
375768402,CHITHEADS for FORUM - David (Davidya) Buckland,CHITHEADS - New YouTube Videos,,1:23:17,4997,2019-11-26,nobody,available,no,540p,0.808,0.0,https://vimeo.com/375768402,
375757994,CHITHEADS for FORUM - John Greer,CHITHEADS - New YouTube Videos,,1:16:29,4589,2019-11-26,nobody,available,no,540p,0.676,0.0,https://vimeo.com/375757994,
375776242,CHITHEADS for FORUM - Judith Blackstone,CHITHEADS - New YouTube Videos,,0:49:21,2961,2019-11-26,nobody,available,no,540p,0.514,0.0,https://vimeo.com/375776242,
375763912,CHITHEADS for Forum - Riccardo Manzotti (small),CHITHEADS - New YouTube Videos,,0:47:10,2830,2019-11-26,nobody,available,no,540p,0.527,0.0,https://vimeo.com/375763912,
375774212,CHITHEADS for YouTube - Ekabhumi,CHITHEADS - New YouTube Videos,,1:07:00,4020,2019-11-26,nobody,available,no,540p,0.555,0.0,https://vimeo.com/375774212,
375770794,CHITHEADS Video - Amit Goswami,CHITHEADS - New YouTube Videos,,1:01:52,3712,2019-11-26,nobody,available,no,540p,0.679,0.0,https://vimeo.com/375770794,
375766516,CHITHEADS Video - Christine Caldwell,CHITHEADS - New YouTube Videos,,1:17:40,4660,2019-11-26,nobody,available,no,540p,0.711,0.0,https://vimeo.com/375766516,
375762482,CHITHEADS Video - Julie Brown Yau,CHITHEADS - New YouTube Videos,,0:55:28,3328,2019-11-26,nobody,available,no,360p,0.21,0.0,https://vimeo.com/375762482,
375916614,CHITHEADS for FORUM - Ken Rose,CHITHEADS - New YouTube Videos,,1:16:54,4614,2019-11-27,nobody,available,no,540p,0.682,0.0,https://vimeo.com/375916614,
375923954,CHITHEADS for FORUM - Rae Johnson,CHITHEADS - New YouTube Videos,,1:05:51,3951,2019-11-27,nobody,available,no,540p,0.551,0.0,https://vimeo.com/375923954,
672391880,CHITHEADS - Radical Theology - John J Thatamanil,CHITHEADS - New YouTube Videos,,1:27:10,5230,2022-02-01,disable,available,no,720p,1.067,0.0,https://vimeo.com/672391880,
911960553,Lucy Crisfield - Edited for Youtube (JK),CHITHEADS - New YouTube Videos,,1:28:29,5309,2024-02-11,nobody,available,no,1080p,2.553,2.553,https://vimeo.com/911960553,
917966620,CH - Raw Video Intro - Leslie Kaminoff 1,CHITHEADS - New YouTube Videos,,0:10:50,650,2024-02-29,nobody,available,no,1080p,0.446,0.446,https://vimeo.com/917966620,
917986317,CH - Raw Video Intro - Leslie Kaminoff 2,CHITHEADS - New YouTube Videos,,0:10:48,648,2024-02-29,nobody,available,no,1080p,0.457,0.457,https://vimeo.com/917986317,
917996087,CH - Raw Video Intro - Leslie Kaminoff 3,CHITHEADS - New YouTube Videos,,0:10:48,648,2024-02-29,nobody,available,no,1080p,0.451,0.451,https://vimeo.com/917996087,
957297808,CHITHEADS - Radical Theology - John J Thatamanil (New Motion Graphic),CHITHEADS - New YouTube Videos,,1:27:03,5223,2024-06-12,disable,available,no,1080p,1.761,1.761,https://vimeo.com/957297808,
957300022,CHITHEADS Video - Amit Goswami (New Motion Graphic),CHITHEADS - New YouTube Videos,,1:01:57,3717,2024-06-12,disable,available,no,1080p,1.662,1.662,https://vimeo.com/957300022,
1093158863,CHITHEADS 061225,CHITHEADS - New YouTube Videos,,0:37:25,2245,2025-06-13,nobody,available,no,1080p,0.501,0.501,https://vimeo.com/1093158863,
918513248,Copy of 38 Jacob Kyle,CHITHEADS - New YouTube Videos / CH - Jacob Kyle (Interv:Kelly B),,0:49:39,2979,2024-03-01,nobody,available,no,1080p,0.732,0.732,https://vimeo.com/918513248,
919547389,CHITHEADS - Jacob Kyle (Power of Meditation Summit) Final Video for Youtube,CHITHEADS - New YouTube Videos / CH - Jacob Kyle (Interv:Kelly B),,1:00:50,3650,2024-03-05,unlisted,available,no,1080p,1.149,1.149,https://vimeo.com/919547389,
919315403,C0036,CHITHEADS - New YouTube Videos / CH - Jason Birch,,0:10:51,651,2024-03-04,nobody,available,no,1080p,0.343,0.343,https://vimeo.com/919315403,
919324582,C0037,CHITHEADS - New YouTube Videos / CH - Jason Birch,,0:10:48,648,2024-03-04,nobody,available,no,1080p,0.341,0.341,https://vimeo.com/919324582,
919332102,C0038,CHITHEADS - New YouTube Videos / CH - Jason Birch,,0:10:48,648,2024-03-04,nobody,available,no,1080p,0.33,0.33,https://vimeo.com/919332102,
919340030,C0039,CHITHEADS - New YouTube Videos / CH - Jason Birch,,0:10:48,648,2024-03-04,nobody,available,no,1080p,0.331,0.331,https://vimeo.com/919340030,
919346981,C0040,CHITHEADS - New YouTube Videos / CH - Jason Birch,,0:10:48,648,2024-03-04,nobody,available,no,1080p,0.329,0.329,https://vimeo.com/919346981,
919353765,C0041,CHITHEADS - New YouTube Videos / CH - Jason Birch,,0:10:48,648,2024-03-04,nobody,available,no,1080p,0.331,0.331,https://vimeo.com/919353765,
919360713,C0042,CHITHEADS - New YouTube Videos / CH - Jason Birch,,0:10:48,648,2024-03-04,nobody,available,no,1080p,0.327,0.327,https://vimeo.com/919360713,
919366475,C0043,CHITHEADS - New YouTube Videos / CH - Jason Birch,,0:10:48,648,2024-03-04,nobody,available,no,1080p,0.315,0.315,https://vimeo.com/919366475,
919376444,C0044,CHITHEADS - New YouTube Videos / CH - Jason Birch,,0:10:48,648,2024-03-05,nobody,available,no,1080p,0.315,0.315,https://vimeo.com/919376444,
919382476,C0045,CHITHEADS - New YouTube Videos / CH - Jason Birch,,0:07:31,451,2024-03-05,nobody,available,no,1080p,0.216,0.216,https://vimeo.com/919382476,
919386425,CH - Jason Birch (Wide Angle),CHITHEADS - New YouTube Videos / CH - Jason Birch,,1:44:06,6246,2024-03-05,nobody,available,no,2160p,14.027,3.63,https://vimeo.com/919386425,
935645527,20240314_112435,CHITHEADS - New YouTube Videos / CH - Jason Birch,,0:02:38,158,2024-04-16,nobody,available,no,1080p,0.098,0.098,https://vimeo.com/935645527,
942062423,CH - Jason Birch - Jacob 1_1,CHITHEADS - New YouTube Videos / CH - Jason Birch,,1:44:46,6286,2024-05-02,nobody,available,no,1080p,2.749,2.749,https://vimeo.com/942062423,
918509754,riverside_jacob_kyle_raw-video-cfr_chitheads_- shambha_0002,CHITHEADS - New YouTube Videos / CH - Shambhavi Sarasvati 2024,,1:06:01,3961,2024-03-01,unlisted,available,no,720p,0.909,0.0,https://vimeo.com/918509754,
918511570,riverside_shambhavi_sarasvati_raw-video-cfr_chitheads_- shambha_0001,CHITHEADS - New YouTube Videos / CH - Shambhavi Sarasvati 2024,,1:06:00,3960,2024-03-01,unlisted,available,no,720p,0.965,0.0,https://vimeo.com/918511570,
945904099,#16_Chitheads_Shambhavi Sarasvati_V1,CHITHEADS - New YouTube Videos / CH - Shambhavi Sarasvati 2024,,0:56:36,3396,2024-05-13,nobody,available,no,1080p,1.463,1.463,https://vimeo.com/945904099,
919540262,CH - Youtube Intro VideoTrailer,CHITHEADS - New YouTube Videos / CH - Video Intro to the Podcast,,0:10:21,621,2024-03-05,nobody,available,no,1080p,0.422,0.422,https://vimeo.com/919540262,
957242540,Chitheads-Podcast-Cover-Wide_v1,CHITHEADS - New YouTube Videos / Motion Graphic Options,,0:00:05,5,2024-06-12,nobody,available,no,2160p,0.01,0.003,https://vimeo.com/957242540,
957242393,Chitheads-Podcast-Cover-Wide_v2,CHITHEADS - New YouTube Videos / Motion Graphic Options,,0:00:05,5,2024-06-12,nobody,available,no,2160p,0.011,0.003,https://vimeo.com/957242393,
783170358,Cultural Appropriation: Module 1 Part 1,Cultural appropriation,,0:35:42,2142,2022-12-21,disable,available,no,540p,0.123,0.0,https://vimeo.com/783170358,
783175232,Cultural Appropriation: Module 1 Part 2,Cultural appropriation,,0:28:39,1719,2022-12-21,disable,available,no,540p,0.093,0.0,https://vimeo.com/783175232,
783178238,Cultural Appropriation: Module 1 Part 3,Cultural appropriation,,0:24:54,1494,2022-12-21,disable,available,no,540p,0.085,0.0,https://vimeo.com/783178238,
783224714,Cultural Appropriation: Module 2 Part 1,Cultural appropriation,,0:24:37,1477,2022-12-21,disable,available,no,540p,0.088,0.0,https://vimeo.com/783224714,
783235075,Cultural Appropriation: Module 2 Part 2,Cultural appropriation,,0:29:30,1770,2022-12-21,disable,available,no,540p,0.098,0.0,https://vimeo.com/783235075,
783242363,Cultural Appropriation: Module 2 Part 3,Cultural appropriation,,0:34:35,2075,2022-12-21,disable,available,no,540p,0.099,0.0,https://vimeo.com/783242363,
783273430,Cultural Appropriation: Module 3 Part 1,Cultural appropriation,,0:18:34,1114,2022-12-21,disable,available,no,540p,0.054,0.0,https://vimeo.com/783273430,
783281762,Cultural Appropriation: Module 3 Part 2,Cultural appropriation,,0:39:30,2370,2022-12-21,disable,available,no,540p,0.115,0.0,https://vimeo.com/783281762,
783325798,Cultural Appropriation: Module 3 Part 3,Cultural appropriation,,0:27:11,1631,2022-12-21,disable,available,no,540p,0.078,0.0,https://vimeo.com/783325798,
783342507,Cultural Appropriation: Module 4 Part 1,Cultural appropriation,,0:27:59,1679,2022-12-21,disable,available,no,540p,0.079,0.0,https://vimeo.com/783342507,
783348784,Cultural Appropriation: Module 4 Part 2,Cultural appropriation,,0:29:46,1786,2022-12-21,disable,available,no,540p,0.08,0.0,https://vimeo.com/783348784,
783355270,Cultural Appropriation: Module 4 Part 3,Cultural appropriation,,0:27:14,1634,2022-12-21,disable,available,no,540p,0.074,0.0,https://vimeo.com/783355270,
1182381467,Q_A_The_Spectrum_and_Context_of_Cultural_Appropriation,Cultural appropriation,,1:56:31,6991,2026-04-12,nobody,available,no,540p,0.779,0.0,https://vimeo.com/1182381467,
1014549708,Deity Module 1: Devotion,Deity: A Path to Liberation,,1:49:46,6586,2024-09-30,disable,available,no,1080p,1.242,1.242,https://vimeo.com/1014549708,
1014551358,Deity Module 2: Ritual,Deity: A Path to Liberation,,1:48:43,6523,2024-09-30,disable,available,no,1080p,1.143,1.143,https://vimeo.com/1014551358,
1014551781,Deity Module 3: Sound,Deity: A Path to Liberation,,1:48:36,6516,2024-09-30,disable,available,no,1080p,1.613,1.613,https://vimeo.com/1014551781,
1014553325,Deity Module 4: Wisdom,Deity: A Path to Liberation,,1:52:53,6773,2024-09-30,disable,available,no,1080p,1.443,1.443,https://vimeo.com/1014553325,
758962576,Gabriel Halpern: Grounding and Awakening,Dharma and Hatha - Halpern,,0:57:33,3453,2022-10-11,nobody,available,no,720p,0.452,0.0,https://vimeo.com/758962576,"This practice relates the essence of yoga, as described by the Sutras, to a strong physical practice that addresses the vagus nerve, which controls the parasympathetic nervous system. As you practice, Gabriel also discusses Kundalini, the “spiritual gasoline” that’s said to reside in the base of your spine. When one is awakening the spiritual energies of the body, grounding work with long-held standing and seated poses becomes particularly important for balance."
769263297,Gabriel Halpern: The Four Basic Movements of the Spine,Dharma and Hatha - Halpern,,0:20:17,1217,2022-11-10,nobody,available,no,720p,0.159,0.0,https://vimeo.com/769263297,"In this practice, Gabriel relates the four movements of the spine, with their physical and energetic effects, to the four varnas, the divisions of society, as mentioned in classical yoga texts. As yoga practitioners, we are called to embody, not only spinal movements, but the different varnas, within ourselves, and ultimately awaken our warrior-like and priestly or wise aspects."
778136798,Gabriel Halpern: Twists,Dharma and Hatha - Halpern,,0:28:28,1708,2022-12-05,nobody,available,no,720p,0.207,0.0,https://vimeo.com/778136798,"When our minds are calm, we have more space to introspect, reflect, and mull over the nature of reality and the Self, as the Sutras tell us. Through exploring the spiraling energy of the spine in different variations of standing, seating, and supine twists, as well as the relationship between the body and gravity, we work in this practice to move from a more rajasic energy, to more sattvic."
792354187,Gabriel Halpern: The Levels of Embodied Knowledge,Dharma and Hatha - Halpern,,0:48:21,2901,2023-01-24,nobody,available,no,720p,0.396,0.0,https://vimeo.com/792354187,"In any kind of learning, and particularly embodied learning, one moves from incompetence and the beginner’s ignorance, to increasingly internalized levels of knowledge, in which that knowledge becomes more and more a part of oneself. This strong hatha practice incorporates seated poses, standing poses, and inversions, and focuses on exploring different variations in the poses, and breaking them down into different stages to more fully explore their elements and actions."
794976618,Gabriel Halpern - Padmasana,Dharma and Hatha - Halpern,,0:23:30,1410,2023-02-01,nobody,available,no,720p,0.157,0.0,https://vimeo.com/794976618,"Gabriel relates Padmasana, lotus pose, to the yogic idea of the five koshas, the five sheaths of the Self or soul, which progress from the physical to the increasingly subtle. This practice contains several prep poses for lotus pose which involve strong external rotation of the hips, such as half lotus, and half pigeon. You can practice this as a 20-minute practice, or, lengthen out the holds in each pose by pausing the video, to make it more yin-like."
1178626915,Module_1_Orienting_our_Compass_and_Mapping_the_Territory,Embodied Activism,,1:55:58,6958,2026-03-30,nobody,available,no,540p,0.723,0.0,https://vimeo.com/1178626915,
1178627082,Module_2_Navigating_Challenging_Terrain_and_Exploring_Neglected_Corners,Embodied Activism,,2:01:26,7286,2026-03-30,nobody,available,no,540p,0.801,0.0,https://vimeo.com/1178627082,
1178627240,Module_3_The_Small_Huge_Journey_of_Embodied_Micro-activism,Embodied Activism,,2:01:39,7299,2026-03-30,nobody,available,no,540p,0.581,0.0,https://vimeo.com/1178627240,
1178627349,Module_4_Road_Trips_in_Embodied_Macro-activism,Embodied Activism,,1:59:57,7197,2026-03-30,nobody,available,no,540p,1.026,0.0,https://vimeo.com/1178627349,
528627505,Embodied Antiracism Seminar -  (Video),Embodied Antiracism,,1:35:51,5751,2021-03-25,disable,available,no,540p,0.853,0.0,https://vimeo.com/528627505,
534220471,Embodied Antiracism 1,Embodied Antiracism,,1:41:39,6099,2021-04-07,disable,available,no,540p,1.159,0.0,https://vimeo.com/534220471,
534257826,Embodied Antiracism - Module 1 (video),Embodied Antiracism,,1:41:39,6099,2021-04-08,disable,available,no,540p,1.152,0.0,https://vimeo.com/534257826,This video is about My Movie
537047540,Embodied Antiracism - Module 2 (Video),Embodied Antiracism,,1:31:05,5465,2021-04-15,disable,available,no,540p,1.022,0.0,https://vimeo.com/537047540,This video is about My Movie
540193103,Embodied Antiracism - Module 3 (Video),Embodied Antiracism,,1:36:29,5789,2021-04-22,disable,available,no,540p,0.776,0.0,https://vimeo.com/540193103,
542979458,Embodied Antiracism - Module 4 (Video),Embodied Antiracism,,1:41:44,6104,2021-04-29,disable,available,no,540p,1.214,0.0,https://vimeo.com/542979458,This video is about My Movie
545709850,Embodied Antiracism - Module 5 (Video),Embodied Antiracism,,1:39:40,5980,2021-05-05,disable,available,no,540p,0.972,0.0,https://vimeo.com/545709850,This video is about My Movie 1
548760282,Embodied Antiracism - Module 6 (Video),Embodied Antiracism,,1:44:51,6291,2021-05-13,disable,available,no,540p,1.121,0.0,https://vimeo.com/548760282,This video is about Embodied Antiracism - Module 6 (Video)
1178190214,Neuroplasticity_and_Mystical-Nondual_Experiences,Embodied Brain,,1:04:48,3888,2026-03-29,nobody,available,no,720p,0.262,0.0,https://vimeo.com/1178190214,
1178190268,Nonduality_In_Light_Of_Neuroscience,Embodied Brain,,0:47:26,2846,2026-03-29,nobody,available,no,720p,0.175,0.0,https://vimeo.com/1178190268,
1178190324,On_the_Polyvagal_Theory,Embodied Brain,,1:16:17,4577,2026-03-29,nobody,available,no,720p,0.925,0.0,https://vimeo.com/1178190324,
1178190475,The_Brain_on_Stress_Epigenetic_Influences_on_Brain_and_Body,Embodied Brain,,1:02:49,3769,2026-03-29,nobody,available,no,720p,0.228,0.0,https://vimeo.com/1178190475,
1178190541,The_Craving_Mind_How_Mindfulness_Changes_the_Brain,Embodied Brain,,0:52:11,3131,2026-03-29,nobody,available,no,720p,0.176,0.0,https://vimeo.com/1178190541,
1178190625,The_Mystic_s_Brain_The_Biology_of_Contemplative_Practice,Embodied Brain,,1:25:41,5141,2026-03-29,nobody,available,no,720p,0.405,0.0,https://vimeo.com/1178190625,
1178190804,The_New_Mind-Body_Research_the_Yogic_Science_of_Integration_Part_1,Embodied Brain,,1:26:38,5198,2026-03-29,nobody,available,no,720p,0.457,0.0,https://vimeo.com/1178190804,
1178190981,The_New_Mind-Body_Research_the_Yogic_Science_of_Integration_Part_2,Embodied Brain,,1:09:40,4180,2026-03-29,nobody,available,no,540p,0.213,0.0,https://vimeo.com/1178190981,
1178191052,Towards_a_Science_of_Embodied_Mind,Embodied Brain,,1:09:32,4172,2026-03-29,nobody,available,no,720p,0.288,0.0,https://vimeo.com/1178191052,
1178191139,Yoga_and_the_Science_of_Not_Reacting,Embodied Brain,,0:19:11,1151,2026-03-29,nobody,available,no,720p,0.073,0.0,https://vimeo.com/1178191139,
873171132,Module 1.1: Introduction to Embodied Yoga Therapy,Embodied Yoga Therapy,,0:49:56,2996,2023-10-11,disable,available,no,1080p,0.365,0.365,https://vimeo.com/873171132,
873937797,Visionary Experience Module 1.2,Embodied Yoga Therapy,,0:24:28,1468,2023-10-13,nobody,available,no,720p,0.318,0.0,https://vimeo.com/873937797,
874405425,Intro. to Embodied Yoga Therapy Module 1.2,Embodied Yoga Therapy,,0:30:13,1813,2023-10-14,nobody,available,no,1080p,0.787,0.787,https://vimeo.com/874405425,
874606737,Orientation: Embodied Yoga Therapy Certificate Program,Embodied Yoga Therapy,,0:35:53,2153,2023-10-15,disable,available,no,720p,0.259,0.0,https://vimeo.com/874606737,
875006033,Module 2.1: History of Modern Yoga,Embodied Yoga Therapy,,0:51:46,3106,2023-10-17,disable,available,no,720p,0.237,0.0,https://vimeo.com/875006033,
875436553,Module 2.2: History of Modern Yoga,Embodied Yoga Therapy,,0:39:43,2383,2023-10-18,disable,available,no,720p,0.252,0.0,https://vimeo.com/875436553,
876750192,EYT: Clinical Yoga Therapy Module 1.1,Embodied Yoga Therapy,,0:57:24,3444,2023-10-21,nobody,available,no,1080p,0.385,0.385,https://vimeo.com/876750192,
876951017,Module 4.1 Intro to Clinical Yoga Therapy 2,Embodied Yoga Therapy,,0:57:32,3452,2023-10-23,disable,available,no,1080p,0.315,0.315,https://vimeo.com/876951017,
876953963,Module 4.2: Intro to Clinical Yoga Therapy 2,Embodied Yoga Therapy,,0:52:31,3151,2023-10-23,disable,available,no,1080p,0.509,0.509,https://vimeo.com/876953963,
879073253,Anatomy and Physiology 1.1,Embodied Yoga Therapy,,0:53:17,3197,2023-10-29,nobody,available,no,1080p,0.311,0.311,https://vimeo.com/879073253,
879138805,Anatomy and Physiology 1.2,Embodied Yoga Therapy,,0:48:13,2893,2023-10-29,nobody,available,no,1080p,0.453,0.453,https://vimeo.com/879138805,
880385615,Anatomy & Phisiology Part 2.2: Breath Anatomy Amplified,Embodied Yoga Therapy,,0:46:18,2778,2023-11-02,disable,available,no,1080p,0.285,0.285,https://vimeo.com/880385615,
880377733,breath anatomy amplified 2.1,Embodied Yoga Therapy,,0:51:54,3114,2023-11-02,nobody,available,no,1080p,0.298,0.298,https://vimeo.com/880377733,
881084028,Perspectives on Trauma in Yoga Therapy 1,Embodied Yoga Therapy,,0:55:52,3352,2023-11-04,nobody,available,no,1080p,0.368,0.368,https://vimeo.com/881084028,
881226256,Perspectives on Trauma in Yoga Therapy Part 2,Embodied Yoga Therapy,,0:40:05,2405,2023-11-04,nobody,available,no,1080p,0.277,0.277,https://vimeo.com/881226256,
881339673,Embodied Yoga Therapy Integration Session 1,Embodied Yoga Therapy,,1:10:19,4219,2023-11-05,nobody,available,no,1080p,0.729,0.729,https://vimeo.com/881339673,
882338601,Module 8.1: Contemplative Psychotherapy,Embodied Yoga Therapy,,0:52:09,3129,2023-11-08,disable,available,no,1080p,0.373,0.373,https://vimeo.com/882338601,
882521166,Module 8.2: Contemplative Psychotherapy,Embodied Yoga Therapy,,0:45:23,2723,2023-11-08,disable,available,no,1080p,0.481,0.481,https://vimeo.com/882521166,
883788576,M9: Skeletal Uniqueness 2,Embodied Yoga Therapy,,0:49:48,2988,2023-11-12,nobody,available,no,1080p,0.595,0.595,https://vimeo.com/883788576,
883766003,M9: Yoga and Skeletal Uniqueness Part 1.1,Embodied Yoga Therapy,,0:57:38,3458,2023-11-12,nobody,available,no,1080p,0.39,0.39,https://vimeo.com/883766003,
885011864,Module 10.1: Yoga and Modern Medicine Part 1,Embodied Yoga Therapy,,1:06:05,3965,2023-11-15,disable,available,no,1080p,0.4,0.4,https://vimeo.com/885011864,
885199776,Module 10.2: Yoga and Modern Medicine Part 2,Embodied Yoga Therapy,,0:43:37,2617,2023-11-16,disable,available,no,1080p,0.579,0.579,https://vimeo.com/885199776,
856890778,Dana Slamp Bio Video POLISHED,Embodied Yoga Therapy / Faculty Bios,,0:00:45,45,2023-08-22,nobody,available,no,1080p,0.024,0.024,https://vimeo.com/856890778,
856892191,Dr. Bhaswati Bio Video POLISHED,Embodied Yoga Therapy / Faculty Bios,,0:01:45,105,2023-08-22,nobody,available,no,1080p,0.031,0.031,https://vimeo.com/856892191,
856893215,Dr. Chris Walling Bio Video POLISHED,Embodied Yoga Therapy / Faculty Bios,,0:00:41,41,2023-08-22,nobody,available,no,1080p,0.016,0.016,https://vimeo.com/856893215,
856893492,Dr. Lori Rubenstein Fazzio Bio Video POLISHED,Embodied Yoga Therapy / Faculty Bios,,0:01:45,105,2023-08-22,nobody,available,no,1080p,0.048,0.048,https://vimeo.com/856893492,
856894324,James Bae Bio Video POLISHED,Embodied Yoga Therapy / Faculty Bios,,0:00:58,58,2023-08-22,nobody,available,no,1080p,0.029,0.029,https://vimeo.com/856894324,
856894765,Jill Miller Bio Video POLISHED,Embodied Yoga Therapy / Faculty Bios,,0:00:41,41,2023-08-22,nobody,available,no,1080p,0.009,0.009,https://vimeo.com/856894765,
856895095,Natalie Malone Bio Video POLISHED,Embodied Yoga Therapy / Faculty Bios,,0:00:35,35,2023-08-22,nobody,available,no,1080p,0.009,0.009,https://vimeo.com/856895095,
856895422,Stephanie Corigliano Bio Video POLISHED,Embodied Yoga Therapy / Faculty Bios,,0:00:39,39,2023-08-22,nobody,available,no,1080p,0.025,0.025,https://vimeo.com/856895422,
857604554,EYT Meet the Faculty,Embodied Yoga Therapy / Meet the Faculty Compilation,,0:04:13,253,2023-08-24,disable,available,no,1080p,0.103,0.103,https://vimeo.com/857604554,082423
874176832,Module 1.1 Intro. to Embodied Yoga Therapy,Embodied Yoga Therapy / Recordings of Live Sessions,,1:05:45,3945,2023-10-13,nobody,available,no,1080p,0.55,0.55,https://vimeo.com/874176832,
1101642843,Emotional Alchemy - Module 1 Emotions_ Demystifying the Science and the Experience,Emotional Alchemy,,1:05:44,3944,2025-07-15,nobody,available,no,720p,0.312,0.0,https://vimeo.com/1101642843,
1101644022,"Emotional Alchemy - Module 2 Emotions_ Unpacking Trauma, Resilience and Evolution",Emotional Alchemy,,1:37:22,5842,2025-07-15,nobody,available,no,720p,0.454,0.0,https://vimeo.com/1101644022,
1101640069,Emotional Alchemy - Module 3 Emotions_ The Alchemy of Witnessing,Emotional Alchemy,,1:46:29,6389,2025-07-15,nobody,available,no,720p,0.673,0.0,https://vimeo.com/1101640069,
540398891,EP Site Guide - How to Navigate as a Free User.mp4,EP's New Website,,0:14:24,864,2021-04-22,disable,available,no,720p,0.106,0.0,https://vimeo.com/540398891,
540872657,EP - Overview of Memberships.mp4,EP's New Website,,0:04:52,292,2021-04-23,disable,available,no,720p,0.027,0.0,https://vimeo.com/540872657,
540804222,How To - Basic Membership.mp4,EP's New Website,EP's New Website,0:04:58,298,2021-04-23,disable,available,no,720p,0.029,0.0,https://vimeo.com/540804222,
541100884,EP Site - How to Buy a Single Course (without a membership).mp4,EP's New Website,EP's New Website,0:04:08,248,2021-04-24,disable,available,no,1080p,0.029,0.029,https://vimeo.com/541100884,
541103202,EP Site - How to Enroll in a Course (as an Unlimited Member).mp4,EP's New Website,EP's New Website,0:03:04,184,2021-04-24,disable,available,no,1080p,0.032,0.032,https://vimeo.com/541103202,
541098014,EP Site - Understanding Gated Content.mp4,EP's New Website,EP's New Website,0:02:57,177,2021-04-24,disable,available,no,1080p,0.031,0.031,https://vimeo.com/541098014,
544662210,EP Site - How to become a Premium member.mp4,EP's New Website,EP's New Website,0:03:52,232,2021-05-03,disable,available,no,720p,0.014,0.0,https://vimeo.com/544662210,
544679932,EP Site - How to become an Unlimited member.mp4,EP's New Website,EP's New Website,0:04:16,256,2021-05-03,disable,available,no,720p,0.015,0.0,https://vimeo.com/544679932,
544759690,EP Site - How to order a single issue of Tarka.mp4,EP's New Website,EP's New Website,0:03:09,189,2021-05-03,disable,available,no,720p,0.021,0.0,https://vimeo.com/544759690,
544705517,EP Site - How to Submit an Article to EP.mp4,EP's New Website,,0:03:59,239,2021-05-03,disable,available,no,720p,0.014,0.0,https://vimeo.com/544705517,
544657017,EP Site - How to Use EPTV on Website,EP's New Website,EP's New Website,0:01:41,101,2021-05-03,disable,available,no,720p,0.009,0.0,https://vimeo.com/544657017,
545585827,EP Site - What is Tarka?,EP's New Website,,0:03:24,204,2021-05-05,disable,available,no,720p,0.028,0.0,https://vimeo.com/545585827,
547642326,EP Site - How to Migrate from Old to New Site.mp4,EP's New Website,EP's New Website,0:12:30,750,2021-05-10,disable,available,no,720p,0.058,0.0,https://vimeo.com/547642326,
547619181,EP Site - How to Subscribe to Digital Tarka.mp4,EP's New Website,EP's New Website,0:01:11,71,2021-05-10,disable,available,no,720p,0.006,0.0,https://vimeo.com/547619181,
547619269,EP Site - Tarka - How To Subscribe to the Print Journal.mp4,EP's New Website,,0:01:37,97,2021-05-10,disable,available,no,720p,0.008,0.0,https://vimeo.com/547619269,
547629748,EP Site - Tarka Journal Print + Digital.mp4,EP's New Website,EP's New Website,0:02:57,177,2021-05-10,disable,available,no,720p,0.015,0.0,https://vimeo.com/547629748,
547616169,Overview of Memberships (New).mp4,EP's New Website,EP's New Website,0:05:16,316,2021-05-10,disable,available,no,720p,0.032,0.0,https://vimeo.com/547616169,
228856254,Buddhist Psychology & Contemplative Psychotherapy - Module 1,EP_Courses,Buddhist Psychology Workshop (Joe Loizzo),2:02:56,7376,2017-08-08,unlisted,available,no,720p,1.314,0.0,https://vimeo.com/228856254,
228917486,Buddhist Psychology & Contemplative Psychotherapy - Module 2,EP_Courses,,2:02:14,7334,2017-08-09,unlisted,available,no,720p,1.185,0.0,https://vimeo.com/228917486,
229806188,Buddhist Psychology & Contemplative Psychotherapy - Module 3,EP_Courses,,2:00:48,7248,2017-08-16,unlisted,available,no,720p,1.298,0.0,https://vimeo.com/229806188,
322075075,Psychedelic Integration - Module 1,EP_Courses,,2:01:11,7271,2019-03-07,unlisted,available,no,2160p,8.443,2.68,https://vimeo.com/322075075,
326989231,Psychedelic Integration - Module 4,EP_Courses,,1:41:49,6109,2019-03-28,unlisted,available,no,720p,0.942,0.0,https://vimeo.com/326989231,
345253254,"Oppression, Privilege and Spiritual Practice - Module 1",EP_Courses,,2:00:54,7254,2019-06-30,unlisted,available,no,720p,0.562,0.0,https://vimeo.com/345253254,
346638922,"Oppression, Privilege and Spiritual Practice - Module 2",EP_Courses,,1:48:50,6530,2019-07-07,unlisted,available,no,1080p,0.755,0.755,https://vimeo.com/346638922,
350589924,"Oppression, Privilege and Spiritual Practice - Module 5",EP_Courses,,1:44:58,6298,2019-07-28,unlisted,available,no,720p,0.808,0.0,https://vimeo.com/350589924,
360704322,Intro to MindBody Therapy - Module 1,EP_Courses,,1:59:32,7172,2019-09-18,disable,available,no,540p,0.479,0.0,https://vimeo.com/360704322,
360684275,Intro to MindBody Therapy - Module 2,EP_Courses,,1:51:46,6706,2019-09-18,unlisted,available,no,720p,0.468,0.0,https://vimeo.com/360684275,
363982047,Intro to MindBody Therapy - Module 3,EP_Courses,,1:55:36,6936,2019-10-03,unlisted,available,no,540p,0.668,0.0,https://vimeo.com/363982047,
367732572,The Sanskrit Seminar - Module 2,EP_Courses,,1:56:03,6963,2019-10-21,disable,available,no,540p,0.323,0.0,https://vimeo.com/367732572,
369695325,Embodied Leadership -  Module 1,EP_Courses,,1:55:41,6941,2019-10-29,unlisted,available,no,540p,1.022,0.0,https://vimeo.com/369695325,
370372790,Psychedelic Integration - Module 3,EP_Courses,,1:58:41,7121,2019-11-01,unlisted,available,no,540p,0.61,0.0,https://vimeo.com/370372790,
370439202,Psychedelic Integration - Module 2,EP_Courses,,1:57:33,7053,2019-11-02,unlisted,available,no,540p,0.525,0.0,https://vimeo.com/370439202,
370435793,Psychedelic Integration - Module 5,EP_Courses,,1:43:15,6195,2019-11-02,unlisted,available,no,540p,0.333,0.0,https://vimeo.com/370435793,
370442338,Psychedelic Integration - Module 6,EP_Courses,,1:50:38,6638,2019-11-02,unlisted,available,no,540p,0.543,0.0,https://vimeo.com/370442338,
371050764,Embodied Leadership - Module 2,EP_Courses,,2:01:20,7280,2019-11-05,unlisted,available,no,540p,0.909,0.0,https://vimeo.com/371050764,
372268454,The Sanskrit Seminar - Module 3,EP_Courses,,1:56:40,7000,2019-11-11,disable,available,no,540p,0.321,0.0,https://vimeo.com/372268454,
372532683,Embodied Leadership -  Module 3,EP_Courses,,2:00:42,7242,2019-11-12,unlisted,available,no,540p,0.804,0.0,https://vimeo.com/372532683,
374072885,Embodied Leadership - Module 4,EP_Courses,,1:59:57,7197,2019-11-19,unlisted,available,no,540p,0.81,0.0,https://vimeo.com/374072885,
374726139,Foundations of Tantra - Module 1,EP_Courses,,1:48:54,6534,2019-11-21,unlisted,available,no,540p,1.236,0.0,https://vimeo.com/374726139,
376713872,The Sanskrit Seminar - Module 4,EP_Courses,,1:46:27,6387,2019-12-02,disable,available,no,540p,0.318,0.0,https://vimeo.com/376713872,
376970168,Embodied Leadership - Module 5,EP_Courses,,2:05:41,7541,2019-12-03,unlisted,available,no,540p,0.625,0.0,https://vimeo.com/376970168,
377591272,Foundations of Tantra - Module 2,EP_Courses,,2:01:44,7304,2019-12-05,unlisted,available,no,540p,0.655,0.0,https://vimeo.com/377591272,
378538542,Embodied Leadership - Module 6,EP_Courses,,1:57:38,7058,2019-12-10,unlisted,available,no,540p,0.497,0.0,https://vimeo.com/378538542,
379126212,Foundations of Tantra - Module 3,EP_Courses,,2:25:10,8710,2019-12-12,unlisted,available,no,540p,1.044,0.0,https://vimeo.com/379126212,
380542284,Foundations of Tantra - Module 4,EP_Courses,,2:34:20,9260,2019-12-19,unlisted,available,no,540p,0.928,0.0,https://vimeo.com/380542284,
384430223,The Sanskrit Seminar - Module 5,EP_Courses,,1:52:30,6750,2020-01-13,disable,available,no,540p,0.34,0.0,https://vimeo.com/384430223,
390378510,The Sanskrit Seminar - Module 6,EP_Courses,,1:53:34,6814,2020-02-10,disable,available,no,540p,0.329,0.0,https://vimeo.com/390378510,
392278734,Ancient Wisdom for Elemental Healing - Module 1,EP_Courses,,1:51:11,6671,2020-02-18,disable,available,no,540p,0.591,0.0,https://vimeo.com/392278734,
393746294,Ancient Wisdom for Elemental Healing - Module 2,EP_Courses,,1:57:45,7065,2020-02-25,disable,available,no,1080p,0.673,0.673,https://vimeo.com/393746294,
394368332,Inner Child Work - Module 1,EP_Courses,,1:55:42,6942,2020-02-28,unlisted,available,no,540p,0.578,0.0,https://vimeo.com/394368332,
394502338,Nonduality: Discovering Wholeness - Module 2,EP_Courses,,2:12:42,7962,2020-02-28,unlisted,available,no,360p,0.234,0.0,https://vimeo.com/394502338,
395091708,Ancient Wisdom for Elemental Healing - Module 3,EP_Courses,,1:54:23,6863,2020-03-03,disable,available,no,540p,0.56,0.0,https://vimeo.com/395091708,
395955764,Inner Child Work - Module 2,EP_Courses,,1:58:38,7118,2020-03-06,unlisted,available,no,540p,0.62,0.0,https://vimeo.com/395955764,
396055489,Nonduality: Discovering Wholeness - Module 3,EP_Courses,,2:21:37,8497,2020-03-06,unlisted,available,no,360p,0.249,0.0,https://vimeo.com/396055489,
396346835,The Sanskrit Seminar - Module 7,EP_Courses,,1:48:52,6532,2020-03-09,disable,available,no,540p,0.311,0.0,https://vimeo.com/396346835,
396724585,Ancient Wisdom for Elemental Healing - Module 4,EP_Courses,,1:53:26,6806,2020-03-10,disable,available,no,540p,0.777,0.0,https://vimeo.com/396724585,
397503605,Inner Child Work - Module 3,EP_Courses,,2:05:11,7511,2020-03-13,unlisted,available,no,540p,0.722,0.0,https://vimeo.com/397503605,
399249639,Inner Child Work - Module 4,EP_Courses,,1:59:08,7148,2020-03-20,disable,available,no,540p,0.772,0.0,https://vimeo.com/399249639,
401161159,Advanced Kundalini Pranayamas - Module 1,EP_Courses,,1:51:16,6676,2020-03-26,unlisted,available,no,540p,0.469,0.0,https://vimeo.com/401161159,
401162497,Advanced Kundalini Pranayamas - Module 2,EP_Courses,,1:58:28,7108,2020-03-26,unlisted,available,no,540p,0.576,0.0,https://vimeo.com/401162497,
401152422,I Am That -  Module 2,EP_Courses,,1:56:24,6984,2020-03-26,unlisted,available,no,540p,0.539,0.0,https://vimeo.com/401152422,
401151438,I Am That - Module 1,EP_Courses,,1:55:17,6917,2020-03-26,unlisted,available,no,540p,0.423,0.0,https://vimeo.com/401151438,
401153906,I Am That - Module 3,EP_Courses,,1:55:55,6955,2020-03-26,unlisted,available,no,540p,0.69,0.0,https://vimeo.com/401153906,
401155744,I Am That - Module 4,EP_Courses,,1:50:55,6655,2020-03-26,unlisted,available,no,540p,0.489,0.0,https://vimeo.com/401155744,
401176970,Advanced Kundalini Pranayamas - Module 3,EP_Courses,,2:06:51,7611,2020-03-27,unlisted,available,no,540p,0.642,0.0,https://vimeo.com/401176970,
401178504,Advanced Kundalini Pranayamas - Module 4,EP_Courses,,2:03:10,7390,2020-03-27,unlisted,available,no,540p,0.576,0.0,https://vimeo.com/401178504,
401179922,Lakshmi: Four Paths to Abundance - Module 1,EP_Courses,,1:47:20,6440,2020-03-27,unlisted,available,no,540p,1.075,0.0,https://vimeo.com/401179922,
401182721,Lakshmi: Four Paths to Abundance - Module 2,EP_Courses,,1:58:50,7130,2020-03-27,unlisted,available,no,540p,1.101,0.0,https://vimeo.com/401182721,
401188744,Lakshmi: Four Paths to Abundance - Module 3,EP_Courses,,1:59:56,7196,2020-03-27,unlisted,available,no,540p,1.077,0.0,https://vimeo.com/401188744,
401191639,Lakshmi: Four Paths to Abundance - Module 4,EP_Courses,,1:53:23,6803,2020-03-27,unlisted,available,no,540p,1.008,0.0,https://vimeo.com/401191639,
401354151,Light in the Shadow - Module 2,EP_Courses,,1:58:50,7130,2020-03-27,unlisted,available,no,540p,1.074,0.0,https://vimeo.com/401354151,
401357838,Light in the Shadow - Module 3,EP_Courses,,1:55:53,6953,2020-03-27,unlisted,available,no,540p,0.773,0.0,https://vimeo.com/401357838,
401367936,Light in the Shadow - Module 4,EP_Courses,,1:57:07,7027,2020-03-27,unlisted,available,no,540p,0.956,0.0,https://vimeo.com/401367936,
401351185,Light in the Shadow- Module 1,EP_Courses,,1:54:25,6865,2020-03-27,unlisted,available,no,540p,0.928,0.0,https://vimeo.com/401351185,
401515548,Navarathri: An Inner Path to Shakti's Realm - Module 2,EP_Courses,,1:45:05,6305,2020-03-27,unlisted,available,no,720p,0.996,0.0,https://vimeo.com/401515548,
401517970,Navarathri: An Inner Path to Shakti's Realm - Module 3,EP_Courses,,2:11:12,7872,2020-03-27,unlisted,available,no,720p,1.051,0.0,https://vimeo.com/401517970,
401521862,Navarathri: An Inner Path to Shakti's Realm - Module 4,EP_Courses,,2:23:27,8607,2020-03-27,unlisted,available,no,540p,0.798,0.0,https://vimeo.com/401521862,
401514156,Navarathri: An Inner Path to Shakti's Realm - Module1,EP_Courses,,1:54:14,6854,2020-03-27,unlisted,available,no,360p,0.625,0.0,https://vimeo.com/401514156,
401559710,"Module #2: Spiritual Cultivation: Yoga, Dharma, and Īśvara",EP_Courses,,2:12:42,7962,2020-03-28,unlisted,available,no,360p,0.364,0.0,https://vimeo.com/401559710,
401560149,Module 3: Embodied Metaphysics and Pure Consciousness,EP_Courses,,2:21:37,8497,2020-03-28,unlisted,available,no,360p,0.387,0.0,https://vimeo.com/401560149,
401559076,Nonduality: Discovering Wholeness - Module 1,EP_Courses,,1:59:25,7165,2020-03-28,unlisted,available,no,540p,0.46,0.0,https://vimeo.com/401559076,
401560772,Nonduality: Discovering Wholeness - Module 4,EP_Courses,,2:32:42,9162,2020-03-28,unlisted,available,no,360p,0.426,0.0,https://vimeo.com/401560772,
401882452,Attachment Theory - Module 1,EP_Courses,,1:52:57,6777,2020-03-29,unlisted,available,no,360p,0.494,0.0,https://vimeo.com/401882452,
401881427,Attachment Theory - Module 2,EP_Courses,,1:58:08,7088,2020-03-29,unlisted,available,no,540p,0.497,0.0,https://vimeo.com/401881427,
401876539,Attachment Theory - Module 3,EP_Courses,,1:55:46,6946,2020-03-29,unlisted,available,no,540p,0.421,0.0,https://vimeo.com/401876539,
401874562,Attachment Theory - Module 4,EP_Courses,,1:55:56,6956,2020-03-29,unlisted,available,no,540p,0.373,0.0,https://vimeo.com/401874562,
401903599,Attachment Theory - Module 5,EP_Courses,,2:04:35,7475,2020-03-29,unlisted,available,no,360p,0.338,0.0,https://vimeo.com/401903599,
401873121,Attachment Theory - Module 6,EP_Courses,,1:59:29,7169,2020-03-29,unlisted,available,no,360p,0.35,0.0,https://vimeo.com/401873121,
401780011,Embodying Social Justice - Module 1,EP_Courses,,1:52:22,6742,2020-03-29,unlisted,available,no,1080p,0.75,0.75,https://vimeo.com/401780011,
401780715,Embodying Social Justice - Module 2,EP_Courses,,2:04:54,7494,2020-03-29,unlisted,available,no,540p,0.487,0.0,https://vimeo.com/401780715,
401780443,Embodying Social Justice - Module 3,EP_Courses,,1:36:13,5773,2020-03-29,unlisted,available,no,540p,0.424,0.0,https://vimeo.com/401780443,
401782150,Embodying Social Justice - Module 4,EP_Courses,,2:03:10,7390,2020-03-29,unlisted,available,no,540p,0.467,0.0,https://vimeo.com/401782150,
403049029,The Vedas: Exploring The Source of Yoga - Module 1,EP_Courses,,1:11:08,4268,2020-04-01,unlisted,available,no,540p,0.401,0.0,https://vimeo.com/403049029,
403053547,The Vedas: Exploring The Source of Yoga - Module 2,EP_Courses,,1:20:00,4800,2020-04-01,unlisted,available,no,540p,0.446,0.0,https://vimeo.com/403053547,
403059504,The Vedas: Exploring The Source of Yoga - Module 3,EP_Courses,,1:29:42,5382,2020-04-01,unlisted,available,no,540p,0.45,0.0,https://vimeo.com/403059504,
403065819,The Vedas: Exploring The Source of Yoga - Module 4,EP_Courses,,1:20:05,4805,2020-04-01,unlisted,available,no,540p,0.478,0.0,https://vimeo.com/403065819,
403381716,Psychoanalysis & Tibetan Buddhism - Module 1,EP_Courses,,1:54:34,6874,2020-04-02,unlisted,available,no,720p,1.701,0.0,https://vimeo.com/403381716,
403393590,Psychoanalysis & Tibetan Buddhism - Module 2,EP_Courses,,2:01:46,7306,2020-04-02,unlisted,available,no,540p,1.069,0.0,https://vimeo.com/403393590,
403412208,Psychoanalysis & Tibetan Buddhism - Module 3,EP_Courses,,2:00:04,7204,2020-04-02,unlisted,available,no,540p,0.456,0.0,https://vimeo.com/403412208,
403421772,Psychoanalysis & Tibetan Buddhism - Module 4,EP_Courses,,1:59:54,7194,2020-04-02,unlisted,available,no,360p,0.689,0.0,https://vimeo.com/403421772,
403497273,Re-Pairing Practices for Cultivating the Embodiment of Intimacy - Module 2,EP_Courses,,1:49:18,6558,2020-04-02,unlisted,available,no,540p,0.973,0.0,https://vimeo.com/403497273,
403502162,Re-Pairing Practices for Cultivating the Embodiment of Intimacy - Module 3,EP_Courses,,1:46:48,6408,2020-04-02,unlisted,available,no,540p,1.044,0.0,https://vimeo.com/403502162,
403506713,Re-Pairing Practices for Cultivating the Embodiment of Intimacy - Module 4,EP_Courses,,1:45:11,6311,2020-04-02,unlisted,available,no,540p,0.896,0.0,https://vimeo.com/403506713,
403491515,Re-Pairing Practices for Cultivating the Embodiment of Intimacy -Module 1,EP_Courses,,1:45:49,6349,2020-04-02,unlisted,available,no,720p,0.436,0.0,https://vimeo.com/403491515,
403552551,Hidden Teachings of the Yoga Sūtras - Module 1,EP_Courses,,1:54:52,6892,2020-04-03,unlisted,available,no,540p,0.453,0.0,https://vimeo.com/403552551,
403557299,Hidden Teachings of the Yoga Sūtras - Module 2,EP_Courses,,1:56:01,6961,2020-04-03,unlisted,available,no,540p,0.424,0.0,https://vimeo.com/403557299,
403559684,Hidden Teachings of the Yoga Sūtras - Module 3,EP_Courses,,1:57:21,7041,2020-04-03,unlisted,available,no,540p,0.428,0.0,https://vimeo.com/403559684,
403562421,Hidden Teachings of the Yoga Sūtras - Module 4,EP_Courses,,1:59:06,7146,2020-04-03,unlisted,available,no,540p,0.53,0.0,https://vimeo.com/403562421,
403566016,Hidden Teachings of the Yoga Sūtras - Module 5,EP_Courses,,1:57:23,7043,2020-04-03,unlisted,available,no,540p,0.489,0.0,https://vimeo.com/403566016,
403567577,Hidden Teachings of the Yoga Sūtras - Module 6,EP_Courses,,1:52:00,6720,2020-04-03,unlisted,available,no,540p,0.456,0.0,https://vimeo.com/403567577,
403568598,Hidden Teachings of the Yoga Sūtras - Module 7,EP_Courses,,1:58:02,7082,2020-04-03,unlisted,available,no,540p,0.486,0.0,https://vimeo.com/403568598,
403571189,Hidden Teachings of the Yoga Sūtras - Module 8,EP_Courses,,1:46:01,6361,2020-04-03,unlisted,available,no,540p,0.435,0.0,https://vimeo.com/403571189,
403735151,Nonviolent Communication - Module 1,EP_Courses,,1:57:31,7051,2020-04-03,unlisted,available,no,540p,0.787,0.0,https://vimeo.com/403735151,
403738898,Nonviolent Communication - Module 2,EP_Courses,,1:58:30,7110,2020-04-03,unlisted,available,no,540p,0.659,0.0,https://vimeo.com/403738898,
403575768,The Science of Spirit - Module 1,EP_Courses,,1:41:26,6086,2020-04-03,unlisted,available,no,540p,0.377,0.0,https://vimeo.com/403575768,
403578039,The Science of Spirit - Module 2,EP_Courses,,1:39:43,5983,2020-04-03,unlisted,available,no,540p,0.36,0.0,https://vimeo.com/403578039,
403580056,The Science of Spirit - Module 3,EP_Courses,,1:57:56,7076,2020-04-03,unlisted,available,no,540p,0.475,0.0,https://vimeo.com/403580056,
403581015,The Science of Spirit - Module 4,EP_Courses,,1:56:45,7005,2020-04-03,unlisted,available,no,540p,0.432,0.0,https://vimeo.com/403581015,
405265251,Nonviolent Communication - Module 3,EP_Courses,,1:55:44,6944,2020-04-08,unlisted,available,no,540p,0.643,0.0,https://vimeo.com/405265251,
405284211,Nonviolent Communication - Module 4,EP_Courses,,1:51:57,6717,2020-04-08,unlisted,available,no,540p,0.664,0.0,https://vimeo.com/405284211,
405970523,Bhakti Yoga - Module 1,EP_Courses,,1:55:06,6906,2020-04-09,unlisted,available,no,360p,0.716,0.0,https://vimeo.com/405970523,
405974131,Bhakti Yoga - Module 2,EP_Courses,,2:27:05,8825,2020-04-09,unlisted,available,no,360p,0.938,0.0,https://vimeo.com/405974131,
405973966,Bhakti Yoga - Module 3,EP_Courses,,2:29:52,8992,2020-04-09,unlisted,available,no,360p,0.717,0.0,https://vimeo.com/405973966,
405973858,Bhakti Yoga - Module 4,EP_Courses,,2:08:46,7726,2020-04-09,unlisted,available,no,360p,0.826,0.0,https://vimeo.com/405973858,
405973699,Bhakti Yoga - Module 5,EP_Courses,,2:13:42,8022,2020-04-09,unlisted,available,no,360p,0.864,0.0,https://vimeo.com/405973699,
405973550,Bhakti Yoga - Module 6,EP_Courses,,2:17:09,8229,2020-04-09,unlisted,available,no,360p,0.84,0.0,https://vimeo.com/405973550,
405973425,Bhakti Yoga - Module 7,EP_Courses,,2:16:25,8185,2020-04-09,unlisted,available,no,360p,0.868,0.0,https://vimeo.com/405973425,
405973315,Bhakti Yoga - Module 8,EP_Courses,,1:57:14,7034,2020-04-09,unlisted,available,no,360p,0.766,0.0,https://vimeo.com/405973315,
405973181,Bhakti Yoga - Module 9,EP_Courses,,1:39:08,5948,2020-04-09,unlisted,available,no,360p,0.632,0.0,https://vimeo.com/405973181,
405914311,Samkhya Philosophy - Module 1,EP_Courses,,1:51:39,6699,2020-04-09,unlisted,available,no,540p,0.399,0.0,https://vimeo.com/405914311,
405917206,Samkhya Philosophy - Module 2,EP_Courses,,2:03:23,7403,2020-04-09,unlisted,available,no,540p,0.479,0.0,https://vimeo.com/405917206,
405921911,Samkhya Philosophy - Module 3,EP_Courses,,1:59:18,7158,2020-04-09,unlisted,available,no,540p,0.488,0.0,https://vimeo.com/405921911,
405926623,Samkhya Philosophy - Module 4,EP_Courses,,2:29:25,8965,2020-04-09,unlisted,available,no,540p,0.642,0.0,https://vimeo.com/405926623,
405951943,Shakti: Faces of the Goddess - Module 1,EP_Courses,,1:58:18,7098,2020-04-09,unlisted,available,no,540p,0.537,0.0,https://vimeo.com/405951943,
405957979,Shakti: Faces of the Goddess - Module 2,EP_Courses,,1:59:04,7144,2020-04-09,unlisted,available,no,540p,0.786,0.0,https://vimeo.com/405957979,
405966454,Shakti: Faces of the Goddess - Module 3,EP_Courses,,1:58:03,7083,2020-04-09,unlisted,available,no,540p,0.839,0.0,https://vimeo.com/405966454,
405968393,Shakti: Faces of the Goddess - Module 4,EP_Courses,,2:02:59,7379,2020-04-09,unlisted,available,no,540p,0.717,0.0,https://vimeo.com/405968393,
406012855,Tibetan Buddhism: A Path of Becoming Fully Human - Module 1,EP_Courses,,1:59:30,7170,2020-04-09,unlisted,available,no,540p,0.864,0.0,https://vimeo.com/406012855,
406018424,Tibetan Buddhism: A Path of Becoming Fully Human - Module 2,EP_Courses,,1:56:55,7015,2020-04-09,unlisted,available,no,540p,0.915,0.0,https://vimeo.com/406018424,
406024135,Tibetan Buddhism: A Path of Becoming Fully Human - Module 3,EP_Courses,,2:05:11,7511,2020-04-09,unlisted,available,no,540p,0.925,0.0,https://vimeo.com/406024135,
406027302,Tibetan Buddhism: A Path of Becoming Fully Human - Module 4,EP_Courses,,1:59:50,7190,2020-04-09,unlisted,available,no,540p,0.954,0.0,https://vimeo.com/406027302,
406033439,Traditions of Meditation - Module 1,EP_Courses,,1:52:27,6747,2020-04-09,unlisted,available,no,540p,0.487,0.0,https://vimeo.com/406033439,
406034984,Traditions of Meditation - Module 2,EP_Courses,,1:56:57,7017,2020-04-09,unlisted,available,no,540p,0.44,0.0,https://vimeo.com/406034984,
406036152,Traditions of Meditation - Module 3,EP_Courses,,2:00:15,7215,2020-04-09,unlisted,available,no,540p,0.413,0.0,https://vimeo.com/406036152,
406037293,Traditions of Meditation - Module 4,EP_Courses,,2:04:03,7443,2020-04-09,unlisted,available,no,540p,0.492,0.0,https://vimeo.com/406037293,
406056775,The Bhagavad Gita - Module 1,EP_Courses,,1:59:27,7167,2020-04-10,unlisted,available,no,540p,0.481,0.0,https://vimeo.com/406056775,
406056704,The Bhagavad Gita - Module 2,EP_Courses,,1:57:19,7039,2020-04-10,unlisted,available,no,540p,0.429,0.0,https://vimeo.com/406056704,
406056615,The Bhagavad Gita - Module 3,EP_Courses,,1:58:41,7121,2020-04-10,unlisted,available,no,540p,0.432,0.0,https://vimeo.com/406056615,
406056532,The Bhagavad Gita - Module 4,EP_Courses,,1:57:00,7020,2020-04-10,unlisted,available,no,540p,0.475,0.0,https://vimeo.com/406056532,
406056444,The Bhagavad Gita - Module 5,EP_Courses,,1:59:52,7192,2020-04-10,unlisted,available,no,540p,0.487,0.0,https://vimeo.com/406056444,
406056358,The Bhagavad Gita - Module 6,EP_Courses,,2:04:45,7485,2020-04-10,unlisted,available,no,540p,0.426,0.0,https://vimeo.com/406056358,
406056172,The Bhagavad Gita - Module 7,EP_Courses,,2:02:38,7358,2020-04-10,unlisted,available,no,540p,0.485,0.0,https://vimeo.com/406056172,
406056064,The Bhagavad Gita - Module 8,EP_Courses,,1:54:54,6894,2020-04-10,unlisted,available,no,540p,0.439,0.0,https://vimeo.com/406056064,
406271890,The Realization Process -  Module 4,EP_Courses,,2:02:45,7365,2020-04-10,unlisted,available,no,360p,0.659,0.0,https://vimeo.com/406271890,
406264220,The Realization Process - Module 1,EP_Courses,,1:57:57,7077,2020-04-10,unlisted,available,no,360p,0.536,0.0,https://vimeo.com/406264220,
406266282,The Realization Process - Module 2,EP_Courses,,1:59:17,7157,2020-04-10,unlisted,available,no,360p,0.575,0.0,https://vimeo.com/406266282,
406268234,The Realization Process - Module 3,EP_Courses,,1:58:35,7115,2020-04-10,unlisted,available,no,540p,0.93,0.0,https://vimeo.com/406268234,
406112192,Virtual Reality - Module 1,EP_Courses,,1:53:47,6827,2020-04-10,unlisted,available,no,540p,0.774,0.0,https://vimeo.com/406112192,
406113650,Virtual Reality - Module 2,EP_Courses,,1:56:43,7003,2020-04-10,unlisted,available,no,540p,0.637,0.0,https://vimeo.com/406113650,
406114775,Virtual Reality - Module 3,EP_Courses,,1:59:42,7182,2020-04-10,unlisted,available,no,540p,0.735,0.0,https://vimeo.com/406114775,
406116136,Virtual Reality - Module 4,EP_Courses,,2:00:16,7216,2020-04-10,unlisted,available,no,360p,0.482,0.0,https://vimeo.com/406116136,
406222881,Yoga & The Neuroscience of Healing - Module 1,EP_Courses,,1:47:36,6456,2020-04-10,unlisted,available,no,540p,0.411,0.0,https://vimeo.com/406222881,
406223980,Yoga & The Neuroscience of Healing - Module 2,EP_Courses,,1:41:48,6108,2020-04-10,unlisted,available,no,540p,0.357,0.0,https://vimeo.com/406223980,
406224983,Yoga & The Neuroscience of Healing - Module 3,EP_Courses,,1:53:04,6784,2020-04-10,unlisted,available,no,540p,0.374,0.0,https://vimeo.com/406224983,
406228058,Yoga & The Neuroscience of Healing - Module 4,EP_Courses,,1:46:51,6411,2020-04-10,unlisted,available,no,540p,0.337,0.0,https://vimeo.com/406228058,
406249386,Yogini Mandalas - Module 1,EP_Courses,,1:53:10,6790,2020-04-10,unlisted,available,no,720p,0.738,0.0,https://vimeo.com/406249386,
406251914,Yogini Mandalas - Module 2,EP_Courses,,2:02:17,7337,2020-04-10,unlisted,available,no,720p,0.802,0.0,https://vimeo.com/406251914,
406253619,Yogini Mandalas - Module 3,EP_Courses,,1:59:18,7158,2020-04-10,unlisted,available,no,720p,0.862,0.0,https://vimeo.com/406253619,
406257864,Yogini Mandalas - Module 4,EP_Courses,,1:56:39,6999,2020-04-10,unlisted,available,no,720p,0.905,0.0,https://vimeo.com/406257864,
407631789,Art of Breathing - Module 1,EP_Courses,,1:47:00,6420,2020-04-14,unlisted,available,no,540p,0.438,0.0,https://vimeo.com/407631789,
412755417,Trauma First Aid - Module 1,EP_Courses,,1:39:13,5953,2020-04-28,unlisted,available,no,540p,0.601,0.0,https://vimeo.com/412755417,
414979171,Trauma First Aid - Module 2,EP_Courses,,1:22:51,4971,2020-05-05,unlisted,available,no,540p,0.475,0.0,https://vimeo.com/414979171,
417439079,Trauma First Aid - Module 3,EP_Courses,,1:21:31,4891,2020-05-12,unlisted,available,no,540p,0.413,0.0,https://vimeo.com/417439079,
418428759,Neuroscience of Mindbody - Module 1,EP_Courses,,1:54:55,6895,2020-05-14,unlisted,available,no,540p,0.488,0.0,https://vimeo.com/418428759,
420346934,Trauma First Aid - Module 4,EP_Courses,,1:27:02,5222,2020-05-19,unlisted,available,no,540p,0.593,0.0,https://vimeo.com/420346934,
420667691,Trauma Therapy: A Somatic Approach - Module 1,EP_Courses,,1:58:38,7118,2020-05-20,unlisted,available,no,540p,0.511,0.0,https://vimeo.com/420667691,
421037776,Neuroscience of MindBody - Module 2,EP_Courses,,1:57:04,7024,2020-05-21,unlisted,available,no,540p,0.484,0.0,https://vimeo.com/421037776,
423018082,Trauma Therapy: A Somatic Approach - Module 2,EP_Courses,,2:00:15,7215,2020-05-27,unlisted,available,no,540p,0.434,0.0,https://vimeo.com/423018082,
423738686,Neuroscience of MindBody - Module 3,EP_Courses,,2:03:04,7384,2020-05-28,unlisted,available,no,540p,0.555,0.0,https://vimeo.com/423738686,
425974799,Neuroscience of MindBody - Module 4,EP_Courses,,1:52:32,6752,2020-06-04,unlisted,available,no,540p,0.464,0.0,https://vimeo.com/425974799,
425883624,Trauma Therapy: A Somatic Approach - Module 3,EP_Courses,,2:46:36,9996,2020-06-04,unlisted,available,no,540p,0.719,0.0,https://vimeo.com/425883624,
426262031,The 10 Goddesses - Module 1,EP_Courses,,1:51:04,6664,2020-06-05,unlisted,available,no,540p,0.873,0.0,https://vimeo.com/426262031,
427599465,Trauma Therapy: A Somatic Approach - Module 4,EP_Courses,,2:44:06,9846,2020-06-10,unlisted,available,no,540p,0.759,0.0,https://vimeo.com/427599465,
429367489,The 10 Goddesses - Module 2,EP_Courses,,1:22:34,4954,2020-06-15,unlisted,available,no,540p,0.512,0.0,https://vimeo.com/429367489,
430800713,The 10 Goddesses - Module 3,EP_Courses,,1:58:45,7125,2020-06-19,unlisted,available,no,540p,0.747,0.0,https://vimeo.com/430800713,
432869865,The 10 Goddesses - Module 4,EP_Courses,,1:49:13,6553,2020-06-26,unlisted,available,no,540p,0.892,0.0,https://vimeo.com/432869865,
435097012,The 10 Goddesses - Module 5,EP_Courses,,1:43:04,6184,2020-07-03,unlisted,available,no,540p,0.758,0.0,https://vimeo.com/435097012,
444604725,Trauma Recovery: Techniques and Perspectives from the Yoga Tradition - Module 1,EP_Courses,,1:37:30,5850,2020-08-04,unlisted,available,no,540p,0.286,0.0,https://vimeo.com/444604725,
446842299,Trauma Recovery: Techniques and Perspectives from the Yoga Tradition - Module 2,EP_Courses,,1:59:15,7155,2020-08-11,unlisted,available,no,540p,0.354,0.0,https://vimeo.com/446842299,
448953343,Trauma Recovery: Techniques and Perspectives from the Yoga Tradition - Module 3,EP_Courses,,1:55:30,6930,2020-08-18,unlisted,available,no,540p,0.382,0.0,https://vimeo.com/448953343,
451517979,Trauma Recovery: Techniques and Perspectives from the Yoga Tradition - Module 4,EP_Courses,,1:51:03,6663,2020-08-25,unlisted,available,no,540p,0.315,0.0,https://vimeo.com/451517979,
463854849,Art of Breathing - Module 2,EP_Courses,,1:57:47,7067,2020-10-01,unlisted,available,no,540p,0.481,0.0,https://vimeo.com/463854849,
463859515,Art of Breathing - Module 3,EP_Courses,,1:57:25,7045,2020-10-01,unlisted,available,no,540p,0.463,0.0,https://vimeo.com/463859515,
463860941,Art of Breathing - Module 4,EP_Courses,,1:55:57,6957,2020-10-01,unlisted,available,no,540p,0.493,0.0,https://vimeo.com/463860941,
463882595,Buddhist Psychology & Contemplative Psychotherapy - Module 4,EP_Courses,,1:56:19,6979,2020-10-01,unlisted,available,no,720p,1.325,0.0,https://vimeo.com/463882595,
465058957,Embracing Diversity - Module 1,EP_Courses,,1:59:59,7199,2020-10-05,unlisted,available,no,720p,0.748,0.0,https://vimeo.com/465058957,
465064128,Embracing Diversity - Module 3,EP_Courses,,1:59:46,7186,2020-10-05,unlisted,available,no,720p,0.714,0.0,https://vimeo.com/465064128,
465065961,Embracing Diversity - Module 4,EP_Courses,,2:00:09,7209,2020-10-05,unlisted,available,no,720p,0.625,0.0,https://vimeo.com/465065961,
465061267,Embracing Diversity-  Module 2,EP_Courses,,2:00:59,7259,2020-10-05,unlisted,available,no,720p,0.853,0.0,https://vimeo.com/465061267,
465049445,Intro to MindBody Therapy - Module 4,EP_Courses,,2:07:13,7633,2020-10-05,unlisted,available,no,360p,0.347,0.0,https://vimeo.com/465049445,
465036790,The Sanskrit Seminar - Module 1,EP_Courses,,1:55:06,6906,2020-10-05,disable,available,no,720p,0.356,0.0,https://vimeo.com/465036790,
465037806,The Sanskrit Seminar - Module 8,EP_Courses,,1:43:16,6196,2020-10-05,disable,available,no,540p,0.319,0.0,https://vimeo.com/465037806,
465039580,The Sanskrit Seminar - Module 9,EP_Courses,,1:37:50,5870,2020-10-05,disable,available,no,540p,0.298,0.0,https://vimeo.com/465039580,
465504448,Chakras Illuminated - Module 1,EP_Courses,,2:08:18,7698,2020-10-06,unlisted,available,no,540p,1.368,0.0,https://vimeo.com/465504448,
465508270,Chakras Illuminated - Module 2,EP_Courses,,2:16:55,8215,2020-10-06,unlisted,available,no,540p,1.094,0.0,https://vimeo.com/465508270,
465512215,Chakras Illuminated - Module 3,EP_Courses,,2:12:31,7951,2020-10-06,unlisted,available,no,540p,1.486,0.0,https://vimeo.com/465512215,
465516168,Chakras Illuminated - Module 4,EP_Courses,,2:29:57,8997,2020-10-06,unlisted,available,no,720p,1.638,0.0,https://vimeo.com/465516168,
465421240,"Oppression, Privilege and Spiritual Practice -  Module 3",EP_Courses,,1:56:30,6990,2020-10-06,unlisted,available,no,540p,0.723,0.0,https://vimeo.com/465421240,
465424789,"Oppression, Privilege and Spiritual Practice - Module 4",EP_Courses,,1:58:13,7093,2020-10-06,unlisted,available,no,540p,0.464,0.0,https://vimeo.com/465424789,
465427147,"Oppression, Privilege and Spiritual Practice - Module 6",EP_Courses,,1:49:05,6545,2020-10-06,unlisted,available,no,540p,0.432,0.0,https://vimeo.com/465427147,
465429297,"Oppression, Privilege and Spiritual Practice - Module 7",EP_Courses,,2:03:39,7419,2020-10-06,unlisted,available,no,540p,0.617,0.0,https://vimeo.com/465429297,
465432161,"Oppression, Privilege and Spiritual Practice - Module 8",EP_Courses,,1:51:05,6665,2020-10-06,unlisted,available,no,720p,0.513,0.0,https://vimeo.com/465432161,
465384888,Roots and Branches of Yoga - Course 1 - Module 2,EP_Courses,,1:56:45,7005,2020-10-06,unlisted,available,no,540p,0.505,0.0,https://vimeo.com/465384888,
465380721,Roots and Branches of Yoga - Course 1 - Module 3,EP_Courses,,1:57:30,7050,2020-10-06,unlisted,available,no,540p,0.468,0.0,https://vimeo.com/465380721,
465387036,Roots and Branches of Yoga - Course 1 - Module 4,EP_Courses,,1:57:29,7049,2020-10-06,unlisted,available,no,540p,0.417,0.0,https://vimeo.com/465387036,
465404727,Roots and Branches of Yoga - Course 2 - Module 1,EP_Courses,,2:02:15,7335,2020-10-06,unlisted,available,no,540p,0.498,0.0,https://vimeo.com/465404727,
465409033,Roots and Branches of Yoga - Course 2 - Module 3,EP_Courses,,1:58:20,7100,2020-10-06,unlisted,available,no,540p,0.448,0.0,https://vimeo.com/465409033,
465406931,Roots and Branches of Yoga - Course 2 -Module 2,EP_Courses,,1:58:56,7136,2020-10-06,unlisted,available,no,540p,0.436,0.0,https://vimeo.com/465406931,
465413171,Roots and Branches of Yoga - Course 2 -Module 4,EP_Courses,,2:01:06,7266,2020-10-06,unlisted,available,no,540p,0.422,0.0,https://vimeo.com/465413171,
465443855,Roots and Branches of Yoga - Course 3 - Module 1,EP_Courses,,2:02:13,7333,2020-10-06,unlisted,available,no,540p,0.451,0.0,https://vimeo.com/465443855,
465445932,Roots and Branches of Yoga - Course 3 - Module 2,EP_Courses,,1:58:29,7109,2020-10-06,unlisted,available,no,540p,0.395,0.0,https://vimeo.com/465445932,
465435343,Roots and Branches of Yoga - Course 3 - Module 3,EP_Courses,,2:07:56,7676,2020-10-06,unlisted,available,no,540p,0.45,0.0,https://vimeo.com/465435343,
465439842,Roots and Branches of Yoga - Course 3 - Module 4,EP_Courses,,2:22:21,8541,2020-10-06,unlisted,available,no,540p,0.47,0.0,https://vimeo.com/465439842,
465390905,Roots and Branches of Yoga -Course 1 - Module 1,EP_Courses,,1:52:55,6775,2020-10-06,unlisted,available,no,540p,0.552,0.0,https://vimeo.com/465390905,
465814632,Charge & the Energy Body - Module 1,EP_Courses,,1:57:57,7077,2020-10-07,unlisted,available,no,540p,0.93,0.0,https://vimeo.com/465814632,
465825119,Charge & the Energy Body - Module 2,EP_Courses,,1:57:11,7031,2020-10-07,unlisted,available,no,540p,0.933,0.0,https://vimeo.com/465825119,
465836022,Charge & the Energy Body - Module 3,EP_Courses,,1:58:17,7097,2020-10-07,unlisted,available,no,360p,0.52,0.0,https://vimeo.com/465836022,
465838924,Charge & the Energy Body - Module 4,EP_Courses,,1:57:45,7065,2020-10-07,unlisted,available,no,360p,0.558,0.0,https://vimeo.com/465838924,
466211081,Indian Philosophy - Module 1,EP_Courses,,1:55:02,6902,2020-10-08,unlisted,available,no,540p,1.03,0.0,https://vimeo.com/466211081,
466219971,Indian Philosophy - Module 2,EP_Courses,,2:11:38,7898,2020-10-08,unlisted,available,no,540p,1.233,0.0,https://vimeo.com/466219971,
466229224,Indian Philosophy - Module 3,EP_Courses,,2:07:20,7640,2020-10-08,unlisted,available,no,540p,1.205,0.0,https://vimeo.com/466229224,
466245387,Indian Philosophy - Module 4,EP_Courses,,2:05:19,7519,2020-10-08,unlisted,available,no,360p,0.741,0.0,https://vimeo.com/466245387,
467765745,Indian Philosophy - Module 5,EP_Courses,,2:13:38,8018,2020-10-13,unlisted,available,no,540p,1.302,0.0,https://vimeo.com/467765745,
467805061,Indian Philosophy - Module 6,EP_Courses,,2:08:15,7695,2020-10-13,unlisted,available,no,540p,1.13,0.0,https://vimeo.com/467805061,
467762051,Indian Philosophy - Module 7,EP_Courses,,2:07:02,7622,2020-10-13,unlisted,available,no,360p,0.786,0.0,https://vimeo.com/467762051,
467758501,Indian Philosophy - Module 8,EP_Courses,,2:11:40,7900,2020-10-13,unlisted,available,no,360p,0.764,0.0,https://vimeo.com/467758501,
468167816,Universal Mystic - Module 1,EP_Courses,,2:01:51,7311,2020-10-14,unlisted,available,no,540p,0.574,0.0,https://vimeo.com/468167816,
468207898,Universal Mystic - Module 2,EP_Courses,,2:02:13,7333,2020-10-14,unlisted,available,no,540p,0.704,0.0,https://vimeo.com/468207898,
468211405,Universal Mystic - Module 3,EP_Courses,,1:57:59,7079,2020-10-14,unlisted,available,no,540p,0.675,0.0,https://vimeo.com/468211405,
468216701,Universal Mystic - Module 4,EP_Courses,,2:00:48,7248,2020-10-14,unlisted,available,no,540p,0.55,0.0,https://vimeo.com/468216701,
497505423,Healing Trauma - Module 1 - Video,EP_Courses,,1:39:12,5952,2021-01-06,disable,available,no,1440p,1.223,0.916,https://vimeo.com/497505423,
499899907,Mod 2 Healing Trauma A. Wong 1/12/2021,EP_Courses,,2:02:12,7332,2021-01-13,disable,available,no,1080p,0.825,0.825,https://vimeo.com/499899907,
502667365,Mod 3 Healing Trauma A. Wong 1/19/2021,EP_Courses,,1:58:26,7106,2021-01-20,disable,available,no,1080p,0.999,0.999,https://vimeo.com/502667365,
502452108,Upanishads Module 2 Video,EP_Courses,,1:54:14,6854,2021-01-20,disable,available,no,540p,0.469,0.0,https://vimeo.com/502452108,
505226151,Healing Trauma - Module 4 - Video,EP_Courses,,1:59:25,7165,2021-01-27,disable,available,no,1440p,1.537,1.146,https://vimeo.com/505226151,
401638215,Astanga Yoga in Patanjali and the Gita (Edwin Bryant),EPTV,Yoga Philosophy,1:37:52,5872,2020-03-28,nobody,available,no,720p,1.593,0.0,https://vimeo.com/401638215,
401704834,Bringing the Science of Social Justice Alive in Honoring the Roots of Yoga (SaraÌ King &amp Susanna Barkataki),EPTV,,1:45:37,6337,2020-03-28,nobody,available,no,540p,0.525,0.0,https://vimeo.com/401704834,
401712303,Buying and Seling Yoga (Andrea Jain),EPTV,,1:25:34,5134,2020-03-28,disable,available,no,540p,0.624,0.0,https://vimeo.com/401712303,
401644118,Changing our Understanding of the Yoga Sutra (Christopher Hareesh Wallis),EPTV,Yoga Philosophy,1:32:22,5542,2020-03-28,nobody,available,no,720p,0.889,0.0,https://vimeo.com/401644118,
401669673,Contemplative Neuroscience (David Vago),EPTV,,1:02:34,3754,2020-03-28,nobody,available,no,720p,0.256,0.0,https://vimeo.com/401669673,
401736882,Dynamic Alignment (Amy Matthews),EPTV,,1:21:38,4898,2020-03-28,nobody,available,no,720p,0.934,0.0,https://vimeo.com/401736882,
401652783,Gravity as Therapy (Tias Little),EPTV,Yoga Philosophy,1:47:21,6441,2020-03-28,nobody,available,no,540p,0.626,0.0,https://vimeo.com/401652783,
401746762,Healing Violence-Related Trauma Through Yoga (Maria Adelaida Lopez and Natalia Quinones),EPTV,,0:55:27,3327,2020-03-28,nobody,available,no,720p,0.25,0.0,https://vimeo.com/401746762,
401709413,How to Feel Goodness when Everything is Going Wrong (Shambhavi Sarasvati),EPTV,,0:55:32,3332,2020-03-28,nobody,available,no,720p,0.635,0.0,https://vimeo.com/401709413,
401695699,Mindfulness and the clinical application of MBSR (Lobsang Rapgay),EPTV,,0:35:55,2155,2020-03-28,nobody,available,no,720p,0.349,0.0,https://vimeo.com/401695699,
401717379,Neuroplasticity and Mystical-Nondual Experiences Reported during Meditation Practice (Fred Travis),EPTV,,1:03:59,3839,2020-03-28,nobody,available,no,720p,0.261,0.0,https://vimeo.com/401717379,
401708958,Nonduality in light of neuroscience - implications for its understanding and practice (Zoran Josipovic),EPTV,,0:47:26,2846,2020-03-28,nobody,available,no,720p,0.197,0.0,https://vimeo.com/401708958,
401656218,Om Namah Shivaya - Why mantra matters and how to practice it (Nataraj Chaitanya),EPTV,Yoga Philosophy,1:39:50,5990,2020-03-28,nobody,available,no,720p,0.677,0.0,https://vimeo.com/401656218,
401718071,On the Polyvagal Theory (Stephen Porges),EPTV,,1:16:17,4577,2020-03-28,unlisted,available,no,720p,0.997,0.0,https://vimeo.com/401718071,
401741109,On Trauma &amp Polyvagal Theory (Stephen Porges),EPTV,,0:50:04,3004,2020-03-28,nobody,available,no,720p,0.746,0.0,https://vimeo.com/401741109,
401660827,One Sutra for a Lifetime (Nikki Costello),EPTV,Yoga Philosophy,1:14:31,4471,2020-03-28,nobody,available,no,720p,0.874,0.0,https://vimeo.com/401660827,
401702409,Skill in Action_ Radical Action Through Contemplative Practice (Michelle Johnson),EPTV,,1:58:13,7093,2020-03-28,nobody,available,no,540p,0.437,0.0,https://vimeo.com/401702409,
401635130,Surrender Unto Me - Essence of the Gita and Yogas Goal (Dhanurdhara Swami),EPTV,Yoga Philosophy,1:09:29,4169,2020-03-28,nobody,available,no,720p,1.003,0.0,https://vimeo.com/401635130,
401664262,Teaching the Yoga Sutras (Christopher Chapple),EPTV,Yoga Philosophy,1:54:59,6899,2020-03-28,nobody,available,no,540p,1.12,0.0,https://vimeo.com/401664262,
401631137,The Bhagavad Gita (Pandit Dasa),EPTV,,1:10:23,4223,2020-03-28,nobody,available,no,720p,1.058,0.0,https://vimeo.com/401631137,
401722576,The Brain and the Health Benefits of Yoga (Helen Lavretsky),EPTV,,0:52:27,3147,2020-03-28,nobody,available,no,540p,0.192,0.0,https://vimeo.com/401722576,
401712857,The Brain on â€œStressâ€_ Epigenetic Influences on Brain and Body Health (Bruce McEwen),EPTV,,1:02:49,3769,2020-03-28,nobody,available,no,720p,0.256,0.0,https://vimeo.com/401712857,
401694592,The Confluence of Breakthrough Science and Timeless Practice (Joe Loizzo),EPTV,,1:13:29,4409,2020-03-28,nobody,available,no,540p,0.721,0.0,https://vimeo.com/401694592,
401716506,The Craving Mind_ how mindfulness changes the brain to break bad habits and form new ones (Judson Brewer),EPTV,,0:52:11,3131,2020-03-28,nobody,available,no,720p,0.199,0.0,https://vimeo.com/401716506,
401633105,The Hero's Journey (Joshua M Greene),EPTV,Yoga Philosophy,1:10:45,4245,2020-03-28,nobody,available,no,720p,1.022,0.0,https://vimeo.com/401633105,
401710679,The Mystic's Brain The Biology of Contemplative Practice  and Why It Matters to the Meditator (Kenneth Rose),EPTV,,1:25:41,5141,2020-03-28,nobody,available,no,720p,0.434,0.0,https://vimeo.com/401710679,
401667007,The Rishis' Wisdom (Manorama),EPTV,Yoga Philosophy,1:04:01,3841,2020-03-28,nobody,available,no,720p,0.947,0.0,https://vimeo.com/401667007,
401719867,"The Science of Spirit_ Neuroplasticity, Contemplative Practice and the New Scientific Paradigm (Joe Loizzo)",EPTV,,1:07:40,4060,2020-03-28,nobody,available,no,720p,0.274,0.0,https://vimeo.com/401719867,
401738989,The Symptom is the Teacher (Isa Gucciardi),EPTV,,1:11:42,4302,2020-03-28,nobody,available,no,720p,0.551,0.0,https://vimeo.com/401738989,
401744215,The Unconditional Model_ Using one's Whole Self in Trauma Healing (Anneke Lucas),EPTV,,1:26:56,5216,2020-03-28,nobody,available,no,720p,0.387,0.0,https://vimeo.com/401744215,
401693136,"Towards a Science of Embodied Mind_ Neuroplasticity, Contemplative Practice and the New Mind-Body Paradigm  (Joe Loizzo)",EPTV,,1:21:39,4899,2020-03-28,nobody,available,no,720p,0.377,0.0,https://vimeo.com/401693136,
401733352,Trauma and the Unbound Body (Judith Blackstone),EPTV,,0:51:30,3090,2020-03-28,nobody,available,no,720p,0.531,0.0,https://vimeo.com/401733352,
401720619,Unwind Emotional Patterns and Repattern New Neural Pathways (Yasmin Lambat),EPTV,,1:10:52,4252,2020-03-28,nobody,available,no,720p,0.266,0.0,https://vimeo.com/401720619,
401714317,What is the One True Choice Neuroplasticity and Deep Rest in the Unknown (Georgi Y Johnson),EPTV,,1:07:39,4059,2020-03-28,nobody,available,no,720p,0.426,0.0,https://vimeo.com/401714317,"Neuroplasticity occurs in a direct equation to the relaxation of our grasping towards known thought forms, beliefs, and experiences. When we can open the mind to the unknown and the unpredictable, fear by degrees falls away, which allows the structures of the brain to form greater connectivity and oversight. This brings feelings of reward which in turn, further relax the nerve system. When we relax, we need to relax into something, and thus, the system of Nondual Therapy suggests the middle way "
401721282,Yoga - Religion or Spirituality (Ragunath),EPTV,,1:07:50,4070,2020-03-28,nobody,available,no,720p,0.82,0.0,https://vimeo.com/401721282,
401710419,Yoga and the Science of Not Reacting (Sonia Sequeira),EPTV,,0:18:32,1112,2020-03-28,nobody,available,no,720p,0.065,0.0,https://vimeo.com/401710419,
401647735,Yoga Sutras_ Mastering the Game of Life (Reverend Jaganath Carrera),EPTV,Yoga Philosophy,1:26:46,5206,2020-03-28,nobody,available,no,720p,1.125,0.0,https://vimeo.com/401647735,
401770973,A Thousand Paper Cuts_ Understanding the Complex Trauma of Embodied Microaggressions (Rae Johnson),EPTV,,0:41:38,2498,2020-03-29,nobody,available,no,720p,0.171,0.0,https://vimeo.com/401770973,
401949345,Advanced Pranayama Techniques From Kundalini Yoga As Taught By Yogi Bhajan™ (David Shannahoff-Khalsa),EPTV,,1:29:46,5386,2020-03-29,nobody,available,no,720p,0.362,0.0,https://vimeo.com/401949345,
401793366,Am I Virtual Dreaming Exploring Lucidity in Virtual Reality (Jordan Quaglia),EPTV,,0:28:40,1720,2020-03-29,nobody,available,no,720p,0.102,0.0,https://vimeo.com/401793366,
401960481,An Integrated Awakening_ From Separation to Seamless Reality (Thanissara),EPTV,,1:25:00,5100,2020-03-29,nobody,available,no,720p,1.116,0.0,https://vimeo.com/401960481,
401964529,Aversion vs Connection (Christopher Tompkins),EPTV,,0:59:27,3567,2020-03-29,nobody,available,no,720p,0.447,0.0,https://vimeo.com/401964529,
401967627,Beyond McMindfulness (Miles Neale),EPTV,,1:15:05,4505,2020-03-29,nobody,available,no,720p,1.159,0.0,https://vimeo.com/401967627,
401770113,Beyond Wheels_ How to Talk about the Chakras (Christopher Hareesh Wallis),EPTV,,1:59:29,7169,2020-03-29,nobody,available,no,540p,0.954,0.0,https://vimeo.com/401770113,
401987499,Bodhichitta_ Radical Compassion in a World Gone Mad (Miles Neale),EPTV,,1:15:50,4550,2020-03-29,nobody,available,no,540p,0.73,0.0,https://vimeo.com/401987499,
401888995,Breath and Presence (Mary Reilly Nichols),EPTV,,1:45:45,6345,2020-03-29,nobody,available,no,720p,0.678,0.0,https://vimeo.com/401888995,
401960753,Buddhism in the Western Therapeutic Environment (Isa Gucciardi),EPTV,,1:20:57,4857,2020-03-29,nobody,available,no,540p,0.523,0.0,https://vimeo.com/401960753,
401770454,Chakras as the Yoke of Yoga (Anodea Judith),EPTV,,0:55:06,3306,2020-03-29,nobody,available,no,720p,0.611,0.0,https://vimeo.com/401770454,
401868829,Early Records of Āsana Practice (Philipp Maas),EPTV,,0:48:31,2911,2020-03-29,nobody,available,no,540p,0.168,0.0,https://vimeo.com/401868829,
401859254,Esoteric Wisdom and the Feminine Principle in Tibetan Buddhism (Lama Tsultrim Allione),EPTV,,1:09:35,4175,2020-03-29,nobody,available,no,540p,0.718,0.0,https://vimeo.com/401859254,
401897964,Following the Nondual Path of the Divine Feminine (Sally Kempton),EPTV,,1:13:01,4381,2020-03-29,nobody,available,no,720p,0.787,0.0,https://vimeo.com/401897964,
401770550,Healing in Wholeness_ Tools for Life for Experiencing Indestructible Resilience and Well-Being (Richard Miller),EPTV,,1:32:00,5520,2020-03-29,nobody,available,no,720p,0.527,0.0,https://vimeo.com/401770550,
401946848,History of Pranayama (Yoganand Michael Carroll),EPTV,,1:08:07,4087,2020-03-29,nobody,available,no,720p,0.713,0.0,https://vimeo.com/401946848,
401949837,How Does Pranayama Lead You to Your Highest Self (Allison Gemmel LaFramboise),EPTV,,1:01:36,3696,2020-03-29,nobody,available,no,720p,0.843,0.0,https://vimeo.com/401949837,
401774376,How Virtual Reality Advances the Mystic Quest (Michael R Heim)-2,EPTV,,1:09:02,4142,2020-03-29,nobody,available,no,720p,0.336,0.0,https://vimeo.com/401774376,
401770719,How Yoga and Meditation Work to Heal Trauma Symptoms_ the Scientific Foundations (Julie K Staples),EPTV,,1:05:26,3926,2020-03-29,nobody,available,no,720p,0.332,0.0,https://vimeo.com/401770719,
401768620,Is Clinical Virtual Reality Ready for Primetime (Albert Skip Rizzo),EPTV,,1:31:17,5477,2020-03-29,nobody,available,no,720p,0.673,0.0,https://vimeo.com/401768620,
402010209,Kundalini &amp Radical Embodiment (Hari Kauer),EPTV,,0:47:27,2847,2020-03-29,nobody,available,no,720p,0.632,0.0,https://vimeo.com/402010209,
401883735,"Kundalini Yoga As Taught By Yogi Bhajan_ Selected Contributions to Basic Science and Clinical Treatment, and a Variety of Medita",EPTV,,1:20:41,4841,2020-03-29,nobody,available,no,720p,0.323,0.0,https://vimeo.com/401883735,
401771532,Mindfulness and the clinical application of MBSR (Lobsang Rapgay),EPTV,,0:35:55,2155,2020-03-29,nobody,available,no,720p,0.349,0.0,https://vimeo.com/401771532,
401887214,Molecular Mechanisms and Clinical Applications of Pranayama (Sundar Balasubramanian),EPTV,,0:54:24,3264,2020-03-29,nobody,available,no,720p,0.225,0.0,https://vimeo.com/401887214,
401770253,"Multicultural Healing Practices, Power, and Privilege",EPTV,,1:59:25,7165,2020-03-29,nobody,available,no,540p,0.924,0.0,https://vimeo.com/401770253,
401771709,Nonduality in light of neuroscience - implications for its understanding and practice (Zoran Josipovic),EPTV,,0:47:26,2846,2020-03-29,nobody,available,no,720p,0.197,0.0,https://vimeo.com/401771709,
401781054,On the Yamas and Niyamas (Hari-kirtana das),EPTV,,1:29:08,5348,2020-03-29,nobody,available,no,540p,0.516,0.0,https://vimeo.com/401781054,
401987684,Our Pristine Mind (Orgyen Chowang Rinpoche),EPTV,,1:01:52,3712,2020-03-29,nobody,available,no,720p,0.948,0.0,https://vimeo.com/401987684,
401947666,Pranayama and Hatha Yoga (Srivatsa Ramaswami),EPTV,,1:07:19,4039,2020-03-29,nobody,available,no,720p,0.574,0.0,https://vimeo.com/401947666,
401950526,Prāṇacintā_ Meditating on the Vital Breath as an Exercise of Bodily Self-Awareness (Ana Laura Funes Maderey),EPTV,,0:50:41,3041,2020-03-29,nobody,available,no,720p,0.442,0.0,https://vimeo.com/401950526,
401775400,Quantum Physics and the Integration of Science and Spirituality_ The Scientific Evidence for God and What We Should do About It,EPTV,,0:55:35,3335,2020-03-29,nobody,available,no,720p,0.916,0.0,https://vimeo.com/401775400,
401970022,"Reason, Intuition, and the Science of Buddhism (Thupten Jinpa)",EPTV,,1:08:40,4120,2020-03-29,nobody,available,no,540p,0.646,0.0,https://vimeo.com/401970022,
401770627,"Reclaiming Life After Trauma_ Healing PTSD With Yoga, Mindfulness Practice and Cognitive-Behavioral Therapy (Daniel Mintie)",EPTV,,1:32:35,5555,2020-03-29,nobody,available,no,720p,0.349,0.0,https://vimeo.com/401770627,
401788409,Samsara as a Video Game_ the Simulation Hypothesis and Religious Traditions (Rizwan Virk),EPTV,,1:05:01,3901,2020-03-29,nobody,available,no,720p,0.244,0.0,https://vimeo.com/401788409,
401885702,Sudarshan Kriya Yoga_ Breathing For Healthy Life (Sameer Anil Zope),EPTV,,0:53:50,3230,2020-03-29,nobody,available,no,720p,0.186,0.0,https://vimeo.com/401885702,
401993048,Tantra &amp Sustainability (Ramesh Bjonnes),EPTV,,1:08:45,4125,2020-03-29,nobody,available,no,720p,0.692,0.0,https://vimeo.com/401993048,
401948890,The Anatomy of Breathwork – Essential Principles and Pervasive Myths (Leslie Kaminoff),EPTV,,1:41:48,6108,2020-03-29,nobody,available,no,720p,0.404,0.0,https://vimeo.com/401948890,
401772034,The Brain and the Health Benefits of Yoga (Helen Lavretsky),EPTV,,0:52:27,3147,2020-03-29,nobody,available,no,540p,0.192,0.0,https://vimeo.com/401772034,
401771233,The Confluence of Breakthrough Science and Timeless Practice (Joe Loizzo),EPTV,,1:13:29,4409,2020-03-29,nobody,available,no,540p,0.721,0.0,https://vimeo.com/401771233,
401846717,The Esoteric Feminine in Hathayoga Sources (Ruth Westoby),EPTV,,0:53:30,3210,2020-03-29,nobody,available,no,720p,0.56,0.0,https://vimeo.com/401846717,
401998959,The Glance of Shiva (Mary Reilly Nichols),EPTV,,0:41:03,2463,2020-03-29,nobody,available,no,720p,0.626,0.0,https://vimeo.com/401998959,
401849312,The Medieval Chakra System of the Divine Mother (Christopher Tompkins),EPTV,,0:36:27,2187,2020-03-29,nobody,available,no,720p,0.433,0.0,https://vimeo.com/401849312,
401945876,The Prana of Paramahansa Yogananda (Jensen Martin),EPTV,,1:32:11,5531,2020-03-29,nobody,available,no,720p,1.04,0.0,https://vimeo.com/401945876,
402002374,The Promise of Tantra (Pandit Rajmani Tigunait),EPTV,,1:14:00,4440,2020-03-29,nobody,available,no,720p,0.842,0.0,https://vimeo.com/402002374,
401986797,The Radiance Sutras (Lorin Roche),EPTV,,1:00:43,3643,2020-03-29,nobody,available,no,720p,0.7,0.0,https://vimeo.com/401986797,
401777863,The Reality of Illusion_ The Simulation Hypothesis and Yogaâ€™s Five Bodies (Kenneth Rose),EPTV,,1:09:12,4152,2020-03-29,nobody,available,no,720p,0.413,0.0,https://vimeo.com/401777863,
401774983,The Supreme Secret of Yoga (Graham Schweig),EPTV,,1:20:09,4809,2020-03-29,nobody,available,no,540p,0.349,0.0,https://vimeo.com/401774983,
401964064,The Third Wave of Contemplative Life (Joe Loizzo),EPTV,,1:12:22,4342,2020-03-29,nobody,available,no,720p,1.309,0.0,https://vimeo.com/401964064,
401961196,Touching the Earth_ Neuroscience of Natural Awakening (Ralph de la Rosa),EPTV,,1:13:07,4387,2020-03-29,nobody,available,no,720p,1.128,0.0,https://vimeo.com/401961196,
401771127,"Towards a Science of Embodied Mind_ Neuroplasticity, Contemplative Practice and the New Mind-Body Paradigm  (Joe Loizzo)",EPTV,,1:21:39,4899,2020-03-29,nobody,available,no,720p,0.377,0.0,https://vimeo.com/401771127,
401945121,Utilizing the Prana Map to Navigate Life and Spiritual Practice (Kavitha Chinnaiyan),EPTV,,1:36:35,5795,2020-03-29,nobody,available,no,720p,0.47,0.0,https://vimeo.com/401945121,
401772175,Vedanta_ Spirituality &amp Philosophy of the Upanishads (Swami Sarvapriyananda),EPTV,,1:38:23,5903,2020-03-29,nobody,available,no,720p,0.391,0.0,https://vimeo.com/401772175,
401776770,Virtual Reality and Simulation - An Advaita VedÄnta Perspective (Swami Sarvapriyananda),EPTV,,0:54:55,3295,2020-03-29,nobody,available,no,720p,0.524,0.0,https://vimeo.com/401776770,
401784383,Virtual Reality as Revealing the Self (Joakim Vindenes),EPTV,,1:04:04,3844,2020-03-29,nobody,available,no,720p,0.255,0.0,https://vimeo.com/401784383,"In his multi-volume Technics and Time, Philosopher Bernhard Stiegler argues that human beings and technology are intrinsically linked together in a co-constitutive relationship. According to Stiegler, we invent ourselves through technology and through this process we constitute the conventions that make us who we are; time, society and culture. For Stiegler, technology and humans are fundamentally united – and technology is equally as much something in us as it is something outside us. Thus, as "
401773172,"Virtual Reality, The Lucidity Principle, and Soteriology (Andrew Holecek)",EPTV,,0:59:44,3584,2020-03-29,nobody,available,no,720p,0.634,0.0,https://vimeo.com/401773172,
401868265,Visual and Material Evidence of Medieval Yoga and Yogis (Seth Powell),EPTV,,1:24:52,5092,2020-03-29,nobody,available,no,540p,0.369,0.0,https://vimeo.com/401868265,
401791712,VR and AR Powered by EEG and Heart Rate for Stress Management (Sarah Hill),EPTV,,0:20:18,1218,2020-03-29,nobody,available,no,720p,0.149,0.0,https://vimeo.com/401791712,"In this talk by Sarah Hill, CEO of Healium and StoryUP Studios, we will learn about the therapeutic benefits individuals experience from the use of virtual and augmented reality technology. Sarah shows us how users of these technologies can see and interact with their emotions, heart rate, and brain wave patterns to create virtual experiences that have powerful effects on the nervous system. Individuals are able to significantly reduce anxiety, decrease pain, and increase feelings of calm and po"
401769894,Why study Sanskrit (Zoë Slatoff),EPTV,,1:44:57,6297,2020-03-29,nobody,available,no,720p,0.481,0.0,https://vimeo.com/401769894,
401948393,Worship the Lord of Prana_ Connecting with the Teachings on Breath Awareness (Mary Reilly Nichols),EPTV,,1:36:04,5764,2020-03-29,nobody,available,no,720p,0.367,0.0,https://vimeo.com/401948393,
401865016,Yoga Disciplines and Vows - Gandhi's Embodied Practices (Veena Howard),EPTV,,0:59:53,3593,2020-03-29,nobody,available,no,720p,0.257,0.0,https://vimeo.com/401865016,
401770811,"Yoga for Trauma Recovery_ Theory, Philosophy and Practice (Lisa Danylchuk)",EPTV,,1:04:43,3883,2020-03-29,nobody,available,no,720p,0.215,0.0,https://vimeo.com/401770811,
401869144,Yoga History_ Taking the Long View (Christopher Chapple),EPTV,,1:32:23,5543,2020-03-29,nobody,available,no,540p,0.815,0.0,https://vimeo.com/401869144,
401867367,Yoga on the Eve of Colonialism (Jason Birch),EPTV,,1:10:25,4225,2020-03-29,nobody,available,no,720p,0.262,0.0,https://vimeo.com/401867367,
1178621493,Module_1A_Heart_Connections,Heart Connections,,1:10:08,4208,2026-03-30,nobody,available,no,540p,0.385,0.0,https://vimeo.com/1178621493,
1178621643,Module_1B_Heart_Connections,Heart Connections,,1:19:31,4771,2026-03-30,nobody,available,no,540p,0.517,0.0,https://vimeo.com/1178621643,
1178621843,Module_2A_Heart_Connections,Heart Connections,,0:44:45,2685,2026-03-30,nobody,available,no,540p,0.251,0.0,https://vimeo.com/1178621843,
1178621921,Module_2B_Heart_Connections,Heart Connections,,1:30:20,5420,2026-03-30,nobody,available,no,540p,0.522,0.0,https://vimeo.com/1178621921,
755752326,Embodying Shiva-Shakti :: Prana Vidya for Inner Balance & Harmony,Heather Oblak,,0:32:10,1930,2022-09-30,nobody,available,no,1080p,0.651,0.651,https://vimeo.com/755752326,"Prana Vidya Tantrik Deity Mirroring practice to nourish, purify, and balance your inner Divine Masculine and Divine Feminine energies -:- with Tantra Yogācharya Heather Oblak of YogEvolve Sacred Soul Alchemy"
755728624,EP_Bands_of_Power_2022,Heather Oblak,,1:02:27,3747,2022-09-30,nobody,available,no,1080p,1.594,1.594,https://vimeo.com/755728624,
755678858,EP_Nervous_System_Reset_2022.mp4,Heather Oblak,,0:15:17,917,2022-09-30,nobody,available,no,720p,0.165,0.0,https://vimeo.com/755678858,
755758709,Finding Your Seat :: Intuitive Myofascial Yoga,Heather Oblak,,0:30:41,1841,2022-09-30,nobody,available,no,720p,0.291,0.0,https://vimeo.com/755758709,An intuitive myofascial yoga practice to explore and establish that sweet spot of ease and stability at the center of your BEing that serves as a foundation for embodying your Luminous Divinity -:- with Tantra Yogācharya Heather Oblak of YogEvolve Sacred Soul Alchemy
755821020,Bands of Power :: Prana Vidya for Energetic Integrity & Psychic Protection,Heather Oblak,,1:02:27,3747,2022-10-01,nobody,available,no,1080p,1.594,1.594,https://vimeo.com/755821020,Tantrik Shamanic energy transmission (Shaktipat) ceremony to install and activate an elemental shield of power and protection within your subtle energy field that connects you with the 5 elements (Mahabhutas) and transmutes negative environmental energies into nourishing Light -:- with Tantra Yogācharya Heather Oblak of YogEvolve Sacred Soul Alchemy
755816885,LUMINOUS BEing :: Energy Cleanse Yoga Nidra,Heather Oblak,,0:47:20,2840,2022-10-01,nobody,available,no,1080p,1.054,1.054,https://vimeo.com/755816885,A pranic healing journey to cleanse and revitalize your chakras and embody your luminous dimension of BEing -:- with Tantra Yogācharya Heather Oblak of YogEvolve Sacred Soul Alchemy
757290770,video1403201105.mp4,Heather Oblak,,0:16:40,1000,2022-10-05,nobody,available,no,720p,0.194,0.0,https://vimeo.com/757290770,Grounding Through the Heart :: Nervous System Reset
1226597512,Subtle Liberation-Based Teaching Information Session (Sahrdaya Meditation Teacher Formation),Information Sessions,,1:13:56,4436,2026-09-14,nobody,available,no,1080p,0.963,0.963,https://vimeo.com/1226597512,
918100257,Day 1 Faith Hunter,INSPIRE Yoga Teacher Conference,,0:20:03,1203,2024-02-29,nobody,available,no,720p,0.191,0.0,https://vimeo.com/918100257,
918100374,Day 1 Michael James Wong,INSPIRE Yoga Teacher Conference,,0:25:21,1521,2024-02-29,nobody,available,no,360p,0.136,0.0,https://vimeo.com/918100374,
918100468,Day 1 Panel Discussion Recording,INSPIRE Yoga Teacher Conference,,1:02:36,3756,2024-02-29,nobody,available,no,360p,0.294,0.0,https://vimeo.com/918100468,
918100607,Day 1 Sri Dharma Mittra,INSPIRE Yoga Teacher Conference,,0:24:39,1479,2024-02-29,nobody,available,no,720p,0.313,0.0,https://vimeo.com/918100607,
918100782,Day 1 Welcome to DREAMING BIG,INSPIRE Yoga Teacher Conference,,0:01:32,92,2024-02-29,nobody,available,no,720p,0.011,0.0,https://vimeo.com/918100782,
918100802,Day 2 Allison Rissel,INSPIRE Yoga Teacher Conference,,0:20:09,1209,2024-02-29,nobody,available,no,720p,0.351,0.0,https://vimeo.com/918100802,
918101072,Day 2 Ava Taylor,INSPIRE Yoga Teacher Conference,,0:26:23,1583,2024-02-29,nobody,available,no,720p,0.343,0.0,https://vimeo.com/918101072,
918101313,Day 2 DJ Cavem,INSPIRE Yoga Teacher Conference,,0:07:19,439,2024-02-29,nobody,available,no,1080p,0.252,0.252,https://vimeo.com/918101313,
918101510,Day 2 Panel Discussion Recording,INSPIRE Yoga Teacher Conference,,0:59:59,3599,2024-02-29,nobody,available,no,1080p,1.139,1.139,https://vimeo.com/918101510,
918102253,Day 3 Cyndi Lee,INSPIRE Yoga Teacher Conference,,0:18:02,1082,2024-02-29,nobody,available,no,720p,0.283,0.0,https://vimeo.com/918102253,
918102481,Day 3 Matt Giordano,INSPIRE Yoga Teacher Conference,,0:36:59,2219,2024-02-29,nobody,available,no,720p,0.371,0.0,https://vimeo.com/918102481,
918102713,Day 3 Panel Discussion Recording,INSPIRE Yoga Teacher Conference,,1:05:44,3944,2024-02-29,nobody,available,no,1080p,1.377,1.377,https://vimeo.com/918102713,
918103888,Day 3 Sadie Nardini,INSPIRE Yoga Teacher Conference,,0:20:45,1245,2024-02-29,nobody,available,no,360p,0.099,0.0,https://vimeo.com/918103888,
918121693,Day 4 Bryan Kest,INSPIRE Yoga Teacher Conference,,0:13:30,810,2024-02-29,nobody,available,no,720p,0.153,0.0,https://vimeo.com/918121693,
918121785,Day 4 Erica Garcia,INSPIRE Yoga Teacher Conference,,0:17:33,1053,2024-02-29,nobody,available,no,720p,0.245,0.0,https://vimeo.com/918121785,
918121986,Day 4 Panel Discussion Recording,INSPIRE Yoga Teacher Conference,,1:05:14,3914,2024-02-29,nobody,available,no,1080p,1.161,1.161,https://vimeo.com/918121986,
918122669,Day 4 Raghunath,INSPIRE Yoga Teacher Conference,,0:23:59,1439,2024-02-29,nobody,available,no,360p,0.142,0.0,https://vimeo.com/918122669,
918122780,Day 5 Gwen Lawrence,INSPIRE Yoga Teacher Conference,,0:00:24,24,2024-02-29,nobody,available,no,1080p,0.013,0.013,https://vimeo.com/918122780,
918122802,Day 5 Janet Stone,INSPIRE Yoga Teacher Conference,,0:14:10,850,2024-02-29,nobody,available,no,360p,0.074,0.0,https://vimeo.com/918122802,
918122867,Day 5 Panel Discussion Recording,INSPIRE Yoga Teacher Conference,,1:18:20,4700,2024-02-29,nobody,available,no,1080p,1.397,1.397,https://vimeo.com/918122867,
918123544,Day 5 Sid McNairy,INSPIRE Yoga Teacher Conference,,0:39:14,2354,2024-02-29,nobody,available,no,360p,0.175,0.0,https://vimeo.com/918123544,
1000524905,Episode 1 - Mantra - Sita Ram,Kirtan at Home with Nina Rao,,0:25:59,1559,2024-08-19,nobody,available,no,1080p,1.052,1.052,https://vimeo.com/1000524905,
1000538988,Episode 2 - Mantra - Hare Krishna Hare Rama,Kirtan at Home with Nina Rao,,0:25:46,1546,2024-08-19,nobody,available,no,1080p,1.044,1.044,https://vimeo.com/1000538988,
1000544945,Episode 3 - Mantra - Om Namah Shivaya,Kirtan at Home with Nina Rao,,0:26:06,1566,2024-08-19,nobody,available,no,1080p,1.104,1.104,https://vimeo.com/1000544945,
1000550678,Episode 4 - Mantra - Sarasvati Chant,Kirtan at Home with Nina Rao,,0:25:37,1537,2024-08-19,nobody,available,no,1080p,0.984,0.984,https://vimeo.com/1000550678,
1000940920,Episode 5 - Mantra - Pati Hare,Kirtan at Home with Nina Rao,,0:21:50,1310,2024-08-20,nobody,available,no,1080p,0.911,0.911,https://vimeo.com/1000940920,
1000945599,Episode 6 - Mantra - Devi Pranāmah,Kirtan at Home with Nina Rao,,0:25:53,1553,2024-08-20,nobody,available,no,1080p,1.05,1.05,https://vimeo.com/1000945599,
1000951445,"Episode 7 - Mantra - In-Dwelling Presence and Sustainer of Life, Viṣṇu",Kirtan at Home with Nina Rao,,0:28:34,1714,2024-08-20,nobody,available,no,1080p,1.171,1.171,https://vimeo.com/1000951445,
1000952670,Episode 8 - Mantra - Prayer to Ganesha,Kirtan at Home with Nina Rao,,0:25:33,1533,2024-08-20,nobody,available,no,1080p,1.003,1.003,https://vimeo.com/1000952670,
912154238,Jacob - C0001_1_Proxy,Leslie Kaminoff (London 2024),,0:52:18,3138,2024-02-12,nobody,available,no,540p,0.316,0.0,https://vimeo.com/912154238,
912157581,Jacob - C0002_Proxy,Leslie Kaminoff (London 2024),,0:06:12,372,2024-02-12,nobody,available,no,720p,0.118,0.0,https://vimeo.com/912157581,
912158337,Jacob - C0003_Proxy,Leslie Kaminoff (London 2024),,0:32:43,1963,2024-02-12,nobody,available,no,540p,0.199,0.0,https://vimeo.com/912158337,
912160462,Jacob - C0004_Proxy,Leslie Kaminoff (London 2024),,0:13:31,811,2024-02-12,nobody,available,no,540p,0.087,0.0,https://vimeo.com/912160462,
912161421,Leslie - C0001_Proxy,Leslie Kaminoff (London 2024),,1:40:08,6008,2024-02-12,nobody,available,no,540p,0.743,0.0,https://vimeo.com/912161421,
912169684,Leslie - C0002_Proxy,Leslie Kaminoff (London 2024),,0:17:18,1038,2024-02-12,nobody,available,no,540p,0.136,0.0,https://vimeo.com/912169684,
912217785,Wide Angle,Leslie Kaminoff (London 2024),,1:58:18,7098,2024-02-12,nobody,available,no,2160p,15.575,4.213,https://vimeo.com/912217785,
794714308,Awakened Body Webinar,LIVE 2023 Awakened Body Cert,,1:00:48,3648,2023-02-01,disable,available,no,720p,0.408,0.0,https://vimeo.com/794714308,
796495155,Awakened Body Certificate Orientation,LIVE 2023 Awakened Body Cert,,1:42:45,6165,2023-02-07,disable,available,no,720p,0.871,0.0,https://vimeo.com/796495155,
797161064,Intro to Somatics ABC.mp4,LIVE 2023 Awakened Body Cert,,1:56:18,6978,2023-02-08,nobody,available,no,720p,0.816,0.0,https://vimeo.com/797161064,
797748285,Developmental Somatic Psychology,LIVE 2023 Awakened Body Cert,,1:55:02,6902,2023-02-10,disable,available,no,720p,1.207,0.0,https://vimeo.com/797748285,
798785140,Re-imagining Intuition,LIVE 2023 Awakened Body Cert,,1:56:45,7005,2023-02-14,disable,available,no,720p,0.968,0.0,https://vimeo.com/798785140,
800292586,Awakened Body Integration #1.mp4,LIVE 2023 Awakened Body Cert,,1:28:20,5300,2023-02-19,nobody,available,no,540p,0.539,0.0,https://vimeo.com/800292586,
800900270,Awakened Body: Fractals of Spiritual Development,LIVE 2023 Awakened Body Cert,,1:55:23,6923,2023-02-21,disable,available,no,720p,1.196,0.0,https://vimeo.com/800900270,
805280636,Integration Session #2,LIVE 2023 Awakened Body Cert,,1:26:56,5216,2023-03-06,disable,available,no,720p,0.612,0.0,https://vimeo.com/805280636,
805947574,Queering the Body : Gender and Sexuality,LIVE 2023 Awakened Body Cert,,1:54:29,6869,2023-03-08,disable,available,no,720p,1.015,0.0,https://vimeo.com/805947574,
806887978,Body to Body Intimacy,LIVE 2023 Awakened Body Cert,,2:07:58,7678,2023-03-10,disable,available,no,720p,1.063,0.0,https://vimeo.com/806887978,
808266883,Soma Semantics: Cultivating Presence Via Embodied Witnessing Praxis,LIVE 2023 Awakened Body Cert,,1:53:10,6790,2023-03-15,nobody,available,no,1080p,1.552,1.552,https://vimeo.com/808266883,
809481493,Integration Session 3 Awakened Body Certificate.mp4,LIVE 2023 Awakened Body Cert,,0:56:09,3369,2023-03-19,nobody,available,no,1080p,1.013,1.013,https://vimeo.com/809481493,
810559258,Contemporary Psychoanalysis Playing with Theories of Embodiment.mp4,LIVE 2023 Awakened Body Cert,,1:07:01,4021,2023-03-22,nobody,available,no,1080p,0.611,0.611,https://vimeo.com/810559258,
812853181,Beyond Trauma Unbinding the Body Via Posttraumatic Growth Video.mp4,LIVE 2023 Awakened Body Cert,,1:41:56,6116,2023-03-29,nobody,available,no,1080p,1.074,1.074,https://vimeo.com/812853181,
813594017,Embodied Movement Practices Engaging the Whole Self.mp4,LIVE 2023 Awakened Body Cert,,1:57:29,7049,2023-03-31,nobody,available,no,1080p,1.652,1.652,https://vimeo.com/813594017,
815129683,The Unknown Unknown: Somatic Encounters with the Other,LIVE 2023 Awakened Body Cert,,1:54:30,6870,2023-04-05,disable,available,no,1080p,1.222,1.222,https://vimeo.com/815129683,
815549980,Just to Be Alive: Somatics and Spirituality,LIVE 2023 Awakened Body Cert,,1:58:57,7137,2023-04-07,disable,available,no,1080p,0.888,0.888,https://vimeo.com/815549980,
816017717,AB Cert Closing Ceremony.mp4,LIVE 2023 Awakened Body Cert,,1:19:51,4791,2023-04-09,nobody,available,no,1080p,1.287,1.287,https://vimeo.com/816017717,
818523022,Polyvagal Theory and The Awakened Body with Dr. Albert Wong,LIVE 2023 Awakened Body Cert,,1:53:55,6835,2023-04-17,nobody,available,no,1080p,1.63,1.63,https://vimeo.com/818523022,
818986864,Close Your Eyes to See.mp4,LIVE 2023 Awakened Body Cert,,1:56:42,7002,2023-04-19,nobody,available,no,1080p,0.862,0.862,https://vimeo.com/818986864,
1119287925,The Alchemy of Longing,Living Room Lectures / Four Pathways - Tantrik Practice,,1:20:12,4812,2025-09-17,disable,available,no,1080p,1.225,1.225,https://vimeo.com/1119287925,
1120012316,Living from the Subtle Body,Living Room Lectures / Four Pathways - Tantrik Practice,,1:34:28,5668,2025-09-19,disable,available,no,1080p,1.456,1.456,https://vimeo.com/1120012316,
1128046946,"Spiritual Microdosing- How to Weave Short, Potent Practices into Everyday Life",Living Room Lectures / Four Pathways - Tantrik Practice,,1:36:58,5818,2025-10-16,unlisted,available,no,1080p,0.911,0.911,https://vimeo.com/1128046946,
1129991883,Manifestation for Realists,Living Room Lectures / Four Pathways - Tantrik Practice,,1:17:07,4627,2025-10-23,disable,available,no,1080p,0.661,0.661,https://vimeo.com/1129991883,
608999995,MBT Orientation,MBT Cert 2021/2022 / MBT Trimester One,,0:58:55,3535,2021-09-19,disable,available,no,540p,0.422,0.0,https://vimeo.com/608999995,
610383820,Module 1: Intro to Somatic Psychology,MBT Cert 2021/2022 / MBT Trimester One,,1:52:29,6749,2021-09-21,disable,available,no,540p,0.854,0.0,https://vimeo.com/610383820,
612261459,Module 2: Intro to Somatic Psychology,MBT Cert 2021/2022 / MBT Trimester One,,1:57:48,7068,2021-09-23,disable,available,no,540p,0.66,0.0,https://vimeo.com/612261459,
617140668,Module 1: Ethos & Inquiry,MBT Cert 2021/2022 / MBT Trimester One,,1:50:42,6642,2021-09-28,disable,available,no,540p,0.81,0.0,https://vimeo.com/617140668,
618576041,Module 2: Ethos & Inquiry,MBT Cert 2021/2022 / MBT Trimester One,,1:30:30,5430,2021-09-30,disable,available,no,540p,0.527,0.0,https://vimeo.com/618576041,
623086801,Module 3: Ethos & Inquiry,MBT Cert 2021/2022 / MBT Trimester One,,1:55:19,6919,2021-10-05,disable,available,no,540p,1.374,0.0,https://vimeo.com/623086801,
625696456,Module 4: Ethos & Inquiry,MBT Cert 2021/2022 / MBT Trimester One,,1:28:13,5293,2021-10-07,disable,available,no,540p,0.661,0.0,https://vimeo.com/625696456,
639163972,Module 1: MindBody Inquiry Skills,MBT Cert 2021/2022 / MBT Trimester One,,1:56:27,6987,2021-10-26,disable,available,no,540p,0.595,0.0,https://vimeo.com/639163972,
640113566,Module 2: MindBody Inquiry Skills,MBT Cert 2021/2022 / MBT Trimester One,,1:56:52,7012,2021-10-28,disable,available,no,540p,0.973,0.0,https://vimeo.com/640113566,
641356351,Module 3:  MindBody Inquiry Skills,MBT Cert 2021/2022 / MBT Trimester One,,1:41:54,6114,2021-11-02,disable,available,no,540p,0.534,0.0,https://vimeo.com/641356351,
642428336,Module 4: MindBody Inquiry Skills,MBT Cert 2021/2022 / MBT Trimester One,,1:51:59,6719,2021-11-04,disable,available,no,540p,0.506,0.0,https://vimeo.com/642428336,
643789469,Module 1: Dialectical Mindfulness Skills,MBT Cert 2021/2022 / MBT Trimester One,,1:38:46,5926,2021-11-09,disable,available,no,540p,0.544,0.0,https://vimeo.com/643789469,
645078031,Module 2: Dialectical Mindfulness Skills,MBT Cert 2021/2022 / MBT Trimester One,,1:28:03,5283,2021-11-12,disable,available,no,540p,0.723,0.0,https://vimeo.com/645078031,
646338780,Module 1: Somatic Practitioner Skills 1,MBT Cert 2021/2022 / MBT Trimester One,,1:51:53,6713,2021-11-16,disable,available,no,540p,0.466,0.0,https://vimeo.com/646338780,
647192069,Module 2: Somatic Practitioner Skills 1,MBT Cert 2021/2022 / MBT Trimester One,,1:49:37,6577,2021-11-18,disable,available,no,540p,0.483,0.0,https://vimeo.com/647192069,
651448846,Module 3: Somatic Practitioner Skills 1,MBT Cert 2021/2022 / MBT Trimester One,,1:45:40,6340,2021-11-30,disable,available,no,540p,0.62,0.0,https://vimeo.com/651448846,
652350803,Module 4: Somatic Practitioner Skills 1,MBT Cert 2021/2022 / MBT Trimester One,,1:41:28,6088,2021-12-02,disable,available,no,540p,0.64,0.0,https://vimeo.com/652350803,
654231966,Module 1: Trauma Therapy: A Somatic Approach,MBT Cert 2021/2022 / MBT Trimester One,,1:42:35,6155,2021-12-07,disable,available,no,540p,0.459,0.0,https://vimeo.com/654231966,
654808370,Module 2: Trauma Therapy,MBT Cert 2021/2022 / MBT Trimester One,,1:56:31,6991,2021-12-09,disable,available,no,540p,0.535,0.0,https://vimeo.com/654808370,
656737479,Module 3: Trauma Therapy,MBT Cert 2021/2022 / MBT Trimester One,,1:56:56,7016,2021-12-14,disable,available,no,540p,0.513,0.0,https://vimeo.com/656737479,
657295751,Module 4: Trauma Therapy,MBT Cert 2021/2022 / MBT Trimester One,,1:49:57,6597,2021-12-16,disable,available,no,540p,0.601,0.0,https://vimeo.com/657295751,
655781172,MBT Integrative Seminar: Writing as Contemplative Practice,MBT Cert 2021/2022 / MBT Trimester Three,,1:07:18,4038,2021-12-12,disable,available,no,540p,0.466,0.0,https://vimeo.com/655781172,
671565911,Practice Session Demo,MBT Cert 2021/2022 / MBT Trimester Three,,0:19:21,1161,2022-01-30,disable,available,no,720p,0.13,0.0,https://vimeo.com/671565911,
695951999,Module 1: Somatic Practitioner Skills 3,MBT Cert 2021/2022 / MBT Trimester Three,,1:32:22,5542,2022-04-05,disable,available,no,480p,0.798,0.0,https://vimeo.com/695951999,
696806742,Module 2: Somatic Practitioner Skills 3,MBT Cert 2021/2022 / MBT Trimester Three,,1:35:21,5721,2022-04-07,disable,available,no,480p,0.337,0.0,https://vimeo.com/696806742,
698443334,Module 3: Somatic Practitioner Skills 3,MBT Cert 2021/2022 / MBT Trimester Three,,1:28:27,5307,2022-04-12,disable,available,no,360p,0.43,0.0,https://vimeo.com/698443334,
699286548,Module 4: Somatic Practitioner Skills 3,MBT Cert 2021/2022 / MBT Trimester Three,,1:29:20,5360,2022-04-14,disable,available,no,480p,0.429,0.0,https://vimeo.com/699286548,
700661603,Module 5: Somatic Practitioner Skills 3,MBT Cert 2021/2022 / MBT Trimester Three,,1:38:04,5884,2022-04-19,disable,available,no,480p,0.339,0.0,https://vimeo.com/700661603,
701511678,Module 6: Somatic Practitioner Skills 3,MBT Cert 2021/2022 / MBT Trimester Three,,1:39:32,5972,2022-04-21,disable,available,no,480p,0.429,0.0,https://vimeo.com/701511678,
703122939,Module 1: Somatic Practitioners  Skills 4,MBT Cert 2021/2022 / MBT Trimester Three,,1:31:37,5497,2022-04-26,disable,available,no,1080p,1.261,1.261,https://vimeo.com/703122939,
704272354,Module 2: Somatic Practitioner Skills 4,MBT Cert 2021/2022 / MBT Trimester Three,,1:09:55,4195,2022-04-28,disable,available,no,480p,0.298,0.0,https://vimeo.com/704272354,
705586201,Module 3: Somatic Practitioner Skills 4,MBT Cert 2021/2022 / MBT Trimester Three,,1:01:57,3717,2022-05-03,disable,available,no,480p,0.217,0.0,https://vimeo.com/705586201,
706371370,Module 4: Somatic Practitioner Skills 4,MBT Cert 2021/2022 / MBT Trimester Three,,1:30:42,5442,2022-05-05,disable,available,no,480p,0.323,0.0,https://vimeo.com/706371370,
708044858,Module 5: Somatic Practitioner Skills 4,MBT Cert 2021/2022 / MBT Trimester Three,,1:36:30,5790,2022-05-10,disable,available,no,480p,0.342,0.0,https://vimeo.com/708044858,
708904137,Module 6: Somatic Practitioner Skills 4,MBT Cert 2021/2022 / MBT Trimester Three,,1:36:13,5773,2022-05-12,disable,available,no,480p,0.331,0.0,https://vimeo.com/708904137,
710895107,Module 1: An African Centered Approach to MindBody Practice,MBT Cert 2021/2022 / MBT Trimester Three,,1:34:41,5681,2022-05-17,disable,available,no,480p,0.346,0.0,https://vimeo.com/710895107,
711870175,Module 2: An African Centered Approach to MindBody Practice,MBT Cert 2021/2022 / MBT Trimester Three,,1:33:15,5595,2022-05-20,disable,available,no,480p,0.319,0.0,https://vimeo.com/711870175,
713339104,Module 3: An African-Centered Approach to MindBody Practice,MBT Cert 2021/2022 / MBT Trimester Three,,1:32:26,5546,2022-05-24,disable,available,no,480p,0.33,0.0,https://vimeo.com/713339104,
714241352,Module 4: An African-Centered Approach to MindBody Practice,MBT Cert 2021/2022 / MBT Trimester Three,,1:33:16,5596,2022-05-26,disable,available,no,480p,0.409,0.0,https://vimeo.com/714241352,
718788816,Final Skills Lab & Integration Session,MBT Cert 2021/2022 / MBT Trimester Three,,1:27:02,5222,2022-06-09,disable,available,no,480p,0.328,0.0,https://vimeo.com/718788816,
722038430,MBT Closing Ceremony,MBT Cert 2021/2022 / MBT Trimester Three,,1:28:25,5305,2022-06-20,disable,available,no,480p,0.445,0.0,https://vimeo.com/722038430,
386263206,"Module 1: Power, Privilege, and Difference",MBT Cert 2021/2022 / MBT Trimester Two,,2:02:49,7369,2020-01-21,unlisted,available,no,540p,0.454,0.0,https://vimeo.com/386263206,
387760422,"Module 2: Power, Privilege, and  Difference",MBT Cert 2021/2022 / MBT Trimester Two,,1:54:01,6841,2020-01-28,unlisted,available,no,540p,0.364,0.0,https://vimeo.com/387760422,
389278474,"Module 3: Power, Privilege, and Different",MBT Cert 2021/2022 / MBT Trimester Two,,1:53:39,6819,2020-02-04,unlisted,available,no,540p,0.382,0.0,https://vimeo.com/389278474,
390780451,"Module 4: Power, Privilege, and difference",MBT Cert 2021/2022 / MBT Trimester Two,,1:59:07,7147,2020-02-11,unlisted,available,no,540p,0.396,0.0,https://vimeo.com/390780451,
486006475,Module 1: Neuroscience of MindBody Therapy,MBT Cert 2021/2022 / MBT Trimester Two,,2:01:06,7266,2020-12-01,disable,available,no,1440p,1.631,1.255,https://vimeo.com/486006475,
486876436,Module 2: Neuroscience of MindBody Therapy,MBT Cert 2021/2022 / MBT Trimester Two,,1:55:20,6920,2020-12-03,disable,available,no,1440p,1.654,1.233,https://vimeo.com/486876436,
488373257,Module 3: Neuroscience of MindBody Therapy,MBT Cert 2021/2022 / MBT Trimester Two,,1:59:23,7163,2020-12-08,disable,available,no,1440p,0.849,0.733,https://vimeo.com/488373257,
489265304,Module 4: Neuroscience of MindBody Therapy,MBT Cert 2021/2022 / MBT Trimester Two,,1:58:55,7135,2020-12-10,disable,available,no,1440p,0.995,0.789,https://vimeo.com/489265304,
664984687,Module 1 - Touch Skills & Somatic Practices,MBT Cert 2021/2022 / MBT Trimester Two,,1:54:39,6879,2022-01-11,disable,available,no,720p,0.818,0.0,https://vimeo.com/664984687,
664545817,Nurture Surround Demo (long),MBT Cert 2021/2022 / MBT Trimester Two,,0:32:10,1930,2022-01-11,disable,available,no,720p,0.405,0.0,https://vimeo.com/664545817,
664542300,Nurture Surround Demo (short),MBT Cert 2021/2022 / MBT Trimester Two,,0:07:37,457,2022-01-11,disable,available,no,1080p,0.329,0.329,https://vimeo.com/664542300,
665451613,Module 2: Touch Skills & Somatic Practices,MBT Cert 2021/2022 / MBT Trimester Two,,1:58:23,7103,2022-01-13,disable,available,no,480p,0.481,0.0,https://vimeo.com/665451613,
665457204,Module 2: Touch Skills & Somatic Practices - A Heart Demo Session,MBT Cert 2021/2022 / MBT Trimester Two,,0:34:39,2079,2022-01-13,disable,available,no,360p,0.154,0.0,https://vimeo.com/665457204,
665458606,Module 2: Touch Skills & Somatic Practices - Opening the Thoracic Inlet Demo,MBT Cert 2021/2022 / MBT Trimester Two,,0:08:35,515,2022-01-13,disable,available,no,1080p,0.239,0.239,https://vimeo.com/665458606,
667062217,Module 3: Touch Skills & Somatic Practices,MBT Cert 2021/2022 / MBT Trimester Two,,1:57:48,7068,2022-01-18,disable,available,no,480p,0.479,0.0,https://vimeo.com/667062217,
668085492,Module 4: Touch Skills & Somatic Practices,MBT Cert 2021/2022 / MBT Trimester Two,,2:02:21,7341,2022-01-20,disable,available,no,480p,0.454,0.0,https://vimeo.com/668085492,
669937418,Module 1: Somatic Practitioner Skills 2,MBT Cert 2021/2022 / MBT Trimester Two,,1:33:28,5608,2022-01-25,disable,available,no,540p,0.497,0.0,https://vimeo.com/669937418,
670541873,Module 2: Somatic Practitioner Skills 2,MBT Cert 2021/2022 / MBT Trimester Two,,1:29:38,5378,2022-01-27,disable,available,no,540p,0.645,0.0,https://vimeo.com/670541873,
672195758,Module 3: Somatic Practitioner Skills Two,MBT Cert 2021/2022 / MBT Trimester Two,,1:33:51,5631,2022-02-01,disable,available,no,480p,0.333,0.0,https://vimeo.com/672195758,
673030162,Module 4: Somatic Practitioner Skills Two,MBT Cert 2021/2022 / MBT Trimester Two,,1:27:00,5220,2022-02-03,disable,available,no,480p,0.372,0.0,https://vimeo.com/673030162,
674711200,Module 5: Somatic Practitioner Skills Two,MBT Cert 2021/2022 / MBT Trimester Two,,1:28:09,5289,2022-02-08,disable,available,no,480p,0.333,0.0,https://vimeo.com/674711200,
675723899,Module 6: Somatic Practitioner Skills Two,MBT Cert 2021/2022 / MBT Trimester Two,,1:32:09,5529,2022-02-10,disable,available,no,480p,0.431,0.0,https://vimeo.com/675723899,
677525765,Module 1: Contemporary Yoga Therapy Praxis,MBT Cert 2021/2022 / MBT Trimester Two,,1:25:13,5113,2022-02-15,disable,available,no,480p,0.488,0.0,https://vimeo.com/677525765,
677838596,Module 2: Contemporary Yoga Therapy Praxis,MBT Cert 2021/2022 / MBT Trimester Two,,1:24:14,5054,2022-02-15,disable,available,no,1080p,0.431,0.431,https://vimeo.com/677838596,
680277881,Module 3: Contemporary Yoga Therapy Praxis & Mental Health Promotion,MBT Cert 2021/2022 / MBT Trimester Two,,1:28:19,5299,2022-02-22,disable,available,no,480p,0.33,0.0,https://vimeo.com/680277881,
681154236,Module 4: Contemporary Yoga Therapy Praxis,MBT Cert 2021/2022 / MBT Trimester Two,,1:28:59,5339,2022-02-24,disable,available,no,480p,0.314,0.0,https://vimeo.com/681154236,
408431259,MBT Fac Q & A - Ethics Scope Self Care (video lg),MBT Meetings,,1:27:58,5278,2020-04-16,nobody,available,no,540p,0.541,0.0,https://vimeo.com/408431259,
408423177,MBT Faculty Q & A - Working Online (video lg),MBT Meetings,,1:04:30,3870,2020-04-16,nobody,available,no,540p,0.454,0.0,https://vimeo.com/408423177,
910583034,Yoga Sutra Meditation - Module 1,Meditation and the Yoga Sutras,,2:03:28,7408,2024-02-06,disable,available,no,1080p,0.867,0.867,https://vimeo.com/910583034,
910584215,Yoga Sutra Meditation - Module 2,Meditation and the Yoga Sutras,,1:41:38,6098,2024-02-06,disable,available,no,1080p,1.1,1.1,https://vimeo.com/910584215,
910586312,Yoga Sutra Meditation - Module 3,Meditation and the Yoga Sutras,,1:50:16,6616,2024-02-06,disable,available,no,1080p,0.875,0.875,https://vimeo.com/910586312,
910588371,Yoga Sutra Meditation - Module 4,Meditation and the Yoga Sutras,,2:05:02,7502,2024-02-06,disable,available,no,1080p,0.901,0.901,https://vimeo.com/910588371,
899356461,Day 1 - Oneika Mays (Earth Talk),Meditation Resolution 2024,,0:22:36,1356,2024-01-02,disable,available,no,720p,0.404,0.0,https://vimeo.com/899356461,
899360601,Day 2 - Susanna Harwood-Rubin (Water Practice),Meditation Resolution 2024,,0:23:49,1429,2024-01-02,disable,available,no,720p,0.258,0.0,https://vimeo.com/899360601,
899360692,Day 2 - Susanna Harwood-Rubin (Water Talk),Meditation Resolution 2024,,0:25:35,1535,2024-01-02,disable,available,no,720p,0.365,0.0,https://vimeo.com/899360692,
899366135,Day 1 - Oneika Mays (Earth Practice),Meditation Resolution 2024,,0:31:27,1887,2024-01-03,disable,available,no,720p,0.389,0.0,https://vimeo.com/899366135,
899887872,Day 3 - Mary Reilly Nichols (Fire Practice),Meditation Resolution 2024,,0:24:37,1477,2024-01-04,disable,available,no,720p,0.072,0.0,https://vimeo.com/899887872,
899887915,Day 3 - Mary Reilly Nichols (Fire Talk),Meditation Resolution 2024,,0:23:51,1431,2024-01-04,disable,available,no,720p,0.099,0.0,https://vimeo.com/899887915,
899894437,Day 4 - Mary Reilly Nichols (Air Practice),Meditation Resolution 2024,,0:18:48,1128,2024-01-04,disable,available,no,1080p,0.219,0.219,https://vimeo.com/899894437,
899894673,Day 4 - Mary Reilly Nichols (Air Talk),Meditation Resolution 2024,,0:33:02,1982,2024-01-04,disable,available,no,1080p,0.239,0.239,https://vimeo.com/899894673,
1178766877,Day_5_-_Abha_Rajbhandari_Ether_Practice,Meditation Resolution 2024,,0:31:35,1895,2026-03-31,nobody,available,no,720p,0.275,0.0,https://vimeo.com/1178766877,
1178767077,Day_5_-_Abha_Rajbhandari_Ether_Talk,Meditation Resolution 2024,,0:22:56,1376,2026-03-31,nobody,available,no,720p,0.101,0.0,https://vimeo.com/1178767077,
1178767252,INTRO_Meditation_Resolution_2024,Meditation Resolution 2024,,0:01:44,104,2026-03-31,nobody,available,no,1080p,0.056,0.056,https://vimeo.com/1178767252,
1043294092,Meditation Resolution 2025 Day 1 - Mary Reilly Nichols (avidyā),Meditation Resolution 2025,,0:50:49,3049,2025-01-01,nobody,available,no,1080p,0.275,0.275,https://vimeo.com/1043294092,
1043517106,Meditation Resolution 2025 Day 2 - Nataraj Chaitanya (asmitā),Meditation Resolution 2025,,1:08:09,4089,2025-01-02,nobody,available,no,1080p,0.451,0.451,https://vimeo.com/1043517106,
1043775403,Meditation Resolution 2025 Day 3 - Abha Rajbhandari (rāga),Meditation Resolution 2025,,1:02:26,3746,2025-01-03,nobody,available,no,1080p,0.332,0.332,https://vimeo.com/1043775403,
1043963265,Day 4 - Meditation Resolution 2025 - Reggie Hubbard (dveṣa),Meditation Resolution 2025,,0:57:31,3451,2025-01-04,nobody,available,no,1080p,1.713,1.713,https://vimeo.com/1043963265,
1044144357,Day 5 - Meditation Resolution 2025 - Susanna Harwood Rubin (abhiniveśa),Meditation Resolution 2025,,0:58:52,3532,2025-01-05,nobody,available,no,1080p,1.39,1.39,https://vimeo.com/1044144357,
1150911426,Day 1 - Annamaya Kośa (Food Sheath): Body as Temple,Meditation Resolution 2026,,1:04:37,3877,2026-01-02,nobody,available,no,1080p,0.669,0.669,https://vimeo.com/1150911426,
1151087139,Day 2 - Prāṇamaya Kośa (Energy Body): Breath as Guide,Meditation Resolution 2026,,1:10:57,4257,2026-01-02,nobody,available,no,1080p,0.509,0.509,https://vimeo.com/1151087139,
1151298519,Day 3 - Manomaya Kośa,Meditation Resolution 2026,,1:01:11,3671,2026-01-04,nobody,available,no,1080p,0.435,0.435,https://vimeo.com/1151298519,
1151462959,Day 4 - Vijñānamaya Kośa,Meditation Resolution 2026,,1:01:30,3690,2026-01-05,nobody,available,no,1080p,1.097,1.097,https://vimeo.com/1151462959,
1151974830,Day 5 - Ānandamaya Kośa (Bliss Sheath): Bliss as Homecoming,Meditation Resolution 2026,,1:13:54,4434,2026-01-06,nobody,available,no,1080p,0.719,0.719,https://vimeo.com/1151974830,
456368142,MBT-Meet-the-Faculty-Q&A,MindBody Therapy Cert,,1:27:11,5231,2020-09-09,nobody,available,no,360p,0.348,0.0,https://vimeo.com/456368142,
457051171,The MindBody Therapy Certificate Program Introduction,MindBody Therapy Cert,,1:03:07,3787,2020-09-11,nobody,available,no,540p,0.346,0.0,https://vimeo.com/457051171,The MindBody Therapy Certificate Program Introduction
458227480,Intro to MBT (video),MindBody Therapy Cert,,1:57:05,7025,2020-09-15,nobody,available,no,540p,0.483,0.0,https://vimeo.com/458227480,
459069789,Intro to MBT 2 (video),MindBody Therapy Cert,,1:58:51,7131,2020-09-17,nobody,available,no,540p,0.577,0.0,https://vimeo.com/459069789,
460738036,Intro to MBT - Module 3 (video),MindBody Therapy Cert,,2:01:35,7295,2020-09-22,nobody,available,no,540p,0.582,0.0,https://vimeo.com/460738036,
461575001,Intro to MBT - Module 4 (video),MindBody Therapy Cert,,1:58:46,7126,2020-09-24,nobody,available,no,540p,0.476,0.0,https://vimeo.com/461575001,
462876934,MindBody Assessment - Module 1 - (Video),MindBody Therapy Cert,,1:56:34,6994,2020-09-29,nobody,available,no,540p,0.513,0.0,https://vimeo.com/462876934,
463679725,MindBody Assessment - Module 2 - (Video),MindBody Therapy Cert,,2:00:35,7235,2020-10-01,nobody,available,no,540p,0.555,0.0,https://vimeo.com/463679725,
465245066,MB Assessment - Module 3 - (Video),MindBody Therapy Cert,,1:58:09,7089,2020-10-06,nobody,available,no,540p,0.648,0.0,https://vimeo.com/465245066,
465241050,MB Assessment - Module 3 - (Video),MindBody Therapy Cert,,0:00:00,0,2020-10-06,nobody,uploading,no,none,0.0,0.0,https://vimeo.com/465241050,
466036058,MB Assessment Module 4 - (Video),MindBody Therapy Cert,,1:56:04,6964,2020-10-08,nobody,available,no,540p,0.511,0.0,https://vimeo.com/466036058,
469291606,MBT Integrative Seminar 1,MindBody Therapy Cert,,1:19:23,4763,2020-10-17,nobody,available,no,540p,0.565,0.0,https://vimeo.com/469291606,MBT Integrative Seminar 1
471090307,Module 4 Video Temp 2,MindBody Therapy Cert,,1:30:11,5411,2020-10-22,nobody,available,no,540p,0.502,0.0,https://vimeo.com/471090307,
475676720,MBT Community Conversation,MindBody Therapy Cert,,0:43:12,2592,2020-11-05,nobody,available,no,540p,0.234,0.0,https://vimeo.com/475676720,
551786507,MBT Mod 1 - Trauma Therapy: A Somatic Approach,MindBody Therapy Cert,,1:58:57,7137,2021-05-18,disable,available,no,540p,0.547,0.0,https://vimeo.com/551786507,
552998081,MBT Mod 2 - Trauma Therapy,MindBody Therapy Cert,,2:03:58,7438,2021-05-20,disable,available,no,540p,0.526,0.0,https://vimeo.com/552998081,A Somatic Appproach
554881151,MBT Mod 3 - Trauma Therapy,MindBody Therapy Cert,,2:04:04,7444,2021-05-25,disable,available,no,540p,0.522,0.0,https://vimeo.com/554881151,
555798187,MBT Mod 4 - Trauma Therapy,MindBody Therapy Cert,,2:04:15,7455,2021-05-27,disable,available,no,540p,0.657,0.0,https://vimeo.com/555798187,
361092120,CERT MBT2019 Dialogue Skills Module 1,MindBody Therapy Cert / Clinical and Dialogue Skills,,1:35:20,5720,2019-09-19,unlisted,available,no,540p,0.382,0.0,https://vimeo.com/361092120,
362594718,CERT MBT2019 Dialogue Skills Module 2,MindBody Therapy Cert / Clinical and Dialogue Skills,,1:31:05,5465,2019-09-26,unlisted,available,no,540p,0.411,0.0,https://vimeo.com/362594718,
364076366,CERT MBT2019 Dialogue Skills Module 3,MindBody Therapy Cert / Clinical and Dialogue Skills,,1:47:15,6435,2019-10-03,unlisted,available,no,540p,0.463,0.0,https://vimeo.com/364076366,
367049859,CERT MBT2019 Dialogue Skills Module 5,MindBody Therapy Cert / Clinical and Dialogue Skills,,1:47:09,6429,2019-10-17,unlisted,available,no,540p,0.473,0.0,https://vimeo.com/367049859,
367364758,CERT MBT2019 Clinical Skills Module 1,MindBody Therapy Cert / Clinical and Dialogue Skills,,2:00:14,7214,2019-10-18,unlisted,available,no,540p,0.43,0.0,https://vimeo.com/367364758,
368562504,CERT MBT2019 Dialogue Skills Module 6,MindBody Therapy Cert / Clinical and Dialogue Skills,,1:51:59,6719,2019-10-24,unlisted,available,no,540p,0.447,0.0,https://vimeo.com/368562504,
368850052,CERT MBT2019 Clinical Skills Module 2,MindBody Therapy Cert / Clinical and Dialogue Skills,,1:56:47,7007,2019-10-25,unlisted,available,no,540p,0.328,0.0,https://vimeo.com/368850052,
370348780,CERT MBT2019 Clinical Skills Module 3,MindBody Therapy Cert / Clinical and Dialogue Skills,,1:56:23,6983,2019-11-01,unlisted,available,no,540p,0.493,0.0,https://vimeo.com/370348780,
372096247,CERT MBT2019 Clinical Skills Module 4,MindBody Therapy Cert / Clinical and Dialogue Skills,,1:54:21,6861,2019-11-09,unlisted,available,no,540p,0.502,0.0,https://vimeo.com/372096247,
373469180,CERT MBT2019 Clinical Skills Module 5,MindBody Therapy Cert / Clinical and Dialogue Skills,,2:08:24,7704,2019-11-15,unlisted,available,no,540p,0.474,0.0,https://vimeo.com/373469180,
374833860,CERT MBT2019 Clinical Skills Module 6,MindBody Therapy Cert / Clinical and Dialogue Skills,,1:17:39,4659,2019-11-22,unlisted,available,no,540p,0.293,0.0,https://vimeo.com/374833860,
377922643,CERT MBT2019 Clinical Skills Module 7,MindBody Therapy Cert / Clinical and Dialogue Skills,,2:00:11,7211,2019-12-07,unlisted,available,no,540p,0.53,0.0,https://vimeo.com/377922643,
379176761,CERT MBT2019 Clinical Skills Module 8,MindBody Therapy Cert / Clinical and Dialogue Skills,,1:55:08,6908,2019-12-13,unlisted,available,no,540p,0.445,0.0,https://vimeo.com/379176761,
386411903,CERT MBT2020 Clinical Skills 2 Module 1,MindBody Therapy Cert / Clinical and Dialogue Skills,,1:49:05,6545,2020-01-22,unlisted,available,no,540p,0.463,0.0,https://vimeo.com/386411903,
388006265,CERT MBT2020 Clinical Skills 2 Module 2,MindBody Therapy Cert / Clinical and Dialogue Skills,,1:57:34,7054,2020-01-29,unlisted,available,no,540p,0.839,0.0,https://vimeo.com/388006265,
389607161,CERT MBT2020 Clinical Skills 2 Module 3,MindBody Therapy Cert / Clinical and Dialogue Skills,,1:59:18,7158,2020-02-05,unlisted,available,no,540p,0.556,0.0,https://vimeo.com/389607161,
391067147,CERT MBT2020 Clinical Skills 2 Module 4,MindBody Therapy Cert / Clinical and Dialogue Skills,,1:52:35,6755,2020-02-12,unlisted,available,no,540p,0.794,0.0,https://vimeo.com/391067147,
392477502,CERT MBT2020 Clinical Skills 2 Module 5,MindBody Therapy Cert / Clinical and Dialogue Skills,,1:57:50,7070,2020-02-19,unlisted,available,no,540p,0.433,0.0,https://vimeo.com/392477502,
393987214,CERT MBT2020 Clinical Skills 2 Module 6,MindBody Therapy Cert / Clinical and Dialogue Skills,,1:59:55,7195,2020-02-26,unlisted,available,no,540p,0.712,0.0,https://vimeo.com/393987214,
394275800,CERT MBT2020 Dialogue Skills 2 Module 1,MindBody Therapy Cert / Clinical and Dialogue Skills,,1:56:19,6979,2020-02-27,unlisted,available,no,540p,0.452,0.0,https://vimeo.com/394275800,
395752670,CERT MBT2020 Dialogue Skills 2 Module 2,MindBody Therapy Cert / Clinical and Dialogue Skills,,1:48:08,6488,2020-03-05,unlisted,available,no,540p,0.429,0.0,https://vimeo.com/395752670,
397197817,CERT MBT2020 Dialogue Skills 2 Module 3,MindBody Therapy Cert / Clinical and Dialogue Skills,,1:55:16,6916,2020-03-12,unlisted,available,no,540p,0.369,0.0,https://vimeo.com/397197817,
398841338,CERT MBT2020 Dialogue Skills 2 Module 4,MindBody Therapy Cert / Clinical and Dialogue Skills,,1:50:59,6659,2020-03-19,unlisted,available,no,540p,0.365,0.0,https://vimeo.com/398841338,
410041632,CERT MBT2020 Clinical Skills 3 Module 1,MindBody Therapy Cert / Clinical and Dialogue Skills,,1:24:47,5087,2020-04-21,unlisted,available,no,540p,0.321,0.0,https://vimeo.com/410041632,
411747662,CERT MBT2020 Clinical Skills 3 Module 2,MindBody Therapy Cert / Clinical and Dialogue Skills,,2:02:40,7360,2020-04-25,unlisted,available,no,540p,0.479,0.0,https://vimeo.com/411747662,
414167998,CERT MBT2020 Clinical Skills 3 Module 3,MindBody Therapy Cert / Clinical and Dialogue Skills,,1:55:57,6957,2020-05-02,unlisted,available,no,540p,0.354,0.0,https://vimeo.com/414167998,
416558911,CERT MBT2020 Clinical Skills 3 Module 4,MindBody Therapy Cert / Clinical and Dialogue Skills,,1:52:54,6774,2020-05-09,unlisted,available,no,540p,0.351,0.0,https://vimeo.com/416558911,
419331203,CERT MBT2020 Clinical Skills 3 Module 5,MindBody Therapy Cert / Clinical and Dialogue Skills,,2:01:12,7272,2020-05-16,unlisted,available,no,540p,0.425,0.0,https://vimeo.com/419331203,
421631134,CERT MBT2020 Clinical Skills 4 Module 1,MindBody Therapy Cert / Clinical and Dialogue Skills,,1:59:13,7153,2020-05-22,unlisted,available,no,540p,0.461,0.0,https://vimeo.com/421631134,
423000582,CERT MBT2020 Clinical Skills 3 Module 6,MindBody Therapy Cert / Clinical and Dialogue Skills,,2:02:49,7369,2020-05-27,unlisted,available,no,540p,0.558,0.0,https://vimeo.com/423000582,
424064562,CERT MBT2020 Clinical Skills 4 Module 2,MindBody Therapy Cert / Clinical and Dialogue Skills,,1:58:37,7117,2020-05-29,unlisted,available,no,540p,0.496,0.0,https://vimeo.com/424064562,
426566916,CERT MBT2020 Clinical Skills 4 Module 3,MindBody Therapy Cert / Clinical and Dialogue Skills,,1:58:36,7116,2020-06-06,unlisted,available,no,540p,0.464,0.0,https://vimeo.com/426566916,
428575841,CERT MBT2020 Clinical Skills 4 Module 4,MindBody Therapy Cert / Clinical and Dialogue Skills,,1:48:30,6510,2020-06-12,unlisted,available,no,540p,0.534,0.0,https://vimeo.com/428575841,
430829412,CERT MBT2020 Clinical Skills 4 Module 5,MindBody Therapy Cert / Clinical and Dialogue Skills,,2:00:24,7224,2020-06-19,unlisted,available,no,540p,0.425,0.0,https://vimeo.com/430829412,
432929881,CERT MBT2020 Clinical Skills 4 Module 6,MindBody Therapy Cert / Clinical and Dialogue Skills,,2:01:36,7296,2020-06-26,unlisted,available,no,540p,0.493,0.0,https://vimeo.com/432929881,
467862438,CERT MBT2020 Dialogue Skills Module 1,MindBody Therapy Cert / Clinical and Dialogue Skills,,1:38:53,5933,2020-10-13,unlisted,available,no,540p,0.59,0.0,https://vimeo.com/467862438,
468769179,CERT MBT2020 Dialogue Skills Module 2,MindBody Therapy Cert / Clinical and Dialogue Skills,,1:33:35,5615,2020-10-16,unlisted,available,no,540p,0.486,0.0,https://vimeo.com/468769179,
470283762,CERT MBT2020 Dialogue Skills Module 3,MindBody Therapy Cert / Clinical and Dialogue Skills,,1:35:00,5700,2020-10-20,unlisted,available,no,720p,0.679,0.0,https://vimeo.com/470283762,
472491120,CERT MBT2020 Dialogue Skills Module 5,MindBody Therapy Cert / Clinical and Dialogue Skills,,1:31:54,5514,2020-10-27,unlisted,available,no,1440p,1.509,1.117,https://vimeo.com/472491120,
473521636,CERT MBT2020 Dialogue Skills Module 6,MindBody Therapy Cert / Clinical and Dialogue Skills,,1:36:34,5794,2020-10-29,unlisted,available,no,540p,0.541,0.0,https://vimeo.com/473521636,
475183386,CERT MBT2020 Clinical Skills Module 1,MindBody Therapy Cert / Clinical and Dialogue Skills,,1:30:37,5437,2020-11-03,unlisted,available,no,1080p,0.51,0.51,https://vimeo.com/475183386,"Created with Movavi Video Editor Business
https://www.movavi.com/video-editor-business/?c=vebiz15"
476041510,CERT MBT2020 Clinical Skills Module 2,MindBody Therapy Cert / Clinical and Dialogue Skills,,1:34:45,5685,2020-11-05,unlisted,available,no,540p,0.441,0.0,https://vimeo.com/476041510,
477761911,CERT MBT2020 Clinical Skills Module 3,MindBody Therapy Cert / Clinical and Dialogue Skills,,1:51:29,6689,2020-11-10,unlisted,available,no,540p,0.549,0.0,https://vimeo.com/477761911,
478578597,CERT MBT2020 Clinical Skills Module 4,MindBody Therapy Cert / Clinical and Dialogue Skills,,1:40:12,6012,2020-11-12,unlisted,available,no,540p,0.524,0.0,https://vimeo.com/478578597,
480370359,CERT MBT2020 Clinical Skills Module 5,MindBody Therapy Cert / Clinical and Dialogue Skills,,1:56:31,6991,2020-11-17,unlisted,available,no,720p,0.717,0.0,https://vimeo.com/480370359,
481313730,CERT MBT2020 Clinical Skills Module 6,MindBody Therapy Cert / Clinical and Dialogue Skills,,1:39:44,5984,2020-11-19,unlisted,available,no,540p,0.549,0.0,https://vimeo.com/481313730,
499693154,CERT MBT2021 Dialogue Skills 2 Module 1,MindBody Therapy Cert / Clinical and Dialogue Skills,,1:36:01,5761,2021-01-12,unlisted,available,no,540p,0.437,0.0,https://vimeo.com/499693154,
500396595,CERT MBT2021 Dialogue Skills 2 Module 2,MindBody Therapy Cert / Clinical and Dialogue Skills,,1:35:00,5700,2021-01-14,unlisted,available,no,720p,0.604,0.0,https://vimeo.com/500396595,
503152938,CERT MBT2021 Dialogue Skills 2 Module 4,MindBody Therapy Cert / Clinical and Dialogue Skills,,1:34:25,5665,2021-01-21,unlisted,available,no,720p,0.668,0.0,https://vimeo.com/503152938,
503704970,CERT MBT2021 Dialogue Skills 2 Module 3,MindBody Therapy Cert / Clinical and Dialogue Skills,,1:35:44,5744,2021-01-23,unlisted,available,no,540p,0.586,0.0,https://vimeo.com/503704970,
504852921,CERT MBT2021 Dialogue Skills 2 Module 5,MindBody Therapy Cert / Clinical and Dialogue Skills,,1:37:26,5846,2021-01-26,unlisted,available,no,720p,0.763,0.0,https://vimeo.com/504852921,
505729788,CERT MBT2021 Dialogue Skills 2 Module 6,MindBody Therapy Cert / Clinical and Dialogue Skills,,1:31:44,5504,2021-01-28,unlisted,available,no,720p,0.686,0.0,https://vimeo.com/505729788,
507543587,CERT MBT2021 Clinical Skills 2 Module 1,MindBody Therapy Cert / Clinical and Dialogue Skills,,2:03:47,7427,2021-02-02,unlisted,available,no,540p,0.623,0.0,https://vimeo.com/507543587,
508441218,CERT MBT2021 Clinical Skills 2 Module 2,MindBody Therapy Cert / Clinical and Dialogue Skills,,1:59:42,7182,2021-02-04,unlisted,available,no,540p,1.005,0.0,https://vimeo.com/508441218,
510071387,CERT MBT2021 Clinical Skills 2 Module 3,MindBody Therapy Cert / Clinical and Dialogue Skills,,2:05:09,7509,2021-02-09,unlisted,available,no,540p,0.694,0.0,https://vimeo.com/510071387,
510995045,CERT MBT2021 Clinical Skills 2 Module 4,MindBody Therapy Cert / Clinical and Dialogue Skills,,1:57:04,7024,2021-02-11,unlisted,available,no,1440p,1.97,1.508,https://vimeo.com/510995045,
512945448,CERT MBT2021 Clinical Skills 2 Module 5,MindBody Therapy Cert / Clinical and Dialogue Skills,,1:54:25,6865,2021-02-16,unlisted,available,no,720p,1.014,0.0,https://vimeo.com/512945448,
513903900,CERT MBT2021 Clinical Skills 2 Module 6,MindBody Therapy Cert / Clinical and Dialogue Skills,,1:59:53,7193,2021-02-18,unlisted,available,no,1440p,2.523,2.009,https://vimeo.com/513903900,
533708653,CERT MBT2021 Clinical Skills 3 Module 1,MindBody Therapy Cert / Clinical and Dialogue Skills,,2:00:09,7209,2021-04-06,unlisted,available,no,540p,0.568,0.0,https://vimeo.com/533708653,
534625751,CERT MBT2021 Clinical Skills 3 Module 2,MindBody Therapy Cert / Clinical and Dialogue Skills,,1:55:09,6909,2021-04-08,unlisted,available,no,540p,0.515,0.0,https://vimeo.com/534625751,
536560304,CERT MBT2021 Clinical Skills 3 Module 3,MindBody Therapy Cert / Clinical and Dialogue Skills,,2:04:04,7444,2021-04-13,unlisted,available,no,720p,0.701,0.0,https://vimeo.com/536560304,
537306312,CERT MBT2021 Clinical Skills 3 Module 3,MindBody Therapy Cert / Clinical and Dialogue Skills,,1:56:19,6979,2021-04-15,unlisted,available,no,540p,0.503,0.0,https://vimeo.com/537306312,
539332143,CERT MBT2021 Clinical Skills 3 Module 5,MindBody Therapy Cert / Clinical and Dialogue Skills,,2:10:13,7813,2021-04-20,unlisted,available,no,720p,0.828,0.0,https://vimeo.com/539332143,
539782130,CERT MBT2021 Clinical Skills 3 Module 6,MindBody Therapy Cert / Clinical and Dialogue Skills,,1:44:14,6254,2021-04-21,unlisted,available,no,720p,0.932,0.0,https://vimeo.com/539782130,
541961813,CERT MBT2021 Clinical Skills 4 Module 1,MindBody Therapy Cert / Clinical and Dialogue Skills,,2:01:24,7284,2021-04-27,unlisted,available,no,540p,0.605,0.0,https://vimeo.com/541961813,
545820799,CERT MBT2021 (Clinical) Dialogue Skills (4) Module 4,MindBody Therapy Cert / Clinical and Dialogue Skills,,1:50:01,6601,2021-05-06,unlisted,available,no,540p,0.527,0.0,https://vimeo.com/545820799,
548739595,CERT MBT2021 Clinical Skills 4 Module 6,MindBody Therapy Cert / Clinical and Dialogue Skills,,2:03:39,7419,2021-05-13,unlisted,available,no,540p,0.611,0.0,https://vimeo.com/548739595,
580343082,(Intro) Buddhist Meditation Mini-Training,Mini-Trainings: Podcast Series,,0:00:47,47,2021-07-28,nobody,available,no,720p,0.013,0.0,https://vimeo.com/580343082,This video is about Buddhist Meditation Mini-Training (Intro)
580483078,(Intro) The Four Yogas - Mary,Mini-Trainings: Podcast Series,,0:01:53,113,2021-07-28,nobody,available,no,1080p,0.05,0.05,https://vimeo.com/580483078,
580374432,(Part 1) Buddhist Meditation Mini-Training,Mini-Trainings: Podcast Series,,0:14:36,876,2021-07-28,nobody,available,no,720p,0.264,0.0,https://vimeo.com/580374432,This video is about Buddhist Meditation Mini-Training (Part 1)
580445697,(Part 3) Buddhist Meditation Mini-Training,Mini-Trainings: Podcast Series,,0:19:27,1167,2021-07-28,nobody,available,no,720p,0.351,0.0,https://vimeo.com/580445697,This video is about Buddhist Meditation Mini-Training (Part 3)
580489164,(Part 4) The Four Yogas - Mary,Mini-Trainings: Podcast Series,,0:13:55,835,2021-07-28,nobody,available,no,1080p,0.406,0.406,https://vimeo.com/580489164,
580818627,(Intro) Shakti Mini-Training - Laura,Mini-Trainings: Podcast Series,,0:03:34,214,2021-07-29,nobody,available,no,1080p,0.153,0.153,https://vimeo.com/580818627,
580883841,(Intro) Shamanic Mini-Training,Mini-Trainings: Podcast Series,,0:00:54,54,2021-07-29,nobody,available,no,720p,0.013,0.0,https://vimeo.com/580883841,This video is about Shamanic Mini-Training Intro
580895652,(Part 1) Shamanic Mini-Training,Mini-Trainings: Podcast Series,,0:09:01,541,2021-07-29,nobody,available,no,720p,0.147,0.0,https://vimeo.com/580895652,This video is about Shamanic Mini-Training Part 1
580656787,(Part 1) The Four Yogas - Mary,Mini-Trainings: Podcast Series,,0:14:15,855,2021-07-29,nobody,available,no,1080p,0.402,0.402,https://vimeo.com/580656787,
580849117,(Part 2) Buddhist Meditation Mini-Training,Mini-Trainings: Podcast Series,,0:15:22,922,2021-07-29,nobody,available,no,720p,0.272,0.0,https://vimeo.com/580849117,This video is about Buddhist Meditation Mini-Training (Part 2)
580904094,(Part 2) Shamanic Mini-Training,Mini-Trainings: Podcast Series,,0:12:49,769,2021-07-29,nobody,available,no,720p,0.21,0.0,https://vimeo.com/580904094,This video is about Shamanic Mini-Training #2
580612058,(Part 2) The Four Yogas - Mary,Mini-Trainings: Podcast Series,,0:14:16,856,2021-07-29,nobody,available,no,1080p,0.391,0.391,https://vimeo.com/580612058,
580866123,(Part 3) Laura: Shakti Mini-Training Kali,Mini-Trainings: Podcast Series,,0:16:37,997,2021-07-29,nobody,available,no,1080p,0.695,0.695,https://vimeo.com/580866123,
580567514,(Part 3) The Four Yogas - Mary,Mini-Trainings: Podcast Series,,0:15:50,950,2021-07-29,nobody,available,no,1080p,0.435,0.435,https://vimeo.com/580567514,
580825623,(Part 4) Shakti Mini-training - Laura,Mini-Trainings: Podcast Series,,0:20:11,1211,2021-07-29,nobody,available,no,1080p,0.824,0.824,https://vimeo.com/580825623,
582180792,(Part 2) Laura: Shakti Mini-Training,Mini-Trainings: Podcast Series,,0:15:58,958,2021-08-02,nobody,available,no,1080p,0.646,0.646,https://vimeo.com/582180792,
582561919,Shamanic Mini-Training Part 3,Mini-Trainings: Podcast Series,,0:13:39,819,2021-08-03,nobody,available,no,720p,0.228,0.0,https://vimeo.com/582561919,This video is about Shamanic Mini-Training Part 3
583945281,(Part 1) Laura Shakti mini-training,Mini-Trainings: Podcast Series,,0:00:00,0,2021-08-06,nobody,uploading,no,none,0.0,0.0,https://vimeo.com/583945281,
843096588,Episode 1 Karma Yoga (Updated),Mini-Trainings: Podcast Series,,0:13:24,804,2023-07-07,disable,available,no,1080p,0.271,0.271,https://vimeo.com/843096588,
843102394,Episode 2: Bhakti Yoga (Updated),Mini-Trainings: Podcast Series,,0:13:28,808,2023-07-07,disable,available,no,1080p,0.344,0.344,https://vimeo.com/843102394,
843111569,Episode 3: Jyana Yoga (updated),Mini-Trainings: Podcast Series,,0:15:11,911,2023-07-07,disable,available,no,1080p,0.39,0.39,https://vimeo.com/843111569,
843088678,Four Yogas- Intro (with logo),Mini-Trainings: Podcast Series,,0:00:47,47,2023-07-07,disable,available,no,720p,0.007,0.0,https://vimeo.com/843088678,
837086785,Addiction: The Dis-ease of the Lost Self,My library,,1:00:33,3633,2023-06-17,unlisted,available,no,1080p,0.962,0.962,https://vimeo.com/837086785,
897728951,30 Day Sadhana - Session 1,My library / 30-Day Sadhana - Mantra,,0:19:00,1140,2023-12-25,nobody,available,no,1080p,0.778,0.778,https://vimeo.com/897728951,
897727324,30 Day Sadhana - Session 2,My library / 30-Day Sadhana - Mantra,,0:12:32,752,2023-12-25,nobody,available,no,1080p,0.514,0.514,https://vimeo.com/897727324,
897726383,30 Day Sadhana - Shanti Mantra,My library / 30-Day Sadhana - Mantra,,0:12:28,748,2023-12-25,nobody,available,no,1080p,0.512,0.512,https://vimeo.com/897726383,
897731195,30-Day Mantra Sadhana - Intro,My library / 30-Day Sadhana - Mantra,,0:04:15,255,2023-12-25,nobody,available,no,1080p,0.174,0.174,https://vimeo.com/897731195,
897730661,30-Day Sadhana - Mala,My library / 30-Day Sadhana - Mantra,,0:06:04,364,2023-12-25,nobody,available,no,1080p,0.244,0.244,https://vimeo.com/897730661,
897743161,30-Day Sādhana - Akhanda Mandalakaram,My library / 30-Day Sadhana - Mantra,,0:13:49,829,2023-12-25,nobody,available,no,1080p,0.466,0.466,https://vimeo.com/897743161,
897713230,30-Day Sādhana - Asato Ma Sad Gamaya,My library / 30-Day Sadhana - Mantra,,0:11:22,682,2023-12-25,nobody,available,no,1080p,0.432,0.432,https://vimeo.com/897713230,
897715227,30-Day Sādhana - Ekadantaya,My library / 30-Day Sadhana - Mantra,,0:13:23,803,2023-12-25,nobody,available,no,1080p,0.513,0.513,https://vimeo.com/897715227,
897722358,30-Day Sādhana - Gananam Tva,My library / 30-Day Sadhana - Mantra,,0:10:20,620,2023-12-25,nobody,available,no,1080p,0.388,0.388,https://vimeo.com/897722358,
897717165,30-Day Sādhana - Gurave Sarvalokanam,My library / 30-Day Sadhana - Mantra,,0:13:02,782,2023-12-25,nobody,available,no,1080p,0.537,0.537,https://vimeo.com/897717165,
897745194,30-Day Sādhana - Guru Sandals,My library / 30-Day Sadhana - Mantra,,0:12:49,769,2023-12-25,nobody,available,no,1080p,0.435,0.435,https://vimeo.com/897745194,
897721085,30-Day Sādhana - Lokah Samastah Sukhino Bhavantu,My library / 30-Day Sadhana - Mantra,,0:10:12,612,2023-12-25,nobody,available,no,1080p,0.379,0.379,https://vimeo.com/897721085,
897712446,30-Day Sādhana - Naumi Cit,My library / 30-Day Sadhana - Mantra,,0:09:29,569,2023-12-25,nobody,available,no,1080p,0.357,0.357,https://vimeo.com/897712446,
897716377,30-Day Sādhana - Om Dum Durgaye Namaha,My library / 30-Day Sadhana - Mantra,,0:08:41,521,2023-12-25,nobody,available,no,1080p,0.352,0.352,https://vimeo.com/897716377,
897719825,30-Day Sādhana - Om Mani Padme Hum,My library / 30-Day Sadhana - Mantra,,0:10:47,647,2023-12-25,nobody,available,no,1080p,0.405,0.405,https://vimeo.com/897719825,
897750532,30-Day Sādhana - Om Namo Bhagavate Vasudevaya,My library / 30-Day Sadhana - Mantra,,0:11:23,683,2023-12-25,nobody,available,no,1080p,0.386,0.386,https://vimeo.com/897750532,
897723452,30-Day Sādhana - Patañjali Invocation,My library / 30-Day Sadhana - Mantra,,0:12:26,746,2023-12-25,nobody,available,no,1080p,0.461,0.461,https://vimeo.com/897723452,
897724583,30-Day Sādhana - Rudra Gayatri,My library / 30-Day Sadhana - Mantra,,0:13:29,809,2023-12-25,nobody,available,no,1080p,0.51,0.51,https://vimeo.com/897724583,
897747708,30-Day Sādhana - Sarasvati,My library / 30-Day Sadhana - Mantra,,0:15:19,919,2023-12-25,nobody,available,no,1080p,0.541,0.541,https://vimeo.com/897747708,
897714099,30-Day Sādhana - Shakti Mantra,My library / 30-Day Sadhana - Mantra,,0:11:11,671,2023-12-25,nobody,available,no,1080p,0.419,0.419,https://vimeo.com/897714099,
897718122,30-Day Sādhana - Shanti Patha,My library / 30-Day Sadhana - Mantra,,0:09:49,589,2023-12-25,nobody,available,no,1080p,0.397,0.397,https://vimeo.com/897718122,
897719071,30-Day Sādhana - Vijñāna Bhairava Tantra,My library / 30-Day Sadhana - Mantra,,0:10:01,601,2023-12-25,nobody,available,no,1080p,0.374,0.374,https://vimeo.com/897719071,
902046003,30-day_mantra_sadhana_- CLIP for LP,My library / 30-Day Sadhana - Mantra,,0:01:16,76,2024-01-11,disable,available,no,1080p,0.052,0.052,https://vimeo.com/902046003,
1231410524,Living Room Lectures Fall 2026 - The Cosmic Artist,My library / Living Room Lectures 2026,,1:27:00,5220,2026-09-29,nobody,available,no,1440p,1.74,1.237,https://vimeo.com/1231410524,
1231410525,Living Room Lectures Fall 2026 - Where do I begin?,My library / Living Room Lectures 2026,,1:32:03,5523,2026-09-29,unlisted,available,no,1440p,1.451,1.027,https://vimeo.com/1231410525,
951585523,Nalanda Day 1 Part 1_16x9_v1,Nalanda Event,,0:47:09,2829,2024-05-29,nobody,available,no,1080p,0.954,0.954,https://vimeo.com/951585523,
951596827,Nalanda Day 1 Part 2_16x9_v1,Nalanda Event,,0:59:06,3546,2024-05-29,nobody,available,no,1080p,1.121,1.121,https://vimeo.com/951596827,
951570502,Nalanda Day 2 Part 1_16x9_v1,Nalanda Event,,0:58:21,3501,2024-05-29,nobody,available,no,1080p,0.991,0.991,https://vimeo.com/951570502,
951610106,Nalanda Day 2 Part 4,Nalanda Event,,1:18:11,4691,2024-05-29,nobody,available,no,1080p,1.436,1.436,https://vimeo.com/951610106,
951638371,Nalanda Day 2 Part 5,Nalanda Event,,1:00:15,3615,2024-05-29,nobody,available,no,1080p,1.119,1.119,https://vimeo.com/951638371,
952067639,Nalanda Day 2 Part 3_16x9_v1,Nalanda Event,,0:48:58,2938,2024-05-30,nobody,available,no,1080p,0.799,0.799,https://vimeo.com/952067639,
954310957,Nalanda Day 2 Part 2_16x9_v1,Nalanda Event,,0:26:11,1571,2024-06-06,nobody,available,no,1080p,0.483,0.483,https://vimeo.com/954310957,
1120940418,Navarātri - Opening Session,Navaratri Fall 2025,,1:39:55,5995,2025-09-22,nobody,available,no,1080p,1.164,1.164,https://vimeo.com/1120940418,
1123384794,Navaratri - Session 6.B - Kaumari,Navaratri Fall 2025,,0:03:17,197,2025-09-30,nobody,available,no,1080p,0.012,0.012,https://vimeo.com/1123384794,
1123371456,Navarātri - Session 2 - Brahmāṇī,Navaratri Fall 2025,,0:41:06,2466,2025-09-30,nobody,available,no,1080p,0.567,0.567,https://vimeo.com/1123371456,
1123371831,Navarātri - Session 3 - Varāhī,Navaratri Fall 2025,,0:48:25,2905,2025-09-30,nobody,available,no,1080p,0.678,0.678,https://vimeo.com/1123371831,
1123371691,Navarātri - Session 4 - Indrānī,Navaratri Fall 2025,,0:32:39,1959,2025-09-30,nobody,available,no,1080p,0.549,0.549,https://vimeo.com/1123371691,
1123371579,Navarātri - Session 5 - Maheśvarī,Navaratri Fall 2025,,0:32:58,1978,2025-09-30,nobody,available,no,1080p,0.472,0.472,https://vimeo.com/1123371579,
1123384746,Navarātri - Session 6c - Kaumārī,Navaratri Fall 2025,,0:11:50,710,2025-09-30,nobody,available,no,1080p,0.141,0.141,https://vimeo.com/1123384746,
1123384673,Navarātri - Session 7a - Vaiṣṇavī,Navaratri Fall 2025,,0:22:40,1360,2025-09-30,nobody,available,no,1080p,0.255,0.255,https://vimeo.com/1123384673,
1123384642,Navarātri - Session 7b - Vaiṣṇavī,Navaratri Fall 2025,,0:06:06,366,2025-09-30,nobody,available,no,1080p,0.032,0.032,https://vimeo.com/1123384642,
1123384584,Navarātri - Session 7c - Vaiṣṇavī,Navaratri Fall 2025,,0:09:47,587,2025-09-30,nobody,available,no,1080p,0.19,0.19,https://vimeo.com/1123384584,
1123384549,Navarātri - Session 8a - Cāmuṇḍā,Navaratri Fall 2025,,0:11:52,712,2025-09-30,nobody,available,no,1080p,0.115,0.115,https://vimeo.com/1123384549,
1123384532,Navarātri - Session 8b - Cāmuṇḍā,Navaratri Fall 2025,,0:06:34,394,2025-09-30,nobody,available,no,1080p,0.035,0.035,https://vimeo.com/1123384532,
1123384432,Navarātri - Session 8c - Cāmuṇḍā,Navaratri Fall 2025,,0:13:28,808,2025-09-30,nobody,available,no,1080p,0.299,0.299,https://vimeo.com/1123384432,
1123372057,Navarātri - Session 9a - Caṇḍikā,Navaratri Fall 2025,,0:25:00,1500,2025-09-30,nobody,available,no,1080p,0.235,0.235,https://vimeo.com/1123372057,
1123372115,Navarātri - Session 9b - Caṇḍikā,Navaratri Fall 2025,,0:07:53,473,2025-09-30,nobody,available,no,1080p,0.04,0.04,https://vimeo.com/1123372115,
1123371977,Navarātri - Session 9c - Caṇḍikā,Navaratri Fall 2025,,0:17:43,1063,2025-09-30,nobody,available,no,1080p,0.349,0.349,https://vimeo.com/1123371977,
1123371554,Navarātri - Session 6 - Kaumārī,Navaratri Fall 2025,,0:05:57,357,2025-09-30,nobody,available,no,1080p,0.055,0.055,https://vimeo.com/1123371554,
1123656719,Navarātri - Closing Session,Navaratri Fall 2025,,1:44:32,6272,2025-10-01,nobody,available,no,1080p,1.444,1.444,https://vimeo.com/1123656719,
408899537,x Deity Module 1: Devotion,OLD Deity: A Path to Liberation,,1:49:40,6580,2020-04-17,disable,available,no,540p,0.683,0.0,https://vimeo.com/408899537,
411536498,x Deity Module 2: Ritual,OLD Deity: A Path to Liberation,,1:48:37,6517,2020-04-24,disable,available,no,540p,0.634,0.0,https://vimeo.com/411536498,
414124013,x Deity Module 3: Sound,OLD Deity: A Path to Liberation,,1:48:30,6510,2020-05-01,disable,available,no,540p,0.817,0.0,https://vimeo.com/414124013,
416361426,x Deity Module 4: Wisdom,OLD Deity: A Path to Liberation,,1:52:47,6767,2020-05-08,disable,available,no,540p,0.758,0.0,https://vimeo.com/416361426,
1022219833,Spiritual Technology Seminar,PUBLIC 200-Hour YTT / 1. Pre-Requisite Seminars,,1:24:10,5050,2024-10-22,disable,available,no,1080p,1.162,1.162,https://vimeo.com/1022219833,
1212451140,The_Yoga_Canon_A_Lecture_about_Indian_and_Yoga_Philosophical_Texts,PUBLIC 200-Hour YTT / 1. Pre-Requisite Seminars,,1:41:12,6072,2026-07-23,nobody,available,no,1080p,0.697,0.697,https://vimeo.com/1212451140,
1023593306,Fall Sadhana Orientation EDITED,PUBLIC 200-Hour YTT / 2. Orientation session,,1:56:21,6981,2024-10-26,nobody,available,no,1080p,1.559,1.559,https://vimeo.com/1023593306,
1024601535,Week 1 - Foundations and Historical Context,PUBLIC 200-Hour YTT / 3. Fall 2024 Weekly Sessions,,2:28:05,8885,2024-10-30,nobody,available,no,1080p,0.975,0.975,https://vimeo.com/1024601535,
1026665599,Week 2 - Classical Yoga Philosophy - Sāṃkhya and Yoga Darṣana,PUBLIC 200-Hour YTT / 3. Fall 2024 Weekly Sessions,,2:26:56,8816,2024-11-05,nobody,available,no,1080p,1.1,1.1,https://vimeo.com/1026665599,
1029036482,Week 3 - The Theory of Meditation in Sāṃkhya-Yoga,PUBLIC 200-Hour YTT / 3. Fall 2024 Weekly Sessions,,2:26:43,8803,2024-11-12,nobody,available,no,1080p,1.218,1.218,https://vimeo.com/1029036482,
1031347266,"Week 4 - The Bhagavad Gītā - Karma, Bhakti, and Jñāna Yoga",PUBLIC 200-Hour YTT / 3. Fall 2024 Weekly Sessions,,2:25:12,8712,2024-11-19,nobody,available,no,1080p,0.897,0.897,https://vimeo.com/1031347266,
1033636215,Week 5 - Non-Dualistic Philosophies - Advaita Vedānta and Kashmir Śaivism,PUBLIC 200-Hour YTT / 3. Fall 2024 Weekly Sessions,,2:44:39,9879,2024-11-26,nobody,available,no,1080p,1.244,1.244,https://vimeo.com/1033636215,
1038064953,Week 7 -  Buddhist Influences on Yoga Philosophy,PUBLIC 200-Hour YTT / 3. Fall 2024 Weekly Sessions,,2:26:00,8760,2024-12-11,nobody,available,no,1080p,1.992,1.992,https://vimeo.com/1038064953,
1040167479,Week 6 - Śāktism & Kuṇḍalinī with Tova Olsson,PUBLIC 200-Hour YTT / 3. Fall 2024 Weekly Sessions,,2:16:11,8171,2024-12-17,nobody,available,no,1080p,1.68,1.68,https://vimeo.com/1040167479,
1040152734,Week 8 - Ethical Questions and Final Thoughts,PUBLIC 200-Hour YTT / 3. Fall 2024 Weekly Sessions,,2:11:52,7912,2024-12-17,nobody,available,no,1080p,1.422,1.422,https://vimeo.com/1040152734,
1049104174,Week 1 - Prāṇa Logic - Foundations of Breath Philosophy,PUBLIC 200-Hour YTT / 4. Winter 2025 Weekly Sessions,,2:22:43,8563,2025-01-21,nobody,available,no,1080p,1.707,1.707,https://vimeo.com/1049104174,
1051395848,Week 2 - Core Prāṇāyāma Techniques,PUBLIC 200-Hour YTT / 4. Winter 2025 Weekly Sessions,,2:35:28,9328,2025-01-29,nobody,available,no,1080p,1.246,1.246,https://vimeo.com/1051395848,
1053550300,Week 3 - Ardhanārīśvara and the Kulārṇava Tantra,PUBLIC 200-Hour YTT / 4. Winter 2025 Weekly Sessions,,2:22:19,8539,2025-02-04,nobody,available,no,1080p,1.327,1.327,https://vimeo.com/1053550300,
1055773645,Week 4 - Subtle Body Anatomy,PUBLIC 200-Hour YTT / 4. Winter 2025 Weekly Sessions,,2:14:36,8076,2025-02-12,nobody,available,no,1080p,1.854,1.854,https://vimeo.com/1055773645,
1058051814,Week 5 - Discovering Svara Yoga,PUBLIC 200-Hour YTT / 4. Winter 2025 Weekly Sessions,,2:34:20,9260,2025-02-19,nobody,available,no,1080p,1.331,1.331,https://vimeo.com/1058051814,
1060679685,Week 6 - Breath Techniques in Buddhist Yoga,PUBLIC 200-Hour YTT / 4. Winter 2025 Weekly Sessions,,2:17:19,8239,2025-02-27,nobody,available,no,1080p,2.348,2.348,https://vimeo.com/1060679685,
1062554663,Week 7 - Prāṇa and Mantra with Dr. Kavitha Chinnaiyan,PUBLIC 200-Hour YTT / 4. Winter 2025 Weekly Sessions,,2:17:19,8239,2025-03-04,nobody,available,no,1080p,2.325,2.325,https://vimeo.com/1062554663,
1065147616,Winter - Week 8,PUBLIC 200-Hour YTT / 4. Winter 2025 Weekly Sessions,,2:47:58,10078,2025-03-12,nobody,available,no,1080p,2.083,2.083,https://vimeo.com/1065147616,
1077748904,Week 1 - An Introduction to Rasa Theory & the Śṛṅgāra Rasa,PUBLIC 200-Hour YTT / 5. Spring 2025 Weekly Sessions,,2:30:37,9037,2025-04-22,nobody,available,no,1080p,1.29,1.29,https://vimeo.com/1077748904,
1080019904,Week 2 - Hāsya Rasa – The Comic Rasa,PUBLIC 200-Hour YTT / 5. Spring 2025 Weekly Sessions,,2:33:29,9209,2025-04-30,nobody,available,no,1080p,1.783,1.783,https://vimeo.com/1080019904,
1082017189,Week 3 - Karuṇa - Tibetan Buddhist Meditation with Dr. James Bae & the Rasa of Compassion,PUBLIC 200-Hour YTT / 5. Spring 2025 Weekly Sessions,,2:23:52,8632,2025-05-07,nobody,available,no,1080p,2.252,2.252,https://vimeo.com/1082017189,
1084131175,Week 4 - The Raudra Rasa (The Furious Rasa),PUBLIC 200-Hour YTT / 5. Spring 2025 Weekly Sessions,,2:14:11,8051,2025-05-14,nobody,available,no,1080p,2.053,2.053,https://vimeo.com/1084131175,
1086220290,Week 5 - Vīrya Rasa - The Aesthetic Emotion of Heroism,PUBLIC 200-Hour YTT / 5. Spring 2025 Weekly Sessions,,2:29:34,8974,2025-05-20,nobody,available,no,1080p,1.111,1.111,https://vimeo.com/1086220290,
1087862911,Week 6 - Bhayānaka – The Fearsome Rasa,PUBLIC 200-Hour YTT / 5. Spring 2025 Weekly Sessions,,2:22:01,8521,2025-05-26,nobody,available,no,1080p,3.424,3.424,https://vimeo.com/1087862911,
1090265013,Week 7 - The Bibhātsa Rasa - The Aesthetic Emotion of Disgust,PUBLIC 200-Hour YTT / 5. Spring 2025 Weekly Sessions,,2:39:54,9594,2025-06-03,nobody,available,no,1080p,1.86,1.86,https://vimeo.com/1090265013,
1092583323,Week 8 - The Adbhuta Rasa - The Aesthetic Emotion of Wonder,PUBLIC 200-Hour YTT / 5. Spring 2025 Weekly Sessions,,2:48:55,10135,2025-06-11,nobody,available,no,1080p,1.822,1.822,https://vimeo.com/1092583323,
1050549412,"1. Weekend 1 - Orientation, Intention, and Vision (January 25)",PUBLIC 200-Hour YTT / 6. Weekend Immersions,,4:05:23,14723,2025-01-26,nobody,available,no,1080p,1.714,1.714,https://vimeo.com/1050549412,
1054291542,2. Weekend 1 - Orientation & Yoga Foundations (January 26),PUBLIC 200-Hour YTT / 6. Weekend Immersions,,3:40:14,13214,2025-02-06,nobody,available,no,1080p,2.886,2.886,https://vimeo.com/1054291542,
1057184463,3. Weekend 2 - Anatomy for Yoga Teachers Part 1 (February 15),PUBLIC 200-Hour YTT / 6. Weekend Immersions,,3:39:13,13153,2025-02-16,nobody,available,no,1080p,3.056,3.056,https://vimeo.com/1057184463,
1057372852,4. Weekend 2 - Anatomy for Yoga Teachers Part 2 (February 16),PUBLIC 200-Hour YTT / 6. Weekend Immersions,,3:49:23,13763,2025-02-17,nobody,available,no,1080p,3.094,3.094,https://vimeo.com/1057372852,
1063952226,5. Weekend 3 - Sequencing for Yoga Teachers (March 8),PUBLIC 200-Hour YTT / 6. Weekend Immersions,,3:50:21,13821,2025-03-09,nobody,available,no,1080p,1.259,1.259,https://vimeo.com/1063952226,
1064535420,6. Weekend 3 - Sequencing for Yoga Teachers (March 9),PUBLIC 200-Hour YTT / 6. Weekend Immersions,,3:44:22,13462,2025-03-11,nobody,available,no,1080p,4.476,4.476,https://vimeo.com/1064535420,
1074993314,7. Weekend 4 - Subtle Body Anatomy - Module 1 (April 12),PUBLIC 200-Hour YTT / 6. Weekend Immersions,,3:41:23,13283,2025-04-12,nobody,available,no,1080p,3.114,3.114,https://vimeo.com/1074993314,
1075609449,8. Weekend 4 - YTT Practicum 1 - Part 1,PUBLIC 200-Hour YTT / 6. Weekend Immersions,,4:06:11,14771,2025-04-15,nobody,available,no,1080p,5.281,5.281,https://vimeo.com/1075609449,
1083580072,10. Weekend 5 - YTT Practicum 1 Part 2,PUBLIC 200-Hour YTT / 6. Weekend Immersions,,3:59:34,14374,2025-05-12,nobody,available,no,1080p,4.275,4.275,https://vimeo.com/1083580072,
1083381484,9. Weekend 5 - Subtle Body Anatomy - Module 2 (May 10),PUBLIC 200-Hour YTT / 6. Weekend Immersions,,3:52:53,13973,2025-05-12,nobody,available,no,1080p,3.268,3.268,https://vimeo.com/1083381484,
1094068984,11. Weekend 6 - Subtle Alignment 1,PUBLIC 200-Hour YTT / 6. Weekend Immersions,,3:35:28,12928,2025-06-17,nobody,available,no,1080p,2.446,2.446,https://vimeo.com/1094068984,
1094073889,12. Weekend 6 -  Subtle Alignment 2 with Practice,PUBLIC 200-Hour YTT / 6. Weekend Immersions,,3:49:40,13780,2025-06-17,nobody,available,no,1080p,3.506,3.506,https://vimeo.com/1094073889,
1119259587,13. Prop Shop,PUBLIC 200-Hour YTT / 6. Weekend Immersions,,3:41:21,13281,2025-09-16,nobody,available,no,1080p,4.053,4.053,https://vimeo.com/1119259587,
1119214771,14. Body Shop,PUBLIC 200-Hour YTT / 6. Weekend Immersions,,3:46:28,13588,2025-09-16,nobody,available,no,1080p,3.593,3.593,https://vimeo.com/1119214771,
1119285679,"15. Modern Teaching Technologies, Methods, and Strategies",PUBLIC 200-Hour YTT / 6. Weekend Immersions,,3:55:39,14139,2025-09-17,nobody,available,no,1080p,2.214,2.214,https://vimeo.com/1119285679,
1125384958,"16. Online Strategies - Technologies, Social Media, and Specialization",PUBLIC 200-Hour YTT / 6. Weekend Immersions,,3:54:09,14049,2025-10-08,nobody,available,no,1080p,2.483,2.483,https://vimeo.com/1125384958,
1135066280,19. Business Essentials - Building a Foundation,PUBLIC 200-Hour YTT / 6. Weekend Immersions,,3:24:55,12295,2025-11-09,nobody,available,no,1080p,2.687,2.687,https://vimeo.com/1135066280,
1135863700,20. Business Essentials - Sustainable Strategies,PUBLIC 200-Hour YTT / 6. Weekend Immersions,,3:44:36,13476,2025-11-11,nobody,available,no,1080p,2.848,2.848,https://vimeo.com/1135863700,
1136787753,17. Breath Mechanics - Breath + The Central Channel,PUBLIC 200-Hour YTT / 6. Weekend Immersions,,3:59:35,14375,2025-11-14,nobody,available,no,1080p,5.109,5.109,https://vimeo.com/1136787753,
1136733586,18. Breath Mechanics - Alignment + Proprioception,PUBLIC 200-Hour YTT / 6. Weekend Immersions,,4:04:55,14695,2025-11-14,nobody,available,no,1080p,5.168,5.168,https://vimeo.com/1136733586,
1142605121,21. Practicum and Integration II - Day 1,PUBLIC 200-Hour YTT / 6. Weekend Immersions,,3:45:40,13540,2025-12-02,nobody,available,no,1080p,3.217,3.217,https://vimeo.com/1142605121,
1142677605,22. Practicum + Integration II - Day 2,PUBLIC 200-Hour YTT / 6. Weekend Immersions,,3:42:36,13356,2025-12-03,nobody,available,no,1080p,2.884,2.884,https://vimeo.com/1142677605,
1100709066,"1. Day 1 - Morning - Orientation, Introductory Concepts & Kundalini Stavah",PUBLIC 200-Hour YTT / 7. Summer Retreat 2025,,2:21:26,8486,2025-07-11,nobody,available,no,1080p,1.63,1.63,https://vimeo.com/1100709066,
1100707528,2. Day 1 - Afternoon - Theory of the Practice & Prāna Mandala Samhāra,PUBLIC 200-Hour YTT / 7. Summer Retreat 2025,,2:26:10,8770,2025-07-11,nobody,available,no,1080p,1.38,1.38,https://vimeo.com/1100707528,
1100925399,"3. Day 2 - Morning - Orientation, Introductory Concepts & Kundalini Stavah Part 2",PUBLIC 200-Hour YTT / 7. Summer Retreat 2025,,2:16:25,8185,2025-07-13,nobody,available,no,1080p,1.399,1.399,https://vimeo.com/1100925399,
1100924956,"4. Day 2 - Afternoon - Mauna, Tantrik Body, and the Five Centers",PUBLIC 200-Hour YTT / 7. Summer Retreat 2025,,2:20:43,8443,2025-07-13,nobody,available,no,1080p,1.078,1.078,https://vimeo.com/1100924956,
1100932109,5. Day 3 - Morning - Prāna Mandala Samhāra Practice & Bhairavī-mudrā,PUBLIC 200-Hour YTT / 7. Summer Retreat 2025,,2:19:09,8349,2025-07-13,nobody,available,no,1080p,1.412,1.412,https://vimeo.com/1100932109,
1100931594,"6. Day 3 - Afternoon - So'ham Hamsa, Uccāra, & Bhāvanā",PUBLIC 200-Hour YTT / 7. Summer Retreat 2025,,1:54:00,6840,2025-07-13,nobody,available,no,1080p,1.155,1.155,https://vimeo.com/1100931594,
1101086236,7. Day 4 - Morning - The Goddess Within with Nataraj Chaitanya,PUBLIC 200-Hour YTT / 7. Summer Retreat 2025,,2:37:52,9472,2025-07-14,nobody,available,no,1080p,2.632,2.632,https://vimeo.com/1101086236,
1101084905,"8. Day 4 - Afternoon - Camatkara, Rasa, & Spanda",PUBLIC 200-Hour YTT / 7. Summer Retreat 2025,,2:21:36,8496,2025-07-14,nobody,available,no,1080p,1.827,1.827,https://vimeo.com/1101084905,
1101287807,9. Day 5 - Morning - Invoking the Goddess with Nataraj Chaitanya,PUBLIC 200-Hour YTT / 7. Summer Retreat 2025,,2:29:42,8982,2025-07-14,nobody,available,no,1080p,1.798,1.798,https://vimeo.com/1101287807,
1101394871,10. Day 5 - Afternoon Practice - Śrī Rudram & Bhūta Śuddhi,PUBLIC 200-Hour YTT / 7. Summer Retreat 2025,,2:07:50,7670,2025-07-15,nobody,available,no,1080p,1.064,1.064,https://vimeo.com/1101394871,
1101704169,11. Day 6 - Morning - Satsang abd Integration with Nataraj Chaitanya & Jacob Kyle,PUBLIC 200-Hour YTT / 7. Summer Retreat 2025,,2:33:59,9239,2025-07-15,nobody,available,no,1080p,2.87,2.87,https://vimeo.com/1101704169,
1102035855,12. Day 6 - Afternoon - The Esoteric Meaning of the Kundalini Stavah,PUBLIC 200-Hour YTT / 7. Summer Retreat 2025,,2:15:16,8116,2025-07-16,nobody,available,no,1080p,2.858,2.858,https://vimeo.com/1102035855,
1102847909,"13. Day 7 - Morning - Theory of Mantra, Mudrā & the Aesthetic Delight of Mūlādhāra",PUBLIC 200-Hour YTT / 7. Summer Retreat 2025,,2:03:13,7393,2025-07-20,nobody,available,no,1080p,2.15,2.15,https://vimeo.com/1102847909,
1102846849,"14. Day 7 - Afternoon - Reflection, Integration, and ""Until we meet again...""",PUBLIC 200-Hour YTT / 7. Summer Retreat 2025,,1:50:52,6652,2025-07-20,nobody,available,no,1080p,1.834,1.834,https://vimeo.com/1102846849,
1178628100,Body_Theology_with_Michelle_Voss_Roberts,Radical Theology,,1:07:46,4066,2026-03-30,nobody,available,no,720p,0.802,0.0,https://vimeo.com/1178628100,
1178628295,Multi-Religious_Theology_with_John_J_Thatamanil,Radical Theology,,1:27:10,5230,2026-03-30,nobody,available,no,720p,0.985,0.0,https://vimeo.com/1178628295,
954921480,C0060,Raw Video Files from Camera,,0:10:48,648,2024-06-07,nobody,available,no,1080p,0.465,0.465,https://vimeo.com/954921480,
954930369,C0061,Raw Video Files from Camera,,0:10:48,648,2024-06-07,nobody,available,no,1080p,0.465,0.465,https://vimeo.com/954930369,
954943757,C0062,Raw Video Files from Camera,,0:10:49,649,2024-06-07,nobody,available,no,1080p,0.466,0.466,https://vimeo.com/954943757,
954953090,C0063,Raw Video Files from Camera,,0:10:48,648,2024-06-07,nobody,available,no,1080p,0.465,0.465,https://vimeo.com/954953090,
954962816,C0064,Raw Video Files from Camera,,0:10:48,648,2024-06-07,nobody,available,no,1080p,0.465,0.465,https://vimeo.com/954962816,
954972112,C0065,Raw Video Files from Camera,,0:10:18,618,2024-06-07,nobody,available,no,1080p,0.435,0.435,https://vimeo.com/954972112,
954980623,C0066,Raw Video Files from Camera,,0:10:48,648,2024-06-07,nobody,available,no,1080p,0.447,0.447,https://vimeo.com/954980623,
954989127,C0067,Raw Video Files from Camera,,0:10:48,648,2024-06-07,nobody,available,no,1080p,0.461,0.461,https://vimeo.com/954989127,
954997519,C0068,Raw Video Files from Camera,,0:10:48,648,2024-06-07,nobody,available,no,1080p,0.462,0.462,https://vimeo.com/954997519,
1178191175,Module_1_Seven_Principles_of_Repairing,Re-pairing,,1:45:49,6349,2026-03-29,nobody,available,no,720p,0.388,0.0,https://vimeo.com/1178191175,
1178191283,Module_2_Beyond_I_m_right_you_re_wrong,Re-pairing,,1:49:18,6558,2026-03-29,nobody,available,no,540p,0.9,0.0,https://vimeo.com/1178191283,
1178191477,Module_3_Self_and_Other,Re-pairing,,1:46:48,6408,2026-03-29,nobody,available,no,540p,0.963,0.0,https://vimeo.com/1178191477,
1178191796,Module_4_Enlarging_our_Sense_of_Self,Re-pairing,,1:45:11,6311,2026-03-29,nobody,available,no,540p,0.833,0.0,https://vimeo.com/1178191796,
1111073095,Margaux SS Testimonial,Sadhana School,,0:01:50,110,2025-08-18,disable,available,no,1080p,0.069,0.069,https://vimeo.com/1111073095,
1023580066,Sadhana School - Orientation,Sadhana School / Fall 2024 Sadhana School,,2:21:31,8491,2024-10-26,nobody,available,no,1080p,1.832,1.832,https://vimeo.com/1023580066,
1028990672,Week 3 - oṃ namaḥ śivāya,Sadhana School / Fall 2024 Sadhana School,,0:39:01,2341,2024-11-12,unlisted,available,no,1080p,0.272,0.272,https://vimeo.com/1028990672,
1032875297,Body of Sadhana,Sadhana School / Fall 2024 Sadhana School,,3:10:24,11424,2024-11-24,nobody,available,no,1080p,0.981,0.981,https://vimeo.com/1032875297,
1037300982,Introduction to Sanskrit,Sadhana School / Fall 2024 Sadhana School,,3:11:39,11499,2024-12-09,nobody,available,no,1080p,1.013,1.013,https://vimeo.com/1037300982,
1050596979,CLIP The Wisdom of the Devī Māhātmyam with Tova Olsson,Sadhana School / Fall 2024 Sadhana School,,1:06:27,3987,2025-01-27,nobody,available,no,1080p,0.938,0.938,https://vimeo.com/1050596979,
1086459246,Week 1 - Foundations and Historical Context - No Slides Recording 1,Sadhana School / Fall 2024 Sadhana School / FALL - NO SLIDES,,2:21:20,8480,2025-05-21,nobody,available,no,1080p,1.667,1.667,https://vimeo.com/1086459246,
1086587209,Week 2 - Classical Yoga Philosophy - Sāṃkhya and Yoga Darṣana - No Slides Recording 1,Sadhana School / Fall 2024 Sadhana School / FALL - NO SLIDES,,1:45:33,6333,2025-05-21,nobody,available,no,1080p,1.323,1.323,https://vimeo.com/1086587209,
1086588953,Week 3 - The Theory of Meditation in Sāṃkhya-Yoga - No Slides,Sadhana School / Fall 2024 Sadhana School / FALL - NO SLIDES,,3:14:25,11665,2025-05-21,nobody,available,no,1080p,2.733,2.733,https://vimeo.com/1086588953,
1086815282,Week 1 - Foundations and Historical Context - No Slides Recording 2,Sadhana School / Fall 2024 Sadhana School / FALL - NO SLIDES,,0:34:20,2060,2025-05-22,nobody,available,no,1080p,0.377,0.377,https://vimeo.com/1086815282,
1086804272,Week 2 - Classical Yoga Philosophy - Sāṃkhya and Yoga Darṣana - No Slides Recording 2,Sadhana School / Fall 2024 Sadhana School / FALL - NO SLIDES,,1:09:37,4177,2025-05-22,nobody,available,no,1080p,0.838,0.838,https://vimeo.com/1086804272,
1086592798,"Week 4 - The Bhagavad Gītā - Karma, Bhakti, and Jñāna Yoga - No Slides Recording 1",Sadhana School / Fall 2024 Sadhana School / FALL - NO SLIDES,,2:03:31,7411,2025-05-22,nobody,available,no,1080p,1.375,1.375,https://vimeo.com/1086592798,
1086810914,"Week 4 - The Bhagavad Gītā - Karma, Bhakti, and Jñāna Yoga - No Slides Recording 2",Sadhana School / Fall 2024 Sadhana School / FALL - NO SLIDES,,0:49:02,2942,2025-05-22,nobody,available,no,1080p,0.498,0.498,https://vimeo.com/1086810914,
1086594698,Week 5 - Non-Dualistic Philosophies - Advaita Vedānta and Kashmir Saivism - No Slides Recording 1,Sadhana School / Fall 2024 Sadhana School / FALL - NO SLIDES,,2:36:57,9417,2025-05-22,nobody,available,no,1080p,2.27,2.27,https://vimeo.com/1086594698,
1086817474,Week 5 - Non-Dualistic Philosophies - Advaita Vedānta and Kashmir Saivism - No Slides Recording 2,Sadhana School / Fall 2024 Sadhana School / FALL - NO SLIDES,,0:29:17,1757,2025-05-22,nobody,available,no,1080p,0.406,0.406,https://vimeo.com/1086817474,
1086814322,Week 6 - Saktism & Kundalini with Tova Olsson - No Slides Recording 1,Sadhana School / Fall 2024 Sadhana School / FALL - NO SLIDES,,2:35:42,9342,2025-05-22,nobody,available,no,1080p,2.421,2.421,https://vimeo.com/1086814322,
1086821894,Week 6 - Saktism & Kundalini with Tova Olsson - No Slides Recording 2,Sadhana School / Fall 2024 Sadhana School / FALL - NO SLIDES,,0:01:34,94,2025-05-22,nobody,available,no,1080p,0.014,0.014,https://vimeo.com/1086821894,
1086613659,Week 7 -  Buddhist Influences on Yoga Philosophy - No Slides,Sadhana School / Fall 2024 Sadhana School / FALL - NO SLIDES,,2:46:59,10019,2025-05-22,nobody,available,no,1080p,2.529,2.529,https://vimeo.com/1086613659,
1086616319,Week 8 - Ethical Questions and Final Thoughts - No Slides,Sadhana School / Fall 2024 Sadhana School / FALL - NO SLIDES,,2:52:09,10329,2025-05-22,nobody,available,no,1080p,2.848,2.848,https://vimeo.com/1086616319,
1128986830,Orientation - Fall 2025 Sadhana School,Sadhana School / Fall 2025 Sadhana School,,1:54:15,6855,2025-10-20,nobody,available,no,1080p,1.963,1.963,https://vimeo.com/1128986830,
1129992768,Week 1 - The Exegesis of Kashmir Śaivism,Sadhana School / Fall 2025 Sadhana School,,2:17:15,8235,2025-10-23,unlisted,available,no,1080p,1.454,1.454,https://vimeo.com/1129992768,
1133212343,Week 2 - The Birth of the Spanda School,Sadhana School / Fall 2025 Sadhana School,,2:17:13,8233,2025-11-03,unlisted,available,no,1080p,1.406,1.406,https://vimeo.com/1133212343,
1134075982,Week 3 - A Tantrik Theory of Mantra,Sadhana School / Fall 2025 Sadhana School,,1:56:49,7009,2025-11-06,unlisted,available,no,1080p,0.944,0.944,https://vimeo.com/1134075982,
1136638109,Week 4 - Bondage and Limitation,Sadhana School / Fall 2025 Sadhana School,,2:37:53,9473,2025-11-13,nobody,available,no,1080p,2.081,2.081,https://vimeo.com/1136638109,
1138731682,Week 5 - The Body that Knows,Sadhana School / Fall 2025 Sadhana School,,2:29:57,8997,2025-11-20,nobody,available,no,1080p,1.206,1.206,https://vimeo.com/1138731682,
1140133013,Dream Yoga,Sadhana School / Fall 2025 Sadhana School,,2:24:11,8651,2025-11-24,unlisted,available,no,1080p,2.659,2.659,https://vimeo.com/1140133013,
1142193307,Week 6 - Vertical Causality,Sadhana School / Fall 2025 Sadhana School,,1:56:54,7014,2025-12-01,nobody,available,no,1080p,1.441,1.441,https://vimeo.com/1142193307,
1143211151,Week 7 - The Bliss of Beatitude,Sadhana School / Fall 2025 Sadhana School,,2:04:09,7449,2025-12-03,nobody,available,no,1080p,1.033,1.033,https://vimeo.com/1143211151,
1148701631,SS Fall 2025 - Integration Session,Sadhana School / Fall 2025 Sadhana School,,2:13:56,8036,2025-12-22,nobody,available,no,1080p,2.617,2.617,https://vimeo.com/1148701631,
1148704750,Week 8 - The Existential Consequences of Spanda Theory,Sadhana School / Fall 2025 Sadhana School,,3:08:09,11289,2025-12-22,nobody,available,no,1080p,2.337,2.337,https://vimeo.com/1148704750,
1153001978,Fall 2025 - No Slides - Orientation,Sadhana School / Fall 2025 Sadhana School / Fall 2025 - NO SLIDES,,2:05:52,7552,2026-01-09,nobody,available,no,1080p,2.438,2.438,https://vimeo.com/1153001978,
1153001142,Fall 2025 - No Slides - Week 1 - Exegesis of Kashmir Śaivism,Sadhana School / Fall 2025 Sadhana School / Fall 2025 - NO SLIDES,,3:03:13,10993,2026-01-09,nobody,available,no,1080p,3.593,3.593,https://vimeo.com/1153001142,
1153000323,Fall 2025 - No Slides - Week 2 - The Birth of the Spanda School,Sadhana School / Fall 2025 Sadhana School / Fall 2025 - NO SLIDES,,2:48:53,10133,2026-01-09,nobody,available,no,1080p,3.013,3.013,https://vimeo.com/1153000323,
1152999923,Fall 2025 - No Slides - Week 3 - A Tantrik Theory Of Mantra,Sadhana School / Fall 2025 Sadhana School / Fall 2025 - NO SLIDES,,2:41:24,9684,2026-01-09,nobody,available,no,1080p,1.983,1.983,https://vimeo.com/1152999923,
1152999357,Fall 2025 - No Slides - Week 4 - Bondage and Limitation,Sadhana School / Fall 2025 Sadhana School / Fall 2025 - NO SLIDES,,2:52:07,10327,2026-01-09,nobody,available,no,1080p,3.039,3.039,https://vimeo.com/1152999357,
1152998740,Fall 2025 - No Slides - Week 5 - The Body That Knows,Sadhana School / Fall 2025 Sadhana School / Fall 2025 - NO SLIDES,,3:01:16,10876,2026-01-09,nobody,available,no,1080p,2.853,2.853,https://vimeo.com/1152998740,
1152998266,Fall 2025 - No Slides - Week 6 - Vertical Causality,Sadhana School / Fall 2025 Sadhana School / Fall 2025 - NO SLIDES,,2:25:43,8743,2026-01-09,nobody,available,no,1080p,2.323,2.323,https://vimeo.com/1152998266,
1152997841,Fall 2025 - No Slides - Week 7 - The Bliss Of Beatitude,Sadhana School / Fall 2025 Sadhana School / Fall 2025 - NO SLIDES,,2:22:59,8579,2026-01-09,nobody,available,no,1080p,1.991,1.991,https://vimeo.com/1152997841,
1152996599,Fall 2025 - No Slides - Week 8 - The Existential Consequences of Spanda Theory,Sadhana School / Fall 2025 Sadhana School / Fall 2025 - NO SLIDES,,3:29:07,12547,2026-01-09,nobody,available,no,1080p,4.56,4.56,https://vimeo.com/1152996599,
1079132569,Sri Yantra - Bonus Seminar,Sadhana School / Spring 2025 Sadhana School,,2:35:14,9314,2025-04-27,nobody,available,no,1080p,3.302,3.302,https://vimeo.com/1079132569,
1085128564,Week 4 - Metaphysical Systems - Talking vs. Sadhana Schools Clip,Sadhana School / Spring 2025 Sadhana School,,0:12:11,731,2025-05-16,nobody,available,no,1080p,0.292,0.292,https://vimeo.com/1085128564,
1085127422,Week 4 - Turiya Clip,Sadhana School / Spring 2025 Sadhana School,,0:04:38,278,2025-05-16,nobody,available,no,1080p,0.104,0.104,https://vimeo.com/1085127422,
1091535486,Yogic Perception - Bonus Seminar,Sadhana School / Spring 2025 Sadhana School,,3:21:53,12113,2025-06-08,nobody,available,no,1080p,0.963,0.963,https://vimeo.com/1091535486,
1092678454,Week 5 - Spiritual Bypassing,Sadhana School / Spring 2025 Sadhana School,,0:20:36,1236,2025-06-12,nobody,available,no,1080p,0.109,0.109,https://vimeo.com/1092678454,
1097331393,Summoning the Void - Bonus Seminar,Sadhana School / Spring 2025 Sadhana School,,2:39:01,9541,2025-06-29,nobody,available,no,1080p,1.352,1.352,https://vimeo.com/1097331393,
1086191860,Week 1 - An Introduction to Rasa Theory & the Śṛṅgāra Rasa - No Slides,Sadhana School / Spring 2025 Sadhana School / Spring - NO SLIDES,,2:51:57,10317,2025-05-20,nobody,available,no,1080p,2.653,2.653,https://vimeo.com/1086191860,
1086195974,Week 3 - Karuṇa - Tibetan Buddhist Meditation with Dr. James Bae & the Rasa of Compassion - No Slides,Sadhana School / Spring 2025 Sadhana School / Spring - NO SLIDES,,2:46:09,9969,2025-05-20,nobody,available,no,1080p,3.118,3.118,https://vimeo.com/1086195974,
1086204823,Week 4 - The Raudra Rasa (The Furious Rasa) - No Slides,Sadhana School / Spring 2025 Sadhana School / Spring - NO SLIDES,,2:37:40,9460,2025-05-20,nobody,available,no,1080p,3.193,3.193,https://vimeo.com/1086204823,
1086220969,Week 5 - Vīrya Rasa - The Aesthetic Emotion of Heroism - No Slides,Sadhana School / Spring 2025 Sadhana School / Spring - NO SLIDES,,2:51:13,10273,2025-05-20,nobody,available,no,1080p,2.2,2.2,https://vimeo.com/1086220969,
1086793648,Week 2 - Hāsya Rasa – The Comic Rasa - No Slides,Sadhana School / Spring 2025 Sadhana School / Spring - NO SLIDES,,3:00:11,10811,2025-05-22,nobody,available,no,1080p,3.764,3.764,https://vimeo.com/1086793648,
1090264217,Week 7 - The Bibhātsa Rasa - The Aesthetic Emotion of Disgust - No Slides,Sadhana School / Spring 2025 Sadhana School / Spring - NO SLIDES,,2:55:46,10546,2025-06-03,nobody,available,no,1080p,3.32,3.32,https://vimeo.com/1090264217,
1092286306,Week 8 - The Adbhuta Rasa - The Aesthetic Emotion of Wonder - No Slides,Sadhana School / Spring 2025 Sadhana School / Spring - NO SLIDES,,2:56:19,10579,2025-06-10,nobody,available,no,1080p,3.234,3.234,https://vimeo.com/1092286306,
1213393698,Yogic Perception - No Slides,Sadhana School / Spring 2025 Sadhana School / Spring - NO SLIDES,,3:37:35,13055,2026-07-27,nobody,available,no,1080p,3.939,3.939,https://vimeo.com/1213393698,
1188275336,Week 1 - The Eye that Sees Itself,Sadhana School / Spring 2026 Sadhana School,,2:34:08,9248,2026-04-30,nobody,available,no,1080p,1.474,1.474,https://vimeo.com/1188275336,
1190185914,Week 2 - The Three Yogas of the Netra Tantra,Sadhana School / Spring 2026 Sadhana School,,2:38:21,9501,2026-05-07,nobody,available,no,1080p,1.955,1.955,https://vimeo.com/1190185914,
1192039656,Week 3 - Meditative Techniques from the Vijñāna-bhairava,Sadhana School / Spring 2026 Sadhana School,,2:38:48,9528,2026-05-13,nobody,available,no,1080p,2.642,2.642,https://vimeo.com/1192039656,
1194511302,"Week 4 - To Illuminate, Nourish, and Dissolve",Sadhana School / Spring 2026 Sadhana School,,2:26:22,8782,2026-05-21,nobody,available,no,1080p,1.93,1.93,https://vimeo.com/1194511302,
1195716858,The Way of Srividya,Sadhana School / Spring 2026 Sadhana School,,2:14:56,8096,2026-05-26,nobody,available,no,1080p,3.097,3.097,https://vimeo.com/1195716858,
1196413664,Week 5 - The Nectar of Deities,Sadhana School / Spring 2026 Sadhana School,,2:18:26,8306,2026-05-28,nobody,available,no,1080p,1.335,1.335,https://vimeo.com/1196413664,
1198445432,Week 6 - The Aesthetics of Recognition,Sadhana School / Spring 2026 Sadhana School,,2:50:08,10208,2026-06-04,nobody,available,no,1080p,2.28,2.28,https://vimeo.com/1198445432,
1198941326,The Inner Saboteur,Sadhana School / Spring 2026 Sadhana School,,2:58:23,10703,2026-06-06,nobody,available,no,1080p,2.476,2.476,https://vimeo.com/1198941326,
1200599385,Week 7 - Week 7 - The Third Eye Across Traditions: A Cross-Cultural Perspective,Sadhana School / Spring 2026 Sadhana School,,2:16:30,8190,2026-06-11,nobody,available,no,1080p,0.963,0.963,https://vimeo.com/1200599385,
1202551559,Week 8 - Satsanga - Living from the Truth of the Third Eye,Sadhana School / Spring 2026 Sadhana School,,2:38:50,9530,2026-06-18,nobody,available,no,1080p,3.109,3.109,https://vimeo.com/1202551559,
1225239149,Week 1 - Spring Sadhana School 2026 NO SLIDES,Sadhana School / Spring 2026 Sadhana School / Spring 2026 - NO SLIDES,,3:03:07,10987,2026-09-09,nobody,available,no,1080p,3.164,3.164,https://vimeo.com/1225239149,
1225239150,Week 2 - Spring Sadhana School 2026 NO SLIDES,Sadhana School / Spring 2026 Sadhana School / Spring 2026 - NO SLIDES,,2:59:39,10779,2026-09-09,nobody,available,no,1080p,3.461,3.461,https://vimeo.com/1225239150,
1225239152,Week 3 - Spring Sadhana School 2026 NO SLIDES,Sadhana School / Spring 2026 Sadhana School / Spring 2026 - NO SLIDES,,2:57:39,10659,2026-09-09,nobody,available,no,720p,1.723,0.0,https://vimeo.com/1225239152,
1225239151,Week 4 - Spring Sadhana School 2026 NO SLIDES,Sadhana School / Spring 2026 Sadhana School / Spring 2026 - NO SLIDES,,3:05:23,11123,2026-09-09,nobody,available,no,1080p,3.643,3.643,https://vimeo.com/1225239151,
1225243297,Week 5 - Spring Sadhana School 2026 NO SLIDES,Sadhana School / Spring 2026 Sadhana School / Spring 2026 - NO SLIDES,,2:33:21,9201,2026-09-09,nobody,available,no,720p,1.378,0.0,https://vimeo.com/1225243297,
1225244762,Week 6 - Spring Sadhana School 2026 NO SLIDES,Sadhana School / Spring 2026 Sadhana School / Spring 2026 - NO SLIDES,,3:16:00,11760,2026-09-09,nobody,available,no,1080p,3.322,3.322,https://vimeo.com/1225244762,
1225250017,Week 7 - Spring Sadhana School 2026 NO SLIDES,Sadhana School / Spring 2026 Sadhana School / Spring 2026 - NO SLIDES,,2:33:25,9205,2026-09-09,nobody,available,no,1080p,2.914,2.914,https://vimeo.com/1225250017,
1225250039,Week 8 - Spring Sadhana School 2026 NO SLIDES,Sadhana School / Spring 2026 Sadhana School / Spring 2026 - NO SLIDES,,2:55:46,10546,2026-09-09,nobody,available,no,720p,2.052,0.0,https://vimeo.com/1225250039,
1104008888,GMT20250710-123627_Recording_avo_1920x1080,Sadhana School / Summer Retreat 2025 SS / Summer Retreat 2025 - NO SLIDES,,2:56:24,10584,2025-07-24,nobody,available,no,1080p,2.703,2.703,https://vimeo.com/1104008888,
1104008107,GMT20250710-164955_Recording_avo_1920x1080,Sadhana School / Summer Retreat 2025 SS / Summer Retreat 2025 - NO SLIDES,,2:48:15,10095,2025-07-24,nobody,available,no,1080p,2.595,2.595,https://vimeo.com/1104008107,
1104007587,GMT20250711-124919_Recording_avo_1920x1080,Sadhana School / Summer Retreat 2025 SS / Summer Retreat 2025 - NO SLIDES,,2:42:45,9765,2025-07-24,nobody,available,no,1080p,2.931,2.931,https://vimeo.com/1104007587,
1104007250,GMT20250711-164911_Recording_avo_1920x1080,Sadhana School / Summer Retreat 2025 SS / Summer Retreat 2025 - NO SLIDES,,2:43:56,9836,2025-07-24,nobody,available,no,1080p,2.032,2.032,https://vimeo.com/1104007250,
1104006962,GMT20250712-125202_Recording_avo_1920x1080,Sadhana School / Summer Retreat 2025 SS / Summer Retreat 2025 - NO SLIDES,,2:39:06,9546,2025-07-24,nobody,available,no,1080p,2.015,2.015,https://vimeo.com/1104006962,
1104006280,GMT20250712-164841_Recording_avo_1920x1080,Sadhana School / Summer Retreat 2025 SS / Summer Retreat 2025 - NO SLIDES,,2:49:43,10183,2025-07-24,nobody,available,no,1080p,2.428,2.428,https://vimeo.com/1104006280,
1104005896,GMT20250713-124840_Recording_avo_1920x1080,Sadhana School / Summer Retreat 2025 SS / Summer Retreat 2025 - NO SLIDES,,2:48:49,10129,2025-07-24,nobody,available,no,1080p,2.959,2.959,https://vimeo.com/1104005896,
1104005557,GMT20250713-164944_Recording_avo_1920x1080,Sadhana School / Summer Retreat 2025 SS / Summer Retreat 2025 - NO SLIDES,,2:51:29,10289,2025-07-24,nobody,available,no,1080p,2.613,2.613,https://vimeo.com/1104005557,
1104005329,GMT20250714-124605_Recording_avo_1280x720,Sadhana School / Summer Retreat 2025 SS / Summer Retreat 2025 - NO SLIDES,,2:45:43,9943,2025-07-24,nobody,available,no,720p,1.44,0.0,https://vimeo.com/1104005329,
1104005041,GMT20250714-165538_Recording_avo_1920x1080,Sadhana School / Summer Retreat 2025 SS / Summer Retreat 2025 - NO SLIDES,,2:43:40,9820,2025-07-24,nobody,available,no,1080p,2.55,2.55,https://vimeo.com/1104005041,
1104004613,GMT20250715-125159_Recording_avo_1920x1080,Sadhana School / Summer Retreat 2025 SS / Summer Retreat 2025 - NO SLIDES,,2:44:45,9885,2025-07-24,nobody,available,no,1080p,3.376,3.376,https://vimeo.com/1104004613,
1104004158,GMT20250715-164949_Recording_avo_1920x1080,Sadhana School / Summer Retreat 2025 SS / Summer Retreat 2025 - NO SLIDES,,2:44:18,9858,2025-07-24,nobody,available,no,1080p,2.943,2.943,https://vimeo.com/1104004158,
1104003679,GMT20250716-125333_Recording_avo_1920x1080,Sadhana School / Summer Retreat 2025 SS / Summer Retreat 2025 - NO SLIDES,,2:40:55,9655,2025-07-24,nobody,available,no,1080p,2.668,2.668,https://vimeo.com/1104003679,
1104003184,GMT20250716-164712_Recording_avo_1920x1080,Sadhana School / Summer Retreat 2025 SS / Summer Retreat 2025 - NO SLIDES,,3:07:29,11249,2025-07-24,nobody,available,no,1080p,3.73,3.73,https://vimeo.com/1104003184,
1217378123,Swan Song - Day 1,Sadhana School / Swan Song 2026,,0:48:02,2882,2026-08-11,nobody,available,no,1080p,0.928,0.928,https://vimeo.com/1217378123,
1218670005,Swan Song - Day 2,Sadhana School / Swan Song 2026,,1:28:01,5281,2026-08-16,nobody,available,no,1080p,1.462,1.462,https://vimeo.com/1218670005,
1218672615,Swan Song - Day 3,Sadhana School / Swan Song 2026,,1:15:38,4538,2026-08-16,nobody,available,no,1080p,1.232,1.232,https://vimeo.com/1218672615,
1218678091,Swan Song - Day 4,Sadhana School / Swan Song 2026,,1:33:04,5584,2026-08-16,nobody,available,no,1080p,2.067,2.067,https://vimeo.com/1218678091,
1218682965,Swan Song - Day 5,Sadhana School / Swan Song 2026,,1:31:45,5505,2026-08-16,nobody,available,no,1080p,1.972,1.972,https://vimeo.com/1218682965,
1218599131,Swan Song - Day 6,Sadhana School / Swan Song 2026,,1:22:08,4928,2026-08-16,nobody,available,no,1080p,1.163,1.163,https://vimeo.com/1218599131,
1219245554,Swan Song - Day 7,Sadhana School / Swan Song 2026,,1:26:25,5185,2026-08-18,nobody,available,no,1080p,2.062,2.062,https://vimeo.com/1219245554,
1219245576,Swan Song - Day 8,Sadhana School / Swan Song 2026,,1:28:31,5311,2026-08-18,nobody,available,no,1080p,1.759,1.759,https://vimeo.com/1219245576,
1220212871,Swan Song - Day 10,Sadhana School / Swan Song 2026,,1:36:04,5764,2026-08-21,nobody,available,no,1080p,1.779,1.779,https://vimeo.com/1220212871,
1220212872,Swan Song - Day 11,Sadhana School / Swan Song 2026,,1:31:47,5507,2026-08-21,nobody,available,no,1080p,1.713,1.713,https://vimeo.com/1220212872,
1220212870,Swan Song - Day 9,Sadhana School / Swan Song 2026,,1:30:15,5415,2026-08-21,nobody,available,no,1080p,2.217,2.217,https://vimeo.com/1220212870,
1220519426,Swan Song - Day 12,Sadhana School / Swan Song 2026,,1:24:08,5048,2026-08-23,nobody,available,no,1080p,1.457,1.457,https://vimeo.com/1220519426,
1220519427,Swan Song - Day 13,Sadhana School / Swan Song 2026,,1:30:56,5456,2026-08-23,nobody,available,no,1080p,2.243,2.243,https://vimeo.com/1220519427,
1221165308,Swan Song - Day 14,Sadhana School / Swan Song 2026,,1:34:38,5678,2026-08-25,nobody,available,no,1080p,0.746,0.746,https://vimeo.com/1221165308,
1221164949,Swan Song - Day 15,Sadhana School / Swan Song 2026,,0:54:35,3275,2026-08-25,nobody,available,no,1080p,0.993,0.993,https://vimeo.com/1221164949,
1221825530,Swan Song - Day 16,Sadhana School / Swan Song 2026,,1:18:49,4729,2026-08-27,nobody,available,no,1080p,1.48,1.48,https://vimeo.com/1221825530,
1221825543,Swan Song - Day 17,Sadhana School / Swan Song 2026,,1:39:32,5972,2026-08-27,nobody,available,no,1080p,1.709,1.709,https://vimeo.com/1221825543,
1221953573,Swan Song - Day 18,Sadhana School / Swan Song 2026,,1:31:44,5504,2026-08-28,nobody,available,no,1080p,1.866,1.866,https://vimeo.com/1221953573,
1222391438,Swan Song - Day 19,Sadhana School / Swan Song 2026,,1:02:00,3720,2026-08-29,nobody,available,no,1080p,0.731,0.731,https://vimeo.com/1222391438,
1223423267,Swan Song - Day 20,Sadhana School / Swan Song 2026,,1:48:26,6506,2026-09-02,nobody,available,no,1080p,2.138,2.138,https://vimeo.com/1223423267,
1223423269,Swan Song - Day 21,Sadhana School / Swan Song 2026,,2:04:39,7479,2026-09-02,nobody,available,no,1080p,2.388,2.388,https://vimeo.com/1223423269,
1223417613,Swan Song - Day 1,Sadhana School / Swan Song 2026 / Swan Song - no slides,,1:24:30,5070,2026-09-02,nobody,available,no,1080p,1.46,1.46,https://vimeo.com/1223417613,
1223420291,Swan Song - Day 10,Sadhana School / Swan Song 2026 / Swan Song - no slides,,1:41:49,6109,2026-09-02,nobody,available,no,1080p,2.631,2.631,https://vimeo.com/1223420291,
1223420991,Swan Song - Day 11,Sadhana School / Swan Song 2026 / Swan Song - no slides,,1:44:14,6254,2026-09-02,nobody,available,no,720p,1.222,0.0,https://vimeo.com/1223420991,
1223421302,Swan Song - Day 12,Sadhana School / Swan Song 2026 / Swan Song - no slides,,1:34:58,5698,2026-09-02,nobody,available,no,1080p,1.937,1.937,https://vimeo.com/1223421302,
1223421451,Swan Song - Day 13,Sadhana School / Swan Song 2026 / Swan Song - no slides,,1:45:32,6332,2026-09-02,nobody,available,no,720p,1.482,0.0,https://vimeo.com/1223421451,
1223421921,Swan Song - Day 14,Sadhana School / Swan Song 2026 / Swan Song - no slides,,1:43:24,6204,2026-09-02,nobody,available,no,1080p,1.915,1.915,https://vimeo.com/1223421921,
1223422201,Swan Song - Day 15,Sadhana School / Swan Song 2026 / Swan Song - no slides,,1:13:32,4412,2026-09-02,nobody,available,no,1080p,1.42,1.42,https://vimeo.com/1223422201,
1223422736,Swan Song - Day 16,Sadhana School / Swan Song 2026 / Swan Song - no slides,,1:34:00,5640,2026-09-02,nobody,available,no,720p,1.052,0.0,https://vimeo.com/1223422736,
1223422766,Swan Song - Day 17,Sadhana School / Swan Song 2026 / Swan Song - no slides,,1:51:02,6662,2026-09-02,nobody,available,no,1080p,2.21,2.21,https://vimeo.com/1223422766,
1223423077,Swan Song - Day 18,Sadhana School / Swan Song 2026 / Swan Song - no slides,,1:41:27,6087,2026-09-02,nobody,available,no,720p,1.297,0.0,https://vimeo.com/1223423077,
1223423156,Swan Song - Day 19,Sadhana School / Swan Song 2026 / Swan Song - no slides,,1:15:20,4520,2026-09-02,nobody,available,no,1080p,1.15,1.15,https://vimeo.com/1223423156,
1223417618,Swan Song - Day 2,Sadhana School / Swan Song 2026 / Swan Song - no slides,,1:39:09,5949,2026-09-02,nobody,available,no,720p,1.385,0.0,https://vimeo.com/1223417618,
1223423427,Swan Song - Day 20,Sadhana School / Swan Song 2026 / Swan Song - no slides,,2:01:29,7289,2026-09-02,nobody,available,no,1080p,2.646,2.646,https://vimeo.com/1223423427,
1223423873,Swan Song - Day 21,Sadhana School / Swan Song 2026 / Swan Song - no slides,,2:18:30,8310,2026-09-02,nobody,available,no,1080p,2.543,2.543,https://vimeo.com/1223423873,
1223417619,Swan Song - Day 3,Sadhana School / Swan Song 2026 / Swan Song - no slides,,1:26:11,5171,2026-09-02,nobody,available,no,1080p,1.958,1.958,https://vimeo.com/1223417619,
1223417620,Swan Song - Day 4,Sadhana School / Swan Song 2026 / Swan Song - no slides,,1:39:07,5947,2026-09-02,nobody,available,no,1080p,2.535,2.535,https://vimeo.com/1223417620,
1223418347,Swan Song - Day 5,Sadhana School / Swan Song 2026 / Swan Song - no slides,,1:44:07,6247,2026-09-02,nobody,available,no,1080p,2.547,2.547,https://vimeo.com/1223418347,
1223419130,Swan Song - Day 6,Sadhana School / Swan Song 2026 / Swan Song - no slides,,1:31:07,5467,2026-09-02,nobody,available,no,1080p,1.713,1.713,https://vimeo.com/1223419130,
1223419471,Swan Song - Day 7,Sadhana School / Swan Song 2026 / Swan Song - no slides,,1:41:33,6093,2026-09-02,nobody,available,no,1080p,2.444,2.444,https://vimeo.com/1223419471,
1223419490,Swan Song - Day 8,Sadhana School / Swan Song 2026 / Swan Song - no slides,,1:45:54,6354,2026-09-02,nobody,available,no,1080p,2.146,2.146,https://vimeo.com/1223419490,
1223419725,Swan Song - Day 9,Sadhana School / Swan Song 2026 / Swan Song - no slides,,1:42:16,6136,2026-09-02,nobody,available,no,1080p,2.48,2.48,https://vimeo.com/1223419725,
1054867823,Build Your Happy Place - Creating Your Personal Altar,Sadhana School / Winter 2025 Sadhana School,,3:25:56,12356,2025-02-09,nobody,available,no,1080p,2.096,2.096,https://vimeo.com/1054867823,
1086254774,Week 1 - Prāṇa Logic - Foundations of Breath Philosophy  - No Slides,Sadhana School / Winter 2025 Sadhana School / Winter - NO SLIDES,,3:00:05,10805,2025-05-21,nobody,available,no,1080p,2.163,2.163,https://vimeo.com/1086254774,
1086258130,Week 2 - Core Prāṇāyāma Techniques - No Slides,Sadhana School / Winter 2025 Sadhana School / Winter - NO SLIDES,,2:55:09,10509,2025-05-21,nobody,available,no,1080p,2.175,2.175,https://vimeo.com/1086258130,
1086259762,Week 3 - Ardhanārīśvara and the Kulārṇava Tantra - No Slides,Sadhana School / Winter 2025 Sadhana School / Winter - NO SLIDES,,2:40:09,9609,2025-05-21,nobody,available,no,1080p,2.099,2.099,https://vimeo.com/1086259762,
1086261525,Week 4 - Subtle Body Anatomy - No Slides,Sadhana School / Winter 2025 Sadhana School / Winter - NO SLIDES,,2:46:33,9993,2025-05-21,nobody,available,no,1080p,2.328,2.328,https://vimeo.com/1086261525,
1086354252,Week 5 - Discovering Svara Yoga - No Slides,Sadhana School / Winter 2025 Sadhana School / Winter - NO SLIDES,,3:01:21,10881,2025-05-21,nobody,available,no,1080p,2.256,2.256,https://vimeo.com/1086354252,
1086358242,Week 6 - Breath Techniques in Buddhist Yoga - No Slides,Sadhana School / Winter 2025 Sadhana School / Winter - NO SLIDES,,2:39:26,9566,2025-05-21,nobody,available,no,1080p,2.916,2.916,https://vimeo.com/1086358242,
1086367468,Week 7 - Prāṇa and Mantra with Dr. Kavitha Chinnaiyan - No Slides,Sadhana School / Winter 2025 Sadhana School / Winter - NO SLIDES,,2:58:02,10682,2025-05-21,nobody,available,no,1080p,4.106,4.106,https://vimeo.com/1086367468,
1086376280,Winter - Week 8 - No Slides,Sadhana School / Winter 2025 Sadhana School / Winter - NO SLIDES,,3:05:52,11152,2025-05-21,nobody,available,no,1080p,4.135,4.135,https://vimeo.com/1086376280,
1162641126,Week 1 - Orientation to Matrika Theory + Matrika Nyasa,Sadhana School / Winter 2026 Sadhana School,,2:29:21,8961,2026-02-06,nobody,available,no,1080p,1.426,1.426,https://vimeo.com/1162641126,
1162625625,"Week 2 - Speech, Reality, and the Alchemy of Mantra",Sadhana School / Winter 2026 Sadhana School,,2:23:50,8630,2026-02-06,nobody,available,no,1080p,2.046,2.046,https://vimeo.com/1162625625,
1164165653,Week 3 - The Subtle Certainty of Supreme Speech,Sadhana School / Winter 2026 Sadhana School,,2:15:38,8138,2026-02-11,nobody,available,no,1080p,1.277,1.277,https://vimeo.com/1164165653,
1166173697,Week 4 - Sound as Prayer and Presence,Sadhana School / Winter 2026 Sadhana School,,2:16:33,8193,2026-02-19,nobody,available,no,1080p,1.562,1.562,https://vimeo.com/1166173697,
1167481989,Matrika-Nyasa,Sadhana School / Winter 2026 Sadhana School,,0:27:56,1676,2026-02-23,nobody,available,no,1080p,0.129,0.129,https://vimeo.com/1167481989,
1168585837,Week 5 - Settling Into the Subtle Sentence as Song,Sadhana School / Winter 2026 Sadhana School,,2:24:13,8653,2026-02-26,nobody,available,no,1080p,1.497,1.497,https://vimeo.com/1168585837,
1170965328,Week 6 - The Collapse of the Alphabet,Sadhana School / Winter 2026 Sadhana School,,2:32:16,9136,2026-03-06,nobody,available,no,1080p,1.641,1.641,https://vimeo.com/1170965328,
1172766848,Week 7 - Phonematic Emanation + Linguistic Mysticism,Sadhana School / Winter 2026 Sadhana School,,2:40:14,9614,2026-03-12,nobody,available,no,1080p,1.981,1.981,https://vimeo.com/1172766848,
1175625992,Week 8 - Mātṛkā Satsaṅga,Sadhana School / Winter 2026 Sadhana School,,2:41:36,9696,2026-03-20,nobody,available,no,1080p,1.961,1.961,https://vimeo.com/1175625992,
1176593283,Mātṛkā  Integration Session,Sadhana School / Winter 2026 Sadhana School,,1:51:25,6685,2026-03-24,nobody,available,no,1080p,2.188,2.188,https://vimeo.com/1176593283,
1180543412,Winter 2026 - No Slides - Mātṛkā  Integration Session,Sadhana School / Winter 2026 Sadhana School / Winter 2026 - NO SLIDES,,1:48:34,6514,2026-04-06,nobody,available,no,720p,1.233,0.0,https://vimeo.com/1180543412,
1180522797,Winter 2026 - No Slides - Week 1 - Orientation to Matrika Theory + Matrika Nyasa,Sadhana School / Winter 2026 Sadhana School / Winter 2026 - NO SLIDES,,2:49:54,10194,2026-04-06,nobody,available,no,1080p,3.737,3.737,https://vimeo.com/1180522797,
1180525568,"Winter 2026 - No Slides - Week 2 - Speech, Reality, and the Alchemy of Mantra",Sadhana School / Winter 2026 Sadhana School / Winter 2026 - NO SLIDES,,2:19:20,8360,2026-04-06,nobody,available,no,720p,1.571,0.0,https://vimeo.com/1180525568,
1180527514,Winter 2026 - No Slides - Week 3 - The Subtle Certainty of Supreme Speech,Sadhana School / Winter 2026 Sadhana School / Winter 2026 - NO SLIDES,,2:34:38,9278,2026-04-06,nobody,available,no,1080p,2.996,2.996,https://vimeo.com/1180527514,
1180531260,Winter 2026 - No Slides - Week 4 - Sound as Prayer and Presence,Sadhana School / Winter 2026 Sadhana School / Winter 2026 - NO SLIDES,,2:21:41,8501,2026-04-06,nobody,available,no,1080p,2.285,2.285,https://vimeo.com/1180531260,
1180534321,Winter 2026 - No Slides - Week 5 - Settling Into the Subtle Sentence as Song,Sadhana School / Winter 2026 Sadhana School / Winter 2026 - NO SLIDES,,2:27:45,8865,2026-04-06,nobody,available,no,1080p,2.258,2.258,https://vimeo.com/1180534321,
1180536326,Winter 2026 - No Slides - Week 6 - The Collapse of the Alphabet,Sadhana School / Winter 2026 Sadhana School / Winter 2026 - NO SLIDES,,2:44:30,9870,2026-04-06,nobody,available,no,720p,1.431,0.0,https://vimeo.com/1180536326,
1180537630,Winter 2026 - No Slides - Week 7 - Phonematic Emanation + Linguistic Mysticism,Sadhana School / Winter 2026 Sadhana School / Winter 2026 - NO SLIDES,,3:09:31,11371,2026-04-06,nobody,available,no,1080p,3.896,3.896,https://vimeo.com/1180537630,
1180539919,Winter 2026 - No Slides - Week 8 - Mātṛkā Satsaṅga,Sadhana School / Winter 2026 Sadhana School / Winter 2026 - NO SLIDES,,3:14:02,11642,2026-04-06,nobody,available,no,1080p,2.888,2.888,https://vimeo.com/1180539919,
1010747597,Ali Woozley for Matsyendrasaṃhitā Video Testimonials,Sadhana Testimonials,,0:03:03,183,2024-09-18,disable,available,no,1080p,0.087,0.087,https://vimeo.com/1010747597,
1010747459,Heather Carpenter for Matsyendrasaṃhitā Video Testimonials,Sadhana Testimonials,,0:06:18,378,2024-09-18,disable,available,no,1080p,0.189,0.189,https://vimeo.com/1010747459,
1010747311,Patricia Pinto for Matsyendrasaṃhitā Video Testimonials,Sadhana Testimonials,,0:04:46,286,2024-09-18,disable,available,no,1080p,0.133,0.133,https://vimeo.com/1010747311,
1010747198,Virginia for Matsyendrasaṃhitā Video Testimonials,Sadhana Testimonials,,0:04:35,275,2024-09-18,disable,available,no,1080p,0.176,0.176,https://vimeo.com/1010747198,
571265543,EPTV - Amy Edelstein_Living from Wholeness to Transform Our Fragmented World,SCC videos,,0:53:49,3229,2021-07-05,disable,available,no,1080p,0.386,0.386,https://vimeo.com/571265543,
571314376,EPTV - Jasmine Syedullah_The Freedom to Stay Fugitive,SCC videos,,0:39:51,2391,2021-07-05,disable,available,no,1080p,1.238,1.238,https://vimeo.com/571314376,
571375551,EPTV - Jeong-eun Rhee_Rememorying Our Connectivity toward Embodied Spiritual Citizenship,SCC videos,,0:39:19,2359,2021-07-05,disable,available,no,1080p,0.203,0.203,https://vimeo.com/571375551,
571378342,EPTV - Oneika Mays_Spiritual Activism is an Inside Job,SCC videos,,1:11:21,4281,2021-07-05,disable,available,no,1080p,0.95,0.95,https://vimeo.com/571378342,
571396486,EPTV – Amy Edelstein_Living from Wholeness to Transform Our Fragmented World,SCC videos,,0:53:48,3228,2021-07-05,disable,available,no,1080p,0.389,0.389,https://vimeo.com/571396486,
571326707,EPTV – Andrea Jain_Peace Love Yoga: The Politics of Global Spirituality,SCC videos,,0:33:33,2013,2021-07-05,disable,available,no,1080p,0.213,0.213,https://vimeo.com/571326707,
571296549,EPTV – Devora Neumark_Amplifying Presence in/for Climate & Environmental Justice,SCC videos,,0:52:52,3172,2021-07-05,disable,available,no,1080p,0.507,0.507,https://vimeo.com/571296549,
571303905,EPTV – Fred Luskin_The Art and Science of Forgiveness,SCC videos,,0:59:29,3569,2021-07-05,disable,available,no,1080p,0.66,0.66,https://vimeo.com/571303905,
571329449,EPTV – Leslie E. Sponsel_Spiritual Ecology: Exploring Four Elemental Questions,SCC videos,,1:02:24,3744,2021-07-05,disable,available,no,1080p,0.549,0.549,https://vimeo.com/571329449,
571280214,EPTV – Marie Cartier_The Significance and Sacrality of Lesbian Bars Pre and Post Stonewall,SCC videos,,0:57:48,3468,2021-07-05,disable,available,no,1080p,0.64,0.64,https://vimeo.com/571280214,
571099170,"EPTV – Marshall Kai Green_Kinship, Accountability, and Radical Loving",SCC videos,,1:06:02,3962,2021-07-05,disable,available,no,1080p,1.445,1.445,https://vimeo.com/571099170,
571273696,EPTV – Naya Jones_Being With: Reflecting on the Spiritual Activism of Gloria Anzaldúa and Audre Lorde,SCC videos,,0:56:10,3370,2021-07-05,anybody,available,no,1080p,0.501,0.501,https://vimeo.com/571273696,
571335564,EPTV – Neil Dalal_The Bhagavadgītā as Ecospiritual Practice,SCC videos,,1:02:20,3740,2021-07-05,disable,available,no,1080p,1.017,1.017,https://vimeo.com/571335564,
571390119,EPTV – Ramdas Lamb_Can and Should “My World” become “Our World?”,SCC videos,,0:45:54,2754,2021-07-05,disable,available,no,1080p,0.484,0.484,https://vimeo.com/571390119,
571387706,EPTV – Shreena Gandhi_Understanding the History of Yoga in the US,SCC videos,,0:44:26,2666,2021-07-05,disable,available,no,1080p,0.26,0.26,https://vimeo.com/571387706,
571288895,EPTV – Tomás Prower_Multicultural Queer Mythology,SCC videos,,1:04:01,3841,2021-07-05,disable,available,no,1080p,0.606,0.606,https://vimeo.com/571288895,
571346649,EPTV-Francesca Maximé_Cultivating Fierce Compassion: Using Mindfulness to  Become an Embodied Antiracist,SCC videos,,0:57:11,3431,2021-07-05,anybody,available,no,1080p,1.288,1.288,https://vimeo.com/571346649,
571399953,SCC-Devora Neumark.m4v,SCC videos,,0:59:16,3556,2021-07-05,disable,available,no,1080p,0.635,0.635,https://vimeo.com/571399953,
571405952,SCC-Marie Cartier.m4v,SCC videos,,1:03:45,3825,2021-07-05,disable,available,no,1080p,0.751,0.751,https://vimeo.com/571405952,
571425945,SCC-Naya Jones.m4v,SCC videos,,1:02:33,3753,2021-07-05,disable,available,no,1080p,0.612,0.612,https://vimeo.com/571425945,
571412323,SCC-Tomás Prower.m4v,SCC videos,,1:09:23,4163,2021-07-05,disable,available,no,1080p,0.694,0.694,https://vimeo.com/571412323,
571481171,SCC- Marshall Kai Green.m4v,SCC videos,,1:12:17,4337,2021-07-06,disable,available,no,1080p,1.549,1.549,https://vimeo.com/571481171,
571475000,SCC-Amy Edelstein.m4v,SCC videos,,0:59:47,3587,2021-07-06,disable,available,no,1080p,0.489,0.489,https://vimeo.com/571475000,
571511413,SCC-Andrea Jain.m4v,SCC videos,,0:39:26,2366,2021-07-06,disable,available,no,1080p,0.31,0.31,https://vimeo.com/571511413,
571451601,SCC-Francesca Maximé .m4v,SCC videos,,1:03:01,3781,2021-07-06,disable,available,no,1080p,1.395,1.395,https://vimeo.com/571451601,
571492528,SCC-Fred Luskin.m4v,SCC videos,,1:05:53,3953,2021-07-06,disable,available,no,1080p,0.772,0.772,https://vimeo.com/571492528,
571496715,SCC-Jasmine Syedullah .m4v,SCC videos,,0:45:22,2722,2021-07-06,disable,available,no,1080p,1.336,1.336,https://vimeo.com/571496715,
571473008,SCC-Jeong-eun Rhee.m4v,SCC videos,,0:45:48,2748,2021-07-06,disable,available,no,1080p,0.318,0.318,https://vimeo.com/571473008,
571433998,SCC-Leslie E. Sponsel.m4v,SCC videos,,1:08:12,4092,2021-07-06,anybody,available,no,1080p,0.649,0.649,https://vimeo.com/571433998,
571439206,SCC-Neil Dalal.m4v,SCC videos,,1:08:23,4103,2021-07-06,disable,available,no,1080p,1.126,1.126,https://vimeo.com/571439206,
571714697,SCC-Oneika Mays.m4v,SCC videos,,1:17:26,4646,2021-07-06,disable,available,no,1080p,1.053,1.053,https://vimeo.com/571714697,
571657418,SCC-Ramdas Lamb.m4v,SCC videos,,0:51:36,3096,2021-07-06,disable,available,no,1080p,0.576,0.576,https://vimeo.com/571657418,
571511011,SCC-Shreena Gandhi.m4v,SCC videos,,0:49:51,2991,2021-07-06,disable,available,no,1080p,0.346,0.346,https://vimeo.com/571511011,
575146116,EPTV-Panel1-SpiritualActivism.m4v,SCC videos,,1:21:11,4871,2021-07-14,disable,available,no,1080p,1.737,1.737,https://vimeo.com/575146116,
575597525,EPTV-panel2- Appropriation.m4v,SCC videos,,1:37:13,5833,2021-07-15,disable,available,no,1080p,1.625,1.625,https://vimeo.com/575597525,
576259069,EPTV-Greta Gaard.m4v,SCC videos,,1:03:02,3782,2021-07-17,unlisted,available,no,1080p,0.863,0.863,https://vimeo.com/576259069,
576030213,EPTV-panel3_RacialJustice&Healing.m4v,SCC videos,,2:00:59,7259,2021-07-17,disable,available,no,1080p,2.097,2.097,https://vimeo.com/576030213,
576476733,EPTV-H. “Herukhuti” Sharif Williams .m4v,SCC videos,,1:24:44,5084,2021-07-18,disable,available,no,1080p,1.948,1.948,https://vimeo.com/576476733,
576510620,EPTV-Jeff Hood.m4v,SCC videos,,0:56:55,3415,2021-07-18,disable,available,no,1080p,1.267,1.267,https://vimeo.com/576510620,
576332192,EPTV-panel4-Eco-spirituality.m4v,SCC videos,,1:43:52,6232,2021-07-18,disable,available,no,1080p,1.965,1.965,https://vimeo.com/576332192,
383579207,MindBody Seminar - MHP,SEMINARS,,2:00:16,7216,2020-01-08,unlisted,available,no,540p,0.982,0.0,https://vimeo.com/383579207,
393038639,Free MindBody Seminar - IFS with Jay Earley (movavi),SEMINARS,,1:25:50,5150,2020-02-21,nobody,available,no,540p,0.381,0.0,https://vimeo.com/393038639,
393044485,MindBody Seminar - IFS with Jay Earley (movavi),SEMINARS,,1:18:08,4688,2020-02-21,nobody,available,no,540p,0.335,0.0,https://vimeo.com/393044485,
393332562,Free Yoga Seminar - Shamans & Siddhas,SEMINARS,,1:31:24,5484,2020-02-23,nobody,available,no,540p,0.57,0.0,https://vimeo.com/393332562,
393346856,Yoga Seminar - Shamans and Siddhas (movavi),SEMINARS,,1:23:02,4982,2020-02-24,nobody,available,no,540p,0.507,0.0,https://vimeo.com/393346856,
395092150,ARA - WS - MindBody Seminar - Healing Ground (movavi),SEMINARS,,1:23:48,5028,2020-03-03,nobody,available,no,1080p,1.622,1.622,https://vimeo.com/395092150,
395269319,Free MindBody Seminar - Healing Ground,SEMINARS,,1:27:34,5254,2020-03-03,nobody,available,no,540p,0.725,0.0,https://vimeo.com/395269319,
402959173,Yoga Seminar - OM with Mary (video lg),SEMINARS,,1:25:34,5134,2020-04-01,nobody,available,no,540p,0.444,0.0,https://vimeo.com/402959173,
404873387,MB Seminar - Trauma April 2020 (product lg),SEMINARS,,1:27:54,5274,2020-04-07,nobody,available,no,540p,0.286,0.0,https://vimeo.com/404873387,
404868357,MB Seminar Free - Trauma April 2020,SEMINARS,,1:32:50,5570,2020-04-07,nobody,available,no,540p,0.321,0.0,https://vimeo.com/404868357,
505259778,Mindbody_Nondual_Realization_Video,SEMINARS,,1:30:53,5453,2021-01-27,disable,available,no,540p,0.545,0.0,https://vimeo.com/505259778,
995783147,WS - Shiva Sutras - Session 1 (with Slides),Shiva Sutras 2024,,2:07:11,7631,2024-08-07,nobody,available,no,1080p,0.926,0.926,https://vimeo.com/995783147,
995814485,Śiva Sūtras - Session 1 (just Video),Shiva Sutras 2024,,2:34:19,9259,2024-08-07,nobody,available,no,1080p,1.632,1.632,https://vimeo.com/995814485,
996394587,Śiva Sūtras - Session 2 Edited,Shiva Sutras 2024,,1:40:56,6056,2024-08-08,nobody,available,no,1080p,0.691,0.691,https://vimeo.com/996394587,
996389907,Śiva Sūtras - Session 2 Avo,Shiva Sutras 2024,,0:00:00,0,2024-08-08,nobody,uploading,no,none,0.0,0.0,https://vimeo.com/996389907,
996390414,Śiva Sūtras - Session 2 Zoom,Shiva Sutras 2024,,2:06:26,7586,2024-08-08,nobody,available,no,1080p,0.864,0.864,https://vimeo.com/996390414,
998395943,Śiva Sūtras - Session 3 Avo,Shiva Sutras 2024,,1:45:01,6301,2024-08-13,nobody,available,no,1080p,1.592,1.592,https://vimeo.com/998395943,
998436345,Śiva Sūtras - Session 3 Edited,Shiva Sutras 2024,,2:01:06,7266,2024-08-13,nobody,available,no,1080p,0.896,0.896,https://vimeo.com/998436345,
998406633,Śiva Sūtras - Session 3 Part 2 Avo,Shiva Sutras 2024,,0:40:02,2402,2024-08-13,nobody,available,no,1080p,0.7,0.7,https://vimeo.com/998406633,
998406897,Śiva Sūtras - Session 3 Part 2 Zoom,Shiva Sutras 2024,,0:40:02,2402,2024-08-13,nobody,available,no,1080p,0.426,0.426,https://vimeo.com/998406897,
998396473,Śiva Sūtras - Session 3 Zoom,Shiva Sutras 2024,,1:45:01,6301,2024-08-13,nobody,available,no,1080p,0.678,0.678,https://vimeo.com/998396473,
999231637,Śiva Sūtras - Session 3 Avo,Shiva Sutras 2024,,2:14:23,8063,2024-08-15,nobody,available,no,1080p,2.259,2.259,https://vimeo.com/999231637,
999232573,Śiva Sūtras - Session 3 Part 2 Avo,Shiva Sutras 2024,,0:18:52,1132,2024-08-15,nobody,available,no,720p,0.179,0.0,https://vimeo.com/999232573,
999260022,Śiva Sūtras - Session 4 Edited,Shiva Sutras 2024,,2:16:38,8198,2024-08-15,nobody,available,no,1080p,1.168,1.168,https://vimeo.com/999260022,
999231427,Śiva Sūtras - Session 4 Zoom,Shiva Sutras 2024,,2:14:23,8063,2024-08-15,nobody,available,no,1080p,1.027,1.027,https://vimeo.com/999231427,
1004522784,WS - Shiva Sutras - Session 1,Shiva Sutras 2024,,2:07:11,7631,2024-08-30,nobody,available,no,1080p,0.926,0.926,https://vimeo.com/1004522784,
1004460729,WS - Shiva Sutras - Session 1,Shiva Sutras 2024,,0:00:00,0,2024-08-30,nobody,uploading,no,none,0.0,0.0,https://vimeo.com/1004460729,
952488779,How to Decode Ancient Wisdom Module 3_16x9_v1,SLO - Decoding Ancient Texts,,0:17:13,1033,2024-05-31,disable,available,no,1080p,0.537,0.537,https://vimeo.com/952488779,
952476501,How to Decode Ancient Wisdom Module 3_16x9_v1,SLO - Decoding Ancient Texts,,0:17:13,1033,2024-05-31,disable,available,no,1080p,0.537,0.537,https://vimeo.com/952476501,
952487904,How to Decode Ancient Wisdom Module 4_16x9_v1,SLO - Decoding Ancient Texts,,0:08:23,503,2024-05-31,disable,available,no,1080p,0.261,0.261,https://vimeo.com/952487904,
952475558,How to Decode Ancient Wisdom Module 4_16x9_v1,SLO - Decoding Ancient Texts,,0:08:23,503,2024-05-31,disable,available,no,1080p,0.261,0.261,https://vimeo.com/952475558,
952486769,How to Decode Ancient Wisdom Module 5_16x9_v1,SLO - Decoding Ancient Texts,,0:10:41,641,2024-05-31,disable,available,no,1080p,0.327,0.327,https://vimeo.com/952486769,
952474189,How to Decode Ancient Wisdom Module 5_16x9_v1,SLO - Decoding Ancient Texts,,0:10:41,641,2024-05-31,disable,available,no,1080p,0.327,0.327,https://vimeo.com/952474189,
952455073,How to Decode Ancient Wisdom Outro_16x9_v1,SLO - Decoding Ancient Texts,,0:04:52,292,2024-05-31,disable,available,no,1080p,0.151,0.151,https://vimeo.com/952455073,
952591079,How to Decode Ancient Wisdom Module 1_16x9_v1,SLO - Decoding Ancient Texts,,0:07:01,421,2024-06-01,disable,available,no,1080p,0.224,0.224,https://vimeo.com/952591079,
952589948,How to Decode Ancient Wisdom Module 2_16x9_v1,SLO - Decoding Ancient Texts,,0:13:36,816,2024-06-01,disable,available,no,1080p,0.432,0.432,https://vimeo.com/952589948,
952480990,Interview Answer 1_16x9_v1,SLO - Decoding Ancient Texts / Promo Interview Vids,,0:03:25,205,2024-05-31,nobody,available,no,1080p,0.105,0.105,https://vimeo.com/952480990,
952480833,Interview Answer 2_16x9_v1,SLO - Decoding Ancient Texts / Promo Interview Vids,,0:01:11,71,2024-05-31,nobody,available,no,1080p,0.035,0.035,https://vimeo.com/952480833,
952480722,Interview Answer 3_16x9_v1,SLO - Decoding Ancient Texts / Promo Interview Vids,,0:00:52,52,2024-05-31,nobody,available,no,1080p,0.028,0.028,https://vimeo.com/952480722,
952480627,Interview Answer 4_16x9_v1,SLO - Decoding Ancient Texts / Promo Interview Vids,,0:00:49,49,2024-05-31,nobody,available,no,1080p,0.026,0.026,https://vimeo.com/952480627,
952481755,Interview Answer 5_16x9_v1,SLO - Decoding Ancient Texts / Promo Interview Vids,,0:01:39,99,2024-05-31,nobody,available,no,1080p,0.052,0.052,https://vimeo.com/952481755,
952479603,Interview Answer 5_16x9_v1,SLO - Decoding Ancient Texts / Promo Interview Vids,,0:01:39,99,2024-05-31,nobody,available,no,1080p,0.052,0.052,https://vimeo.com/952479603,
952472514,Interview Answer 6_16x9_v1,SLO - Decoding Ancient Texts / Promo Interview Vids,,0:01:30,90,2024-05-31,nobody,available,no,1080p,0.047,0.047,https://vimeo.com/952472514,
952472157,Interview Answer 7_16x9_v1,SLO - Decoding Ancient Texts / Promo Interview Vids,,0:02:09,129,2024-05-31,nobody,available,no,1080p,0.069,0.069,https://vimeo.com/952472157,
952471885,Interview Answer 8_16x9_v1,SLO - Decoding Ancient Texts / Promo Interview Vids,,0:01:58,118,2024-05-31,nobody,available,no,1080p,0.061,0.061,https://vimeo.com/952471885,
961548914,Interview Answer 4_16x9_v1 (Copy),SLO - Decoding Ancient Texts / Promo Interview Vids,,0:00:55,55,2024-06-18,disable,available,no,1080p,0.025,0.025,https://vimeo.com/961548914,
877759147,NEIL - Module 7,SLO - Past Courses Edited / Neil Dalal Course,,0:00:00,0,2023-10-25,nobody,uploading,no,none,0.0,0.0,https://vimeo.com/877759147,
875766417,Demystifying Yoga Clip,SLO Clips for LPs,,0:01:12,72,2023-10-18,disable,available,no,1080p,0.034,0.034,https://vimeo.com/875766417,
876021486,Metta wihtout Dogma Clip,SLO Clips for LPs,,0:01:32,92,2023-10-19,disable,available,no,1080p,0.039,0.039,https://vimeo.com/876021486,
876499106,"Med, Mind, Indian Phil Teaser",SLO Clips for LPs,,0:01:07,67,2023-10-20,disable,available,no,1080p,0.018,0.018,https://vimeo.com/876499106,
878275085,"med,_mind,_indian_phil_teaser (1080p) (Captioned by Zubtitle) (1)",SLO Clips for LPs,,0:01:07,67,2023-10-26,nobody,available,no,1080p,0.018,0.018,https://vimeo.com/878275085,
937789994,C0046,SLO NEW COURSES / Hari-kirtana das,,0:10:07,607,2024-04-22,nobody,available,no,1080p,0.362,0.362,https://vimeo.com/937789994,
937837998,C0047,SLO NEW COURSES / Hari-kirtana das,,0:09:53,593,2024-04-22,nobody,available,no,1080p,0.339,0.339,https://vimeo.com/937837998,
937938514,C0048,SLO NEW COURSES / Hari-kirtana das,,0:10:49,649,2024-04-22,nobody,available,no,1080p,0.365,0.365,https://vimeo.com/937938514,
938269846,C0049,SLO NEW COURSES / Hari-kirtana das,,0:06:20,380,2024-04-23,nobody,available,no,1080p,0.211,0.211,https://vimeo.com/938269846,
938311435,C0050,SLO NEW COURSES / Hari-kirtana das,,0:09:27,567,2024-04-23,nobody,available,no,1080p,0.307,0.307,https://vimeo.com/938311435,
938457914,C0052,SLO NEW COURSES / Hari-kirtana das,,0:10:32,632,2024-04-24,nobody,available,no,1080p,0.336,0.336,https://vimeo.com/938457914,
938744276,C0053,SLO NEW COURSES / Hari-kirtana das,,0:09:57,597,2024-04-24,nobody,available,no,1080p,0.326,0.326,https://vimeo.com/938744276,
938810822,C0054,SLO NEW COURSES / Hari-kirtana das,,0:10:49,649,2024-04-24,nobody,available,no,1080p,0.357,0.357,https://vimeo.com/938810822,
939142418,C0055,SLO NEW COURSES / Hari-kirtana das,,0:01:20,80,2024-04-25,nobody,available,no,1080p,0.045,0.045,https://vimeo.com/939142418,
939151900,C0056,SLO NEW COURSES / Hari-kirtana das,,0:05:21,321,2024-04-25,nobody,available,no,1080p,0.178,0.178,https://vimeo.com/939151900,
942419457,C0022,SLO NEW COURSES / Hari-kirtana das,,0:05:37,337,2024-05-03,nobody,available,no,2160p,1.037,0.221,https://vimeo.com/942419457,
942360975,C0051,SLO NEW COURSES / Hari-kirtana das,,0:10:49,649,2024-05-03,nobody,available,no,1080p,0.35,0.35,https://vimeo.com/942360975,
942375435,C0057,SLO NEW COURSES / Hari-kirtana das,,0:10:49,649,2024-05-03,nobody,available,no,1080p,0.363,0.363,https://vimeo.com/942375435,
942383270,C0058,SLO NEW COURSES / Hari-kirtana das,,0:10:48,648,2024-05-03,nobody,available,no,1080p,0.359,0.359,https://vimeo.com/942383270,
942393121,C0059,SLO NEW COURSES / Hari-kirtana das,,0:00:54,54,2024-05-03,nobody,available,no,1080p,0.031,0.031,https://vimeo.com/942393121,
942537064,C0023,SLO NEW COURSES / Hari-kirtana das,,0:04:29,269,2024-05-04,nobody,available,no,2160p,0.827,0.176,https://vimeo.com/942537064,
942699175,C0024,SLO NEW COURSES / Hari-kirtana das,,0:05:37,337,2024-05-04,nobody,available,no,2160p,1.038,0.223,https://vimeo.com/942699175,
942705007,C0025,SLO NEW COURSES / Hari-kirtana das,,0:04:17,257,2024-05-04,nobody,available,no,2160p,0.791,0.166,https://vimeo.com/942705007,
942707024,C0026,SLO NEW COURSES / Hari-kirtana das,,0:05:37,337,2024-05-04,nobody,available,no,2160p,1.037,0.226,https://vimeo.com/942707024,
942712386,C0027,SLO NEW COURSES / Hari-kirtana das,,0:05:39,339,2024-05-04,nobody,available,no,2160p,1.043,0.223,https://vimeo.com/942712386,
942940160,C0028,SLO NEW COURSES / Hari-kirtana das,,0:05:22,322,2024-05-05,nobody,available,no,2160p,0.991,0.211,https://vimeo.com/942940160,
942943647,C0029,SLO NEW COURSES / Hari-kirtana das,,0:05:37,337,2024-05-05,nobody,available,no,2160p,1.038,0.22,https://vimeo.com/942943647,
943173648,C0030,SLO NEW COURSES / Hari-kirtana das,,0:03:54,234,2024-05-06,nobody,available,no,2160p,0.72,0.146,https://vimeo.com/943173648,
943177582,C0031,SLO NEW COURSES / Hari-kirtana das,,0:05:37,337,2024-05-06,nobody,available,no,2160p,1.037,0.221,https://vimeo.com/943177582,
943183481,C0032,SLO NEW COURSES / Hari-kirtana das,,0:05:39,339,2024-05-06,nobody,available,no,2160p,1.042,0.215,https://vimeo.com/943183481,
943189333,C0033,SLO NEW COURSES / Hari-kirtana das,,0:05:39,339,2024-05-06,nobody,available,no,2160p,1.043,0.221,https://vimeo.com/943189333,
943195225,C0034,SLO NEW COURSES / Hari-kirtana das,,0:04:23,263,2024-05-06,nobody,available,no,2160p,0.809,0.165,https://vimeo.com/943195225,
943200035,C0035,SLO NEW COURSES / Hari-kirtana das,,0:05:37,337,2024-05-06,nobody,available,no,2160p,1.037,0.219,https://vimeo.com/943200035,
943206449,C0036,SLO NEW COURSES / Hari-kirtana das,,0:04:24,264,2024-05-06,nobody,available,no,2160p,0.812,0.172,https://vimeo.com/943206449,
943404038,C0037,SLO NEW COURSES / Hari-kirtana das,,0:05:37,337,2024-05-06,nobody,available,no,2160p,1.036,0.209,https://vimeo.com/943404038,
943418400,C0038,SLO NEW COURSES / Hari-kirtana das,,0:05:39,339,2024-05-06,nobody,available,no,2160p,1.043,0.217,https://vimeo.com/943418400,
943425356,C0039,SLO NEW COURSES / Hari-kirtana das,,0:00:57,57,2024-05-06,nobody,available,no,2160p,0.178,0.038,https://vimeo.com/943425356,
943426484,C0040,SLO NEW COURSES / Hari-kirtana das,,0:05:21,321,2024-05-06,nobody,available,no,2160p,0.988,0.201,https://vimeo.com/943426484,
943432647,C0041,SLO NEW COURSES / Hari-kirtana das,,0:05:37,337,2024-05-06,nobody,available,no,2160p,1.037,0.207,https://vimeo.com/943432647,
943445903,C0042,SLO NEW COURSES / Hari-kirtana das,,0:05:39,339,2024-05-06,nobody,available,no,2160p,1.043,0.208,https://vimeo.com/943445903,
943459099,C0043,SLO NEW COURSES / Hari-kirtana das,,0:05:39,339,2024-05-07,nobody,available,no,2160p,1.043,0.213,https://vimeo.com/943459099,
943463261,C0044,SLO NEW COURSES / Hari-kirtana das,,0:05:29,329,2024-05-07,nobody,available,no,2160p,1.011,0.215,https://vimeo.com/943463261,
630387213,Oct social meeeting,Social Meetings,,0:55:59,3359,2021-10-12,disable,available,no,540p,0.434,0.0,https://vimeo.com/630387213,
1176740922,A_Panel_Discussion_Eco-Spirituality,Spiritual activism,,1:43:52,6232,2026-03-24,nobody,available,no,1080p,1.827,1.827,https://vimeo.com/1176740922,
1176741341,A_Panel_Discussion_Globalization_Appropriation_Day_3,Spiritual activism,,1:37:13,5833,2026-03-24,nobody,available,no,1080p,1.516,1.516,https://vimeo.com/1176741341,
1176741737,A_Panel_Discussion_Racial_Justice_Healing_Day_4,Spiritual activism,,2:00:59,7259,2026-03-24,nobody,available,no,1080p,1.951,1.951,https://vimeo.com/1176741737,
1176742171,A_Panel_Discussion_What_is_Spiritual_Activism_Day_2,Spiritual activism,,1:21:11,4871,2026-03-24,nobody,available,no,1080p,1.616,1.616,https://vimeo.com/1176742171,
1176742713,Amplifying_Presence_in_for_Climate_Environmental_Justice,Spiritual activism,,0:52:52,3172,2026-03-24,nobody,available,no,1080p,0.472,0.472,https://vimeo.com/1176742713,
1176742872,Being_With_Reflecting_on_the_Spiritual_Activism,Spiritual activism,,0:56:10,3370,2026-03-24,nobody,available,no,1080p,0.493,0.493,https://vimeo.com/1176742872,
1176742986,Can_and_Should_My_World_become_Our_World,Spiritual activism,,0:45:54,2754,2026-03-24,nobody,available,no,1080p,0.44,0.44,https://vimeo.com/1176742986,
1176743097,Cornel_West_on_What_it_Means_to_be_a_Spiritually-Informed_Citizen,Spiritual activism,,1:15:10,4510,2026-03-24,nobody,available,no,1080p,2.116,2.116,https://vimeo.com/1176743097,
1176743538,Kinship_Accountability_and_Radical_Loving,Spiritual activism,,1:06:02,3962,2026-03-24,nobody,available,no,1080p,1.34,1.34,https://vimeo.com/1176743538,
1176743917,Living_from_Wholeness_to_Transform_Our_Fragmented_World,Spiritual activism,,0:53:49,3229,2026-03-24,nobody,available,no,1080p,0.36,0.36,https://vimeo.com/1176743917,
1176744048,Multicultural_Queer_Mythology,Spiritual activism,,1:04:01,3841,2026-03-24,nobody,available,no,1080p,0.58,0.58,https://vimeo.com/1176744048,
1176744208,Peace_Love_Yoga_The_Politics_of_Global_Spirituality,Spiritual activism,,0:33:33,2013,2026-03-24,nobody,available,no,1080p,0.2,0.2,https://vimeo.com/1176744208,
1176744282,Rememorying_Our_Connectivity_Toward_Embodied_Spiritual_Citizenship,Spiritual activism,,0:39:19,2359,2026-03-24,nobody,available,no,1080p,0.183,0.183,https://vimeo.com/1176744282,
1176744340,Sacred_Activism_and_Radical_Regeneration,Spiritual activism,,1:01:26,3686,2026-03-24,nobody,available,no,1080p,1.264,1.264,https://vimeo.com/1176744340,
1176744637,Spiritual_Activism_is_an_Inside_Job,Spiritual activism,,1:11:21,4281,2026-03-24,nobody,available,no,1080p,0.918,0.918,https://vimeo.com/1176744637,
1176744847,Spiritual_Ecology_Exploring_Four_Elemental_Questions,Spiritual activism,,1:02:24,3744,2026-03-24,nobody,available,no,1080p,0.518,0.518,https://vimeo.com/1176744847,
1176744963,The_Art_and_Science_of_Forgiveness,Spiritual activism,,0:59:29,3569,2026-03-24,nobody,available,no,1080p,0.604,0.604,https://vimeo.com/1176744963,
1176745347,The_Bhagavadgita_as_Ecospiritual_Practice,Spiritual activism,,1:02:20,3740,2026-03-24,nobody,available,no,1080p,0.955,0.955,https://vimeo.com/1176745347,
1176745695,The_Courage_to_Be_Queer,Spiritual activism,,0:56:55,3415,2026-03-24,nobody,available,no,1080p,1.197,1.197,https://vimeo.com/1176745695,
1176746132,The_Significance_and_Sacrality_of_Lesbian_Bars_Pre_and_Post_Stonewall,Spiritual activism,,0:57:48,3468,2026-03-24,nobody,available,no,1080p,0.598,0.598,https://vimeo.com/1176746132,
1176746353,Understanding_the_History_of_Yoga_in_the_US,Spiritual activism,,0:44:26,2666,2026-03-24,nobody,available,no,1080p,0.235,0.235,https://vimeo.com/1176746353,
1178629365,A_Panel_Discussion_Queerness_Gender_Sexuality_Day_6,Spiritual activism,,1:38:48,5928,2026-03-30,nobody,available,no,360p,0.551,0.0,https://vimeo.com/1178629365,
917667702,The Art of Breathing - Module 1,The Art of Breathing 2024 Tweaks,,1:47:05,6425,2024-02-28,nobody,available,no,720p,0.529,0.0,https://vimeo.com/917667702,
917669455,The Art of Breathing - Module 2,The Art of Breathing 2024 Tweaks,,1:57:53,7073,2024-02-28,nobody,available,no,720p,0.609,0.0,https://vimeo.com/917669455,
917671818,The Art of Breathing - Module 3,The Art of Breathing 2024 Tweaks,,1:57:30,7050,2024-02-28,nobody,available,no,720p,0.527,0.0,https://vimeo.com/917671818,
917673696,The Art of Breathing - Module 4,The Art of Breathing 2024 Tweaks,,1:56:02,6962,2024-02-28,nobody,available,no,720p,0.585,0.0,https://vimeo.com/917673696,
1182397134,A_Bhakti_Song_and_the_Making_of_a_Mahatma,Videos from uscreen,,0:55:47,3347,2026-04-12,nobody,available,no,720p,0.283,0.0,https://vimeo.com/1182397134,
1182400876,A_Love_Supreme,Videos from uscreen,,1:34:07,5647,2026-04-12,nobody,available,no,720p,0.439,0.0,https://vimeo.com/1182400876,
1182382348,A_Maturing_Wisdom_The_Women_of_Modern_Global_Yoga,Videos from uscreen,,0:38:58,2338,2026-04-12,nobody,available,no,720p,0.208,0.0,https://vimeo.com/1182382348,
1182391682,Authenticity_Transformations_in_Yoga_Traditions,Videos from uscreen,,0:58:32,3512,2026-04-12,nobody,available,no,720p,0.681,0.0,https://vimeo.com/1182391682,
1182394388,Co-Regulation_in_Crisis,Videos from uscreen,,1:37:35,5855,2026-04-12,nobody,available,no,720p,0.904,0.0,https://vimeo.com/1182394388,
1182379571,Connecting_Spiritual_Formation_With_Racial_Identity,Videos from uscreen,,1:30:07,5407,2026-04-12,nobody,available,no,720p,0.684,0.0,https://vimeo.com/1182379571,
1182397391,From_Ownership_to_Belonging_Ecopsychological_Models,Videos from uscreen,,0:59:56,3596,2026-04-12,nobody,available,no,540p,0.728,0.0,https://vimeo.com/1182397391,
1182384276,Green_Buddhism_Practice_and_Compassionate_Action,Videos from uscreen,,1:25:33,5133,2026-04-12,nobody,available,no,540p,0.395,0.0,https://vimeo.com/1182384276,
1182383016,Healing_the_Heart_of_Humanity_Returning_to_Being,Videos from uscreen,,1:29:04,5344,2026-04-12,nobody,available,no,720p,0.819,0.0,https://vimeo.com/1182383016,
1182384998,Intimacy_in_End_of_Life_Care,Videos from uscreen,,0:41:00,2460,2026-04-12,nobody,available,no,720p,0.532,0.0,https://vimeo.com/1182384998,
1182398667,Inversions_Awaken_New_Perspectives,Videos from uscreen,,0:48:28,2908,2026-04-12,nobody,available,no,1080p,1.551,1.551,https://vimeo.com/1182398667,
1182396473,Lila_Atma_Bhakti_and_Bhagavan,Videos from uscreen,,1:20:47,4847,2026-04-12,nobody,available,no,720p,0.654,0.0,https://vimeo.com/1182396473,
1182385916,Organic_Intelligence_A_Paradigm_Shift,Videos from uscreen,,0:28:44,1724,2026-04-12,nobody,available,no,720p,0.349,0.0,https://vimeo.com/1182385916,
1182398040,Psycheology_Psychedelics_and_the_Study_of_the_Soul,Videos from uscreen,,1:34:01,5641,2026-04-12,nobody,available,no,540p,0.716,0.0,https://vimeo.com/1182398040,
1182392831,Queering_the_EcoDharma_from_Desire_to_Devotion,Videos from uscreen,,1:03:02,3782,2026-04-12,nobody,available,no,1080p,0.81,0.81,https://vimeo.com/1182392831,
1182400430,Secret_Messages_of_Divine_Love (1),Videos from uscreen,,1:25:10,5110,2026-04-12,nobody,available,no,720p,0.451,0.0,https://vimeo.com/1182400430,
1182395883,Wells_of_Nectar_Pools_of_Life,Videos from uscreen,,1:25:23,5123,2026-04-12,nobody,available,no,720p,0.657,0.0,https://vimeo.com/1182395883,
868429094,Channel information from the field of intelligence,Visionary Experience LP,,0:00:24,24,2023-09-26,disable,available,no,1080p,0.01,0.01,https://vimeo.com/868429094,
868429126,Organize experiences beyond the ordinary,Visionary Experience LP,,0:00:26,26,2023-09-26,disable,available,no,1080p,0.01,0.01,https://vimeo.com/868429126,
868429156,Solve everyday problems using altered states,Visionary Experience LP,,0:00:52,52,2023-09-26,disable,available,no,1080p,0.021,0.021,https://vimeo.com/868429156,
1153021115,"The Call to Depth: ""Something in me has stirred..."" (January Lecture)",Wisdom School 2026 - Pilgrimage,,1:30:57,5457,2026-01-09,nobody,available,no,1080p,0.966,0.966,https://vimeo.com/1153021115,
1162623024,"Refusal and Resistance Surely not me, not this, not now... (February Lecture)",Wisdom School 2026 - Pilgrimage,,1:30:27,5427,2026-02-06,nobody,available,no,1080p,0.953,0.953,https://vimeo.com/1162623024,
1170964173,Crossing the Threshold - There’s no turning back now... (March Lecture),Wisdom School 2026 - Pilgrimage,,1:29:43,5383,2026-03-06,nobody,available,no,1080p,0.773,0.773,https://vimeo.com/1170964173,
1181278961,Sacred Companions and Guides - You don't walk alone...,Wisdom School 2026 - Pilgrimage,,1:03:03,3783,2026-04-08,nobody,available,no,1080p,0.399,0.399,https://vimeo.com/1181278961,
1189610636,The Descent into the Shadow: “To know light is to experience darkness.” (May Lecture),Wisdom School 2026 - Pilgrimage,,1:30:41,5441,2026-05-06,unlisted,available,no,1080p,0.729,0.729,https://vimeo.com/1189610636,
1198231701,Sacrifice and Letting Go: “What must die for me to live?” (June Lecture),Wisdom School 2026 - Pilgrimage,,1:33:57,5637,2026-06-03,nobody,available,no,1080p,0.51,0.51,https://vimeo.com/1198231701,
1213701032,Revelation: “Everything I thought I knew is dissolving.” (July Lecture),Wisdom School 2026 - Pilgrimage,,1:51:11,6671,2026-07-28,nobody,available,no,1080p,1.404,1.404,https://vimeo.com/1213701032,
1215937067,"Trials of Integration - ""The Nothing"" (August Lecture)",Wisdom School 2026 - Pilgrimage,,1:52:20,6740,2026-08-05,nobody,available,no,1080p,1.163,1.163,https://vimeo.com/1215937067,
1223532655,Tantric Buddhism: Inner and Outer Pilgrimage (September Lecture),Wisdom School 2026 - Pilgrimage,,1:28:05,5285,2026-09-03,nobody,available,no,1080p,0.756,0.756,https://vimeo.com/1223532655,
1182759393,Book Club: The Hero with a Thousand Faces,Wisdom School 2026 - Pilgrimage / Book Club Meet-Ups,,1:00:04,3604,2026-04-13,nobody,available,no,1080p,0.387,0.387,https://vimeo.com/1182759393,
1216673950,Book Club: Pilgrimage: Past and Present in the World Religions,Wisdom School 2026 - Pilgrimage / Book Club Meet-Ups,,1:12:57,4377,2026-08-08,nobody,available,no,1080p,1.443,1.443,https://vimeo.com/1216673950,
1183959373,Module 1: Mystical Roots of Philosophia & Science Mode of Knowing,Wisdom School 2026 - Pilgrimage / Hellenism Learning Pathway,,2:16:49,8209,2026-04-17,nobody,available,no,1080p,2.066,2.066,https://vimeo.com/1183959373,
1185951228,Module 2: Awakening the Philosophical Mind,Wisdom School 2026 - Pilgrimage / Hellenism Learning Pathway,,2:34:09,9249,2026-04-23,unlisted,available,no,1080p,2.098,2.098,https://vimeo.com/1185951228,
1188136367,Module 3: The Oracle Within,Wisdom School 2026 - Pilgrimage / Hellenism Learning Pathway,,2:18:56,8336,2026-04-30,unlisted,available,no,1080p,1.647,1.647,https://vimeo.com/1188136367,
1189458687,Module 4: Embodiment & Arete,Wisdom School 2026 - Pilgrimage / Hellenism Learning Pathway,,2:36:23,9383,2026-05-05,nobody,available,no,1080p,2.028,2.028,https://vimeo.com/1189458687,
1156694262,January 19 Meditation,Wisdom School 2026 - Pilgrimage / Meditation Mondays,,0:55:52,3352,2026-01-21,nobody,available,no,1080p,0.9,0.9,https://vimeo.com/1156694262,
1162619628,February 2 Meditation,Wisdom School 2026 - Pilgrimage / Meditation Mondays,,0:59:57,3597,2026-02-06,nobody,available,no,1080p,0.728,0.728,https://vimeo.com/1162619628,
1162621020,January 26 Meditation,Wisdom School 2026 - Pilgrimage / Meditation Mondays,,0:49:03,2943,2026-02-06,nobody,available,no,1080p,0.776,0.776,https://vimeo.com/1162621020,
1163468205,February 9 Meditation,Wisdom School 2026 - Pilgrimage / Meditation Mondays,,0:56:55,3415,2026-02-10,nobody,available,no,1080p,0.767,0.767,https://vimeo.com/1163468205,
1165839517,February 16 Meditation,Wisdom School 2026 - Pilgrimage / Meditation Mondays,,0:59:31,3571,2026-02-17,nobody,available,no,1080p,0.784,0.784,https://vimeo.com/1165839517,
1167507500,February 23 Meditation,Wisdom School 2026 - Pilgrimage / Meditation Mondays,,0:52:27,3147,2026-02-23,nobody,available,no,1080p,0.879,0.879,https://vimeo.com/1167507500,
1171940795,March 9 Meditation,Wisdom School 2026 - Pilgrimage / Meditation Mondays,,0:55:38,3338,2026-03-09,nobody,available,no,1080p,0.814,0.814,https://vimeo.com/1171940795,
1174212330,March 16 Meditation,Wisdom School 2026 - Pilgrimage / Meditation Mondays,,1:02:35,3755,2026-03-17,nobody,available,no,1080p,0.99,0.99,https://vimeo.com/1174212330,
1176388577,March 23 Meditation,Wisdom School 2026 - Pilgrimage / Meditation Mondays,,0:58:24,3504,2026-03-24,nobody,available,no,1080p,0.975,0.975,https://vimeo.com/1176388577,
1178586842,March 30th Meditation,Wisdom School 2026 - Pilgrimage / Meditation Mondays,,0:54:27,3267,2026-03-30,nobody,available,no,1080p,0.885,0.885,https://vimeo.com/1178586842,
1180570103,April 6th Meditation,Wisdom School 2026 - Pilgrimage / Meditation Mondays,,0:53:23,3203,2026-04-06,nobody,available,no,1080p,0.544,0.544,https://vimeo.com/1180570103,
1182759392,April 13 Meditation,Wisdom School 2026 - Pilgrimage / Meditation Mondays,,1:00:40,3640,2026-04-13,nobody,available,no,1080p,1.099,1.099,https://vimeo.com/1182759392,
1184957969,April 20th Meditation,Wisdom School 2026 - Pilgrimage / Meditation Mondays,,0:58:44,3524,2026-04-20,nobody,available,no,1080p,1.163,1.163,https://vimeo.com/1184957969,
1189204010,April 27 Meditation,Wisdom School 2026 - Pilgrimage / Meditation Mondays,,1:03:09,3789,2026-05-04,nobody,available,no,1080p,0.53,0.53,https://vimeo.com/1189204010,
1189196547,May 4th Meditation,Wisdom School 2026 - Pilgrimage / Meditation Mondays,,0:42:22,2542,2026-05-04,nobody,available,no,1080p,0.603,0.603,https://vimeo.com/1189196547,
1191271382,May 11th Meditation,Wisdom School 2026 - Pilgrimage / Meditation Mondays,,0:43:54,2634,2026-05-11,nobody,available,no,1080p,0.655,0.655,https://vimeo.com/1191271382,
1193628160,May 18th Meditation,Wisdom School 2026 - Pilgrimage / Meditation Mondays,,0:55:07,3307,2026-05-19,nobody,available,no,1080p,1.044,1.044,https://vimeo.com/1193628160,
1195722330,May 25th Meditation,Wisdom School 2026 - Pilgrimage / Meditation Mondays,,1:15:00,4500,2026-05-26,nobody,available,no,1080p,0.948,0.948,https://vimeo.com/1195722330,
1197512117,June 1st Meditation,Wisdom School 2026 - Pilgrimage / Meditation Mondays,,1:03:05,3785,2026-06-01,nobody,available,no,1080p,0.529,0.529,https://vimeo.com/1197512117,
1199796325,June 8th Meditation,Wisdom School 2026 - Pilgrimage / Meditation Mondays,,0:38:53,2333,2026-06-09,nobody,available,no,1080p,0.512,0.512,https://vimeo.com/1199796325,
1201549452,June 15th Meditation,Wisdom School 2026 - Pilgrimage / Meditation Mondays,,0:43:41,2621,2026-06-15,nobody,available,no,1080p,0.487,0.487,https://vimeo.com/1201549452,
1203604854,June 22nd Meditation,Wisdom School 2026 - Pilgrimage / Meditation Mondays,,0:57:24,3444,2026-06-22,nobody,available,no,1080p,0.797,0.797,https://vimeo.com/1203604854,
1213741279,July 20th Meditation,Wisdom School 2026 - Pilgrimage / Meditation Mondays,,1:00:23,3623,2026-07-28,nobody,available,no,1080p,1.248,1.248,https://vimeo.com/1213741279,
1213741280,July 27th Meditation,Wisdom School 2026 - Pilgrimage / Meditation Mondays,,0:59:41,3581,2026-07-28,nobody,available,no,1080p,0.42,0.42,https://vimeo.com/1213741280,
1215936981,August 3rd Meditation,Wisdom School 2026 - Pilgrimage / Meditation Mondays,,0:41:23,2483,2026-08-05,nobody,available,no,1080p,0.762,0.762,https://vimeo.com/1215936981,
1217379813,August 10th Meditation,Wisdom School 2026 - Pilgrimage / Meditation Mondays,,0:36:09,2169,2026-08-11,nobody,available,no,1080p,0.315,0.315,https://vimeo.com/1217379813,
1219261805,August 18th Meditation,Wisdom School 2026 - Pilgrimage / Meditation Mondays,,0:56:00,3360,2026-08-18,nobody,available,no,1080p,0.661,0.661,https://vimeo.com/1219261805,
1221229123,August 24th Meditation,Wisdom School 2026 - Pilgrimage / Meditation Mondays,,0:59:04,3544,2026-08-25,unlisted,available,no,1080p,0.47,0.47,https://vimeo.com/1221229123,
1223533033,August 31st Meditation,Wisdom School 2026 - Pilgrimage / Meditation Mondays,,1:00:35,3635,2026-09-03,unlisted,available,no,1080p,0.376,0.376,https://vimeo.com/1223533033,
1226805592,September 14th Meditation,Wisdom School 2026 - Pilgrimage / Meditation Mondays,,0:43:40,2620,2026-09-15,unlisted,available,no,1080p,0.236,0.236,https://vimeo.com/1226805592,
1176391516,"Working with Metaphor, Mantra, and Meditation (Workshop March 22)",Wisdom School 2026 - Pilgrimage / WS 2026 Weekend Workshops,,2:28:41,8921,2026-03-24,nobody,available,no,1080p,1.76,1.76,https://vimeo.com/1176391516,
1203239780,The Image as Portal Workshop,Wisdom School 2026 - Pilgrimage / WS 2026 Weekend Workshops,,2:16:48,8208,2026-06-21,nobody,available,no,1080p,1.206,1.206,https://vimeo.com/1203239780,
727512430,Hare Krishna kirtan.MP4,Yoga Classes,,0:00:25,25,2022-07-06,nobody,available,no,540p,0.006,0.0,https://vimeo.com/727512430,
731477537,C0001.MP4,Yoga Classes,,0:00:21,21,2022-07-19,nobody,available,no,1080p,0.007,0.007,https://vimeo.com/731477537,
731481629,C0002,Yoga Classes,,0:00:00,0,2022-07-19,nobody,uploading,no,none,0.0,0.0,https://vimeo.com/731481629,
1186771818,Lecture_1_-_For_Grounding_And_Embodiment_1st_Chakra_Spleen,Yoga for ecological grief,,0:25:04,1504,2026-04-26,nobody,available,no,720p,0.099,0.0,https://vimeo.com/1186771818,
1186772323,Lecture_2_-_For_Compassion_Equanimity_2nd_3rd_Chakras_Liver_Kidney,Yoga for ecological grief,,0:21:50,1310,2026-04-26,nobody,available,no,720p,0.087,0.0,https://vimeo.com/1186772323,
1186772527,Lecture_3_-_For_Loving-Kindness_Joy_4th_Chakra_Heart,Yoga for ecological grief,,0:26:23,1583,2026-04-26,nobody,available,no,720p,0.103,0.0,https://vimeo.com/1186772527,
1186773061,Lecture_4_-_For_Courage_Resilience_Higher_Chakras_Lung,Yoga for ecological grief,,0:35:30,2130,2026-04-26,nobody,available,no,720p,0.15,0.0,https://vimeo.com/1186773061,
1186773200,Yoga_For_Ecological_Grief_-_Opening_Meditation_Lecture,Yoga for ecological grief,,1:47:09,6429,2026-04-26,nobody,available,no,720p,0.382,0.0,https://vimeo.com/1186773200,
1186936931,Sequence_2_-_For_Compassion_Equanimity_2nd_3rd_Chakras_Liver_Kidneys,Yoga for ecological grief,,1:32:42,5562,2026-04-27,nobody,available,no,1080p,1.323,1.323,https://vimeo.com/1186936931,
1187256710,Sequence_1_-_For_Grounding_And_Embodiment_1st_Chakra_Spleen,Yoga for ecological grief,,1:23:32,5012,2026-04-28,nobody,available,no,1080p,1.547,1.547,https://vimeo.com/1187256710,
1187283454,Sequence_3_-_For_Loving-Kindness_Joy_4th_Chakra_Heart,Yoga for ecological grief,,1:41:27,6087,2026-04-28,nobody,available,no,1080p,1.841,1.841,https://vimeo.com/1187283454,
499845282,Upanishads Module 1,Yoga Phil. Cert,,1:58:13,7093,2021-01-13,disable,available,no,540p,0.485,0.0,https://vimeo.com/499845282,
539654408,Hatha Yoga Texts Module 1,Yoga Phil. Cert,,1:55:15,6915,2021-04-21,nobody,available,no,540p,0.539,0.0,https://vimeo.com/539654408,
542473386,Hatha Yoga Texts Module 2,Yoga Phil. Cert,,1:52:25,6745,2021-04-28,disable,available,no,540p,0.506,0.0,https://vimeo.com/542473386,
254982450,YR - Mark Singleton (final video),Yoga Reconsidered Conference,,1:07:48,4068,2018-02-09,unlisted,available,no,720p,0.504,0.0,https://vimeo.com/254982450,
255073838,YR Videos - Ruth Westoby (edited),Yoga Reconsidered Conference,,0:56:48,3408,2018-02-09,unlisted,available,no,720p,0.616,0.0,https://vimeo.com/255073838,
255632833,YR Videos - Seth Powell (edited),Yoga Reconsidered Conference,,1:28:16,5296,2018-02-13,unlisted,available,no,720p,0.548,0.0,https://vimeo.com/255632833,
255665138,YR Videos - Chris Chapple (edited),Yoga Reconsidered Conference,,1:35:37,5737,2018-02-14,unlisted,available,no,720p,1.556,0.0,https://vimeo.com/255665138,
255676413,YR Videos - Dagmar,Yoga Reconsidered Conference,,1:28:38,5318,2018-02-14,unlisted,available,no,720p,0.824,0.0,https://vimeo.com/255676413,
255673623,YR Videos - David Gordon White (edited),Yoga Reconsidered Conference,,1:25:23,5123,2018-02-14,unlisted,available,no,720p,0.711,0.0,https://vimeo.com/255673623,
255679787,YR Videos - Debashish (edited),Yoga Reconsidered Conference,,1:17:08,4628,2018-02-14,unlisted,available,no,720p,0.533,0.0,https://vimeo.com/255679787,
255733815,YR Videos - Jacqueline Hargreaves,Yoga Reconsidered Conference,,0:42:08,2528,2018-02-14,unlisted,available,no,720p,0.254,0.0,https://vimeo.com/255733815,
255788770,YR Videos - Philipp Maas (final),Yoga Reconsidered Conference,,0:51:44,3104,2018-02-14,unlisted,available,no,720p,0.255,0.0,https://vimeo.com/255788770,
255744585,YR Videos - Suzanne Newcombe,Yoga Reconsidered Conference,,0:58:32,3512,2018-02-14,unlisted,available,no,720p,0.758,0.0,https://vimeo.com/255744585,
255831016,YR Videos - Jason Birch (final),Yoga Reconsidered Conference,,1:13:19,4399,2018-02-15,unlisted,available,no,720p,0.31,0.0,https://vimeo.com/255831016,
256124826,YR Videos - Veena Howard (final),Yoga Reconsidered Conference,,1:01:31,3691,2018-02-16,unlisted,available,no,720p,0.291,0.0,https://vimeo.com/256124826,
256171476,YR Videos - Jacqueline Hargreaves (again),Yoga Reconsidered Conference,,0:38:58,2338,2018-02-17,unlisted,available,no,720p,0.231,0.0,https://vimeo.com/256171476,
256173341,YR Videos - James Mallinson (final),Yoga Reconsidered Conference,,1:21:22,4882,2018-02-17,unlisted,available,no,720p,1.027,0.0,https://vimeo.com/256173341,
1004462169,Yoga Trivia - Anekantavada 1,Yoga Trivia,,0:00:00,0,2024-08-30,nobody,uploading,no,none,0.0,0.0,https://vimeo.com/1004462169,
630431300,YP Integration Session #1,YP CERT 2021/22 / Integration Sessions & Immersion,,1:16:22,4582,2021-10-12,disable,available,no,540p,0.514,0.0,https://vimeo.com/630431300,
641233768,YP Integration Session 2,YP CERT 2021/22 / Integration Sessions & Immersion,,1:54:09,6849,2021-11-01,disable,available,no,540p,0.831,0.0,https://vimeo.com/641233768,
655803590,Integration Session #4: YP Cert Program,YP CERT 2021/22 / Integration Sessions & Immersion,,1:18:00,4680,2021-12-12,disable,available,no,540p,0.573,0.0,https://vimeo.com/655803590,
669152654,Integration Session #5: YP Cert Program,YP CERT 2021/22 / Integration Sessions & Immersion,,1:15:21,4521,2022-01-23,disable,available,no,540p,0.552,0.0,https://vimeo.com/669152654,
676723765,Integration Session #6,YP CERT 2021/22 / Integration Sessions & Immersion,,1:25:34,5134,2022-02-13,disable,available,no,540p,0.957,0.0,https://vimeo.com/676723765,
685101422,YP Integration Session #7,YP CERT 2021/22 / Integration Sessions & Immersion,,1:17:30,4650,2022-03-06,disable,available,no,540p,0.517,0.0,https://vimeo.com/685101422,
692661239,YP - Integration Session #8,YP CERT 2021/22 / Integration Sessions & Immersion,,1:27:18,5238,2022-03-26,disable,available,no,480p,0.37,0.0,https://vimeo.com/692661239,
701789458,Integration Session #9.mov,YP CERT 2021/22 / Integration Sessions & Immersion,,0:48:07,2887,2022-04-21,disable,available,no,360p,0.255,0.0,https://vimeo.com/701789458,
705056539,Integration session #10,YP CERT 2021/22 / Integration Sessions & Immersion,,1:20:59,4859,2022-05-01,disable,available,no,540p,0.492,0.0,https://vimeo.com/705056539,
712602420,Integration Session #11,YP CERT 2021/22 / Integration Sessions & Immersion,,1:40:31,6031,2022-05-22,disable,available,no,540p,0.508,0.0,https://vimeo.com/712602420,
723894132,Integration Session #12,YP CERT 2021/22 / Integration Sessions & Immersion,,1:52:36,6756,2022-06-24,disable,available,no,720p,0.746,0.0,https://vimeo.com/723894132,
724052621,immersion-friday-6-24-22.mov,YP CERT 2021/22 / Integration Sessions & Immersion,,4:29:48,16188,2022-06-25,disable,available,no,1440p,4.352,2.849,https://vimeo.com/724052621,
724089697,immersion-saturday-june-25.mov,YP CERT 2021/22 / Integration Sessions & Immersion,,5:15:17,18917,2022-06-25,disable,available,no,1440p,5.459,3.552,https://vimeo.com/724089697,
724046878,immersion-thursday-6-23-22.mov,YP CERT 2021/22 / Integration Sessions & Immersion,,2:17:06,8226,2022-06-25,disable,available,no,360p,0.548,0.0,https://vimeo.com/724046878,
724602366,immersion-sunday-6-27-22,YP CERT 2021/22 / Integration Sessions & Immersion,,3:01:01,10861,2022-06-27,disable,available,no,720p,1.326,0.0,https://vimeo.com/724602366,
611994720,Module 1: Intro to Philosophy,YP CERT 2021/22 / YP Trimester 1,,2:11:43,7903,2021-09-22,disable,available,no,540p,0.558,0.0,https://vimeo.com/611994720,
613053463,Module 2: Intro to Philosophy,YP CERT 2021/22 / YP Trimester 1,,2:02:35,7355,2021-09-23,disable,available,no,540p,0.558,0.0,https://vimeo.com/613053463,
617618353,Module 1: Intro to the Vedas,YP CERT 2021/22 / YP Trimester 1,,1:56:18,6978,2021-09-29,disable,available,no,540p,0.471,0.0,https://vimeo.com/617618353,
619660649,Module 2: Intro to the Vedas,YP CERT 2021/22 / YP Trimester 1,,2:00:51,7251,2021-10-01,disable,available,no,540p,0.514,0.0,https://vimeo.com/619660649,
624595188,Module 1: Yoga History,YP CERT 2021/22 / YP Trimester 1,,1:52:12,6732,2021-10-06,disable,available,no,540p,0.558,0.0,https://vimeo.com/624595188,
626849081,Module 2: Yoga History,YP CERT 2021/22 / YP Trimester 1,,1:54:27,6867,2021-10-08,disable,available,no,540p,0.602,0.0,https://vimeo.com/626849081,
631149822,Module 1: Yoga History,YP CERT 2021/22 / YP Trimester 1,,2:05:08,7508,2021-10-13,disable,available,no,540p,0.683,0.0,https://vimeo.com/631149822,
633225639,Module 4: Yoga History,YP CERT 2021/22 / YP Trimester 1,,2:00:31,7231,2021-10-15,disable,available,no,540p,0.541,0.0,https://vimeo.com/633225639,
637229814,Module 1: Sankhyakarika & The Sutras,YP CERT 2021/22 / YP Trimester 1,,2:53:59,10439,2021-10-20,disable,available,no,540p,1.454,0.0,https://vimeo.com/637229814,
638039238,Module 1: Upanishads,YP CERT 2021/22 / YP Trimester 1,,1:58:03,7083,2021-10-22,disable,available,no,540p,0.466,0.0,https://vimeo.com/638039238,
639677582,Module 2: Samkhyakarika & the Sutras,YP CERT 2021/22 / YP Trimester 1,,2:40:37,9637,2021-10-27,disable,available,no,540p,1.098,0.0,https://vimeo.com/639677582,
640469473,Module 2: Upanishads,YP CERT 2021/22 / YP Trimester 1,,1:52:51,6771,2021-10-29,disable,available,no,540p,0.419,0.0,https://vimeo.com/640469473,This video is about My Movie
641760945,Module 3: Samkhyakarika & the Yoga Sutras,YP CERT 2021/22 / YP Trimester 1,,2:38:52,9532,2021-11-03,disable,available,no,540p,1.159,0.0,https://vimeo.com/641760945,
641742444,Module 3: Upanishads,YP CERT 2021/22 / YP Trimester 1,,2:01:07,7267,2021-11-03,disable,available,no,540p,0.49,0.0,https://vimeo.com/641742444,This video is about My Movie
644202759,Module 4: Samkhyakarika & the Sutras,YP CERT 2021/22 / YP Trimester 1,,2:54:08,10448,2021-11-10,disable,available,no,540p,1.304,0.0,https://vimeo.com/644202759,
645383557,Module 4: Upanishads,YP CERT 2021/22 / YP Trimester 1,,1:51:34,6694,2021-11-12,disable,available,no,540p,0.453,0.0,https://vimeo.com/645383557,This video is about My Movie
646727007,Module 5: Samkhya & the Sutras,YP CERT 2021/22 / YP Trimester 1,,2:27:41,8861,2021-11-17,disable,available,no,360p,0.653,0.0,https://vimeo.com/646727007,
647885701,Module 1: Intro to Sanskrit,YP CERT 2021/22 / YP Trimester 1,,1:44:02,6242,2021-11-19,disable,available,no,540p,0.337,0.0,https://vimeo.com/647885701,
651838136,Module 6: Samkhyakarika & the Yoga Sutras,YP CERT 2021/22 / YP Trimester 1,,2:10:57,7857,2021-12-01,disable,available,no,540p,0.71,0.0,https://vimeo.com/651838136,
653024185,Module 2: Intro to Sanskrit,YP CERT 2021/22 / YP Trimester 1,,1:34:27,5667,2021-12-03,disable,available,no,540p,0.29,0.0,https://vimeo.com/653024185,
654378431,Module 7: the Samkhyakarika & the Yoga Sutras,YP CERT 2021/22 / YP Trimester 1,,2:32:02,9122,2021-12-08,disable,available,no,540p,1.002,0.0,https://vimeo.com/654378431,
655068052,Module 3: Intro to Sanskrit,YP CERT 2021/22 / YP Trimester 1,,1:15:38,4538,2021-12-09,disable,available,no,540p,0.281,0.0,https://vimeo.com/655068052,
656863283,Module  8: Samkhyakarika & the Yoga Sutras,YP CERT 2021/22 / YP Trimester 1,,2:36:11,9371,2021-12-15,disable,available,no,540p,1.128,0.0,https://vimeo.com/656863283,
657559213,Module 4: Intro to Sanskrit,YP CERT 2021/22 / YP Trimester 1,,1:56:57,7017,2021-12-16,disable,available,no,360p,0.212,0.0,https://vimeo.com/657559213,
678479897,Bonus Q&A: Samkhyakarika & the Yoga Sutras,YP CERT 2021/22 / YP Trimester 1,,1:10:52,4252,2022-02-17,disable,available,no,540p,0.926,0.0,https://vimeo.com/678479897,
506156696,Module 1: Advaita Vedanta,YP CERT 2021/22 / YP Trimester 2,,1:51:46,6706,2021-01-29,disable,available,no,540p,0.496,0.0,https://vimeo.com/506156696,
508874473,Module 2: Advaita Vedanta,YP CERT 2021/22 / YP Trimester 2,,1:42:00,6120,2021-02-05,disable,available,no,540p,0.987,0.0,https://vimeo.com/508874473,
536926861,Lalita Seminar,YP CERT 2021/22 / YP Trimester 2,,1:34:39,5679,2021-04-14,disable,available,no,540p,0.985,0.0,https://vimeo.com/536926861,
665089176,Module 1: Bhagavad Gita,YP CERT 2021/22 / YP Trimester 2,,1:43:14,6194,2022-01-12,disable,available,no,540p,0.553,0.0,https://vimeo.com/665089176,
665948753,Module 2: Bhagavad Gita,YP CERT 2021/22 / YP Trimester 2,,1:31:50,5510,2022-01-14,disable,available,no,540p,0.438,0.0,https://vimeo.com/665948753,
667618124,Module 3: Bhagavad Gita,YP CERT 2021/22 / YP Trimester 2,,1:35:48,5748,2022-01-19,disable,available,no,540p,0.468,0.0,https://vimeo.com/667618124,
668470757,Module 4: Bhagavad Gita,YP CERT 2021/22 / YP Trimester 2,,1:01:13,3673,2022-01-21,disable,available,no,720p,0.475,0.0,https://vimeo.com/668470757,
670117844,Module 1: Vaiṣṇava Bhakti,YP CERT 2021/22 / YP Trimester 2,,1:31:51,5511,2022-01-26,disable,available,no,540p,0.438,0.0,https://vimeo.com/670117844,
672634983,Module 2: Vaiṣṇava Bhakti,YP CERT 2021/22 / YP Trimester 2,,1:43:08,6188,2022-02-02,disable,available,no,540p,0.498,0.0,https://vimeo.com/672634983,
675653230,Module 1: Ayurveda,YP CERT 2021/22 / YP Trimester 2,,2:09:16,7756,2022-02-09,disable,available,no,540p,0.801,0.0,https://vimeo.com/675653230,This video is about My Movie
676133915,Module 1: Meditation,YP CERT 2021/22 / YP Trimester 2,,1:35:10,5710,2022-02-11,disable,available,no,480p,0.275,0.0,https://vimeo.com/676133915,
678766149,Module 2: Ayurveda,YP CERT 2021/22 / YP Trimester 2,,2:31:08,9068,2022-02-17,disable,available,no,540p,0.935,0.0,https://vimeo.com/678766149,This video is about My Movie
678986329,Module 2: Meditation,YP CERT 2021/22 / YP Trimester 2,,1:28:19,5299,2022-02-18,disable,available,no,480p,0.251,0.0,https://vimeo.com/678986329,
680716727,Module 1: Yoga History 2,YP CERT 2021/22 / YP Trimester 2,,2:00:51,7251,2022-02-23,disable,available,no,540p,0.635,0.0,https://vimeo.com/680716727,
681760185,Module 2: Yoga History 2,YP CERT 2021/22 / YP Trimester 2,,1:50:32,6632,2022-02-25,disable,available,no,540p,0.534,0.0,https://vimeo.com/681760185,
683649240,Module 3: Yoga History 2,YP CERT 2021/22 / YP Trimester 2,,2:06:51,7611,2022-03-02,disable,available,no,540p,0.696,0.0,https://vimeo.com/683649240,
684523295,Module 4: Yoga History 2,YP CERT 2021/22 / YP Trimester 2,,2:07:16,7636,2022-03-04,disable,available,no,540p,0.708,0.0,https://vimeo.com/684523295,
686186081,Module 1: Śiva Sūtras,YP CERT 2021/22 / YP Trimester 2,,2:01:24,7284,2022-03-09,disable,available,no,720p,0.704,0.0,https://vimeo.com/686186081,
687000715,Module 1: Śaiva Tantra,YP CERT 2021/22 / YP Trimester 2,,1:37:20,5840,2022-03-11,disable,available,no,540p,0.555,0.0,https://vimeo.com/687000715,
688686217,Module 2: Śiva Sūtras,YP CERT 2021/22 / YP Trimester 2,,1:58:44,7124,2022-03-16,disable,available,no,720p,0.641,0.0,https://vimeo.com/688686217,
689778809,Module 2: Shaiva Tantra,YP CERT 2021/22 / YP Trimester 2,,1:30:14,5414,2022-03-18,disable,available,no,540p,0.436,0.0,https://vimeo.com/689778809,
692112808,Module 3: Shaiva Tantra,YP CERT 2021/22 / YP Trimester 2,,1:29:32,5372,2022-03-25,disable,available,no,540p,0.489,0.0,https://vimeo.com/692112808,
692096926,Module 3: Śiva Sūtras,YP CERT 2021/22 / YP Trimester 2,,1:55:15,6915,2022-03-25,disable,available,no,720p,0.501,0.0,https://vimeo.com/692096926,
421161306,Module 2: Yoga & Contemplative Science,YP CERT 2021/22 / YP Trimester 3,,1:09:40,4180,2020-05-21,disable,available,no,540p,0.234,0.0,https://vimeo.com/421161306,
696409962,Module 1: Puranas and Poetry,YP CERT 2021/22 / YP Trimester 3,,1:29:21,5361,2022-04-06,disable,available,no,540p,0.34,0.0,https://vimeo.com/696409962,
697299757,Module 1: Shakta Tantra,YP CERT 2021/22 / YP Trimester 3,,1:30:12,5412,2022-04-08,disable,available,no,540p,0.616,0.0,https://vimeo.com/697299757,
698502166,Module 2: Shakta Tantra,YP CERT 2021/22 / YP Trimester 3,,1:28:43,5323,2022-04-12,disable,available,no,540p,0.568,0.0,https://vimeo.com/698502166,
698883729,Module 2: Puranas and Poetry,YP CERT 2021/22 / YP Trimester 3,,1:30:01,5401,2022-04-13,disable,available,no,540p,0.439,0.0,https://vimeo.com/698883729,
701140768,Module 1: Hatha Yoga Texts,YP CERT 2021/22 / YP Trimester 3,,1:30:58,5458,2022-04-20,disable,available,no,540p,0.392,0.0,https://vimeo.com/701140768,
701937789,Module 1: Hatha Yoga,YP CERT 2021/22 / YP Trimester 3,,2:00:34,7234,2022-04-22,disable,available,no,540p,0.526,0.0,https://vimeo.com/701937789,
703601123,Module 2: Hatha Yoga Texts,YP CERT 2021/22 / YP Trimester 3,,1:32:04,5524,2022-04-27,disable,available,no,540p,0.416,0.0,https://vimeo.com/703601123,
704460010,Module 2: Hatha Yoga,YP CERT 2021/22 / YP Trimester 3,,2:08:14,7694,2022-04-29,disable,available,no,540p,0.604,0.0,https://vimeo.com/704460010,
706017137,Module 1: Yoga History 3,YP CERT 2021/22 / YP Trimester 3,,2:15:30,8130,2022-05-04,disable,available,no,540p,0.723,0.0,https://vimeo.com/706017137,
706861222,Module 2: Yoga History 3,YP CERT 2021/22 / YP Trimester 3,,2:15:49,8149,2022-05-06,disable,available,no,540p,0.778,0.0,https://vimeo.com/706861222,
707977039,Module 1: Yoga & Contemplative Science,YP CERT 2021/22 / YP Trimester 3,,1:26:38,5198,2022-05-09,disable,available,no,720p,0.446,0.0,https://vimeo.com/707977039,
708575065,Module 3: Yoga History 3,YP CERT 2021/22 / YP Trimester 3,,1:58:54,7134,2022-05-11,disable,available,no,540p,0.576,0.0,https://vimeo.com/708575065,
709339244,Module 4: Yoga History 3,YP CERT 2021/22 / YP Trimester 3,,2:21:46,8506,2022-05-13,disable,available,no,480p,0.505,0.0,https://vimeo.com/709339244,
711153842,Module 1: Modern Sages,YP CERT 2021/22 / YP Trimester 3,,1:31:08,5468,2022-05-18,disable,available,no,540p,0.342,0.0,https://vimeo.com/711153842,
711884854,Module 1: Yoga & Buddhism,YP CERT 2021/22 / YP Trimester 3,,1:30:38,5438,2022-05-20,disable,available,no,480p,0.374,0.0,https://vimeo.com/711884854,
713617154,Module 1: Modern Sages,YP CERT 2021/22 / YP Trimester 3,,1:37:42,5862,2022-05-25,disable,available,no,540p,0.405,0.0,https://vimeo.com/713617154,
714314820,Module 2: Yoga & Buddhism,YP CERT 2021/22 / YP Trimester 3,,1:35:54,5754,2022-05-27,disable,available,no,480p,0.365,0.0,https://vimeo.com/714314820,
715949304,Module 1: Ethical Questions,YP CERT 2021/22 / YP Trimester 3,,1:53:59,6839,2022-06-01,disable,available,no,540p,0.501,0.0,https://vimeo.com/715949304,
716717146,"Module 1: Meditation, Mind & Indian Philosophy",YP CERT 2021/22 / YP Trimester 3,,1:40:12,6012,2022-06-03,disable,available,no,540p,0.564,0.0,https://vimeo.com/716717146,
718225007,Module 2: Ethical Questions,YP CERT 2021/22 / YP Trimester 3,,2:08:03,7683,2022-06-08,disable,available,no,540p,0.581,0.0,https://vimeo.com/718225007,
719040027,Module 2: Mind Body Meditation,YP CERT 2021/22 / YP Trimester 3,,1:55:22,6922,2022-06-10,disable,available,no,540p,0.623,0.0,https://vimeo.com/719040027,
938807074,Śaiva Tantra - Module 1,Śaiva Tantra 2024 WS Course,,1:03:23,3803,2024-04-24,disable,available,no,720p,0.332,0.0,https://vimeo.com/938807074,
938806315,Śaiva Tantra - Module 2,Śaiva Tantra 2024 WS Course,,0:59:49,3589,2024-04-24,disable,available,no,720p,0.302,0.0,https://vimeo.com/938806315,
938805833,Śaiva Tantra - Module 3,Śaiva Tantra 2024 WS Course,,0:38:42,2322,2024-04-24,disable,available,no,720p,0.178,0.0,https://vimeo.com/938805833,
1178627567,Module_1_Siva_Sutras,Śiva Sūtras,,1:58:44,7124,2026-03-30,nobody,available,no,720p,0.645,0.0,https://vimeo.com/1178627567,
1178628492,Module_2_Siva_Sutras,Śiva Sūtras,,2:01:24,7284,2026-03-30,nobody,available,no,720p,0.708,0.0,https://vimeo.com/1178628492,
1178628934,Module_3_Siva_Sutras,Śiva Sūtras,,1:55:16,6916,2026-03-30,nobody,available,no,720p,0.503,0.0,https://vimeo.com/1178628934,
